Unnamed: 0,Acc_no,Analysis,Array_type,Cell_line,CO2,Control_condition,Control_gene_down,Control_gene_up,Control_PD,Control_specifics,Control_subtype,Control_time,Control_type,Disease,ENA_acc,FBS,Gene,Gene_down,Gene_up,Immortal_line,Immortal_mechanism,LogFC,MegaP,numeric_time,Organ,Oxygen,P_S,PD,Pre_SASP_t,Pvalues,Quiesce_inducer,Radiation_dose,Replicates,RNAseq_Microarray,Sen_subtype,Sen_type,SENvCON,Seq_platform,Single_Paired,Species,Spot_length,Study,Subtype_subtype,Time_after_induction,Treatment,Treatment_dose,X,X1or2_colour,Comparison,cellage_gene_name,cellage_senescence_effect,cellage_senescence_type,cellage_pmid,direction
1612662,GSE122918,Limma,Affymetrix_HTA2_0,WI38,,RAS,ETS1,none,,R144_siETS1,RAS,6d,OIS,none,PRJNA506911,,FASTK,RELA,none,No,,-0.025,-1.792879,6.0,Lung,,,,No,0.5577621,,,4,M,RAS,OIS,No,,,human,,bischof_2,ER:RASv12,6d,siRELA1,20uM,R144relA1_R144ets11,1,bischof_2_R144relA1_R144ets11,Fas activated serine/threonine kinase,Induces,Unclear,26583757,no_change
5734193,GSE122079,Limma,,IMR,,RAS,none,none,14.0,RAS_EV16h,RAS,6d,OIS,none,PRJNA503415,10.00%,EP300,IONpump,none,No,,2.215393,168679.8,6.0,Lung,,,14.0,No,5.928393e-06,,,3,R,RAS,OIS,No,Illumina_HiSeq_2500,Single,Human,50,herranz_2,ER_RAS,6d,digoxin,none,RASdig16_RAS16,,herranz_2_RASdig16_RAS16,E1A binding protein p300,Induces,Replicative,30773298,upregulated
9690494,GSE74324,Limma,,IMR,,RAS,none,none,,RASshC,RAS,12d,OIS,none,PRJNA299683,10.00%,TRDMT1,p53,none,No,,1.224878,2114.493,12.0,Lung,,,,No,0.0004729266,,,3,R,RAS,OIS,No,Illumina_HiSeq_2500,Single,Human,100,tasdemir,HRASG12V,12d,shp53,none,RASshp53_RAS,,tasdemir_RASshp53_RAS,tRNA aspartic acid methyltransferase 1,Inhibits,Replicative,28843151,upregulated
188044,GSE103938,Limma,,IMR,,RAS,none,none,12.0,RAS10d,RAS,10d,OIS,none,PRJNA407729,,CTSB,mTOR,none,No,,-2.64611010275006,-234515719.362835,10.0,Lung,,,12.0,No,4.2641064859828606e-09,,,3,R,OSKM,OSKM,No,Illumina_HiSeq_2500,Single,Human,50,aarts_1,OSKM,10d,rapamycin,1nM,OSKM1nMRap_R,,aarts_1_OSKM1nMRap_R,cathepsin B,Inhibits,Unclear,30352807,downregulated
2579427,GSE134747,Limma,Illumina_HT12V4,BJ,,OIS,none,none,,BRAF_48h_DMSO_2h,RAF,2d,OIS,none,PRJNA556258,,ILF3,none,GR,Yes,hTERT,-10.54592,-29.24458,2.0,Skin,,,,Yes,0.03419437,,1000ng_ml,4,M,RAF,OIS,No,,,human,,carvalho_1,BRAF_doxycycline,2d,clobetasol,2nM_2h,O48Clob2_O48DMSO2,1,carvalho_1_O48Clob2_O48DMSO2,interleukin enhancer binding factor 3,Inhibits,Unclear,23117626,downregulated
8071051,GSE24810,Limma,Affymetrix_U133A,HMF3A,5%,OIS,none,none,,Inactive_SV40LT_EV,SV40,7d,OIS,none,PRJNA132307,0.25%,ARF1,none,E1A,Yes,hTERT_SV40_LT,-0.1914953,-410.4191,7.0,Skin,20%,Yes,,No,0.002436534,,,3,M,,,No,,,Human,,parmjit_1,,7d,Ad5_E1A_12S,none,ISVe1a_SSVev,1,parmjit_1_ISVe1a_SSVev,ADP ribosylation factor 1,Induces,Oncogene-induced,29420297,no_change
6718725,GSE53379,Limma,Illumin_HWG6V3,IMR,,DDISshp53,p53,none,,Quiesce1dEtopshp53,Etoposide,7d,DDIS,none,PRJNA231867,10.00%,SPOP,p53,E1A,No,,0.1889481,16.41049,,Lung,5.00%,Yes,,No,0.06093664,,,3,M,,,No,,,Human,,kirschner_1,,,shp53,none,Ishp53_QD24shp53,1,kirschner_1_Ishp53_QD24shp53,speckle type BTB/POZ protein,Induces,Oncogene-induced,26527005,no_change
17862010,GSE190998,Limma,,WI38,5%,Prolif,none,none,,Prolif_siCtrl,Etoposide,8d,DDIS,none,PRJNA789266,10%,MCM7,BDNF,none,No,,-2.09295658407953,-80469949158.4962,8.0,Lung,,0.50%,,No,1.2426999276840199e-11,,50uM,3,R,Etoposide,DDIS,No,Illumina_NovaSeq6000,Paired,Human,204,Anerillas_2,Etoposide,8d,siBDNF,none,DB_P,,Anerillas_2_DB_P,minichromosome maintenance complex component 7,Inhibits,Unclear,32264951,downregulated
10428910,GSE133292,Limma,,BJ,,Bleomycin,none,none,,Bleomycin12d,Bleomycin,12d,DDIS,none,PRJNA551006,10.00%,NF1,p53,none,No,,0.1328506,2.29313,28.0,Skin,,,,No,0.4360852,,40ugml_2hr,2,R,Bleomycin,DDIS,No,Illumina_HiSeq_2500,Paired,Human,250,wang_2,Bleomycin,28d,sgp53,none,Bshp53_B12d,,wang_2_Bshp53_B12d,neurofibromin 1,Inhibits,Oncogene-induced,25824590,no_change
9721049,GSE74324,Limma,,IMR,,RAS,none,none,,RASshC,RAS,12d,OIS,none,PRJNA299683,10.00%,HAUS4,p16_p21,none,No,,1.848979,3527191826.0,12.0,Lung,,,,No,2.835117e-10,,,3,R,RAS,OIS,No,Illumina_HiSeq_2500,Single,Human,100,tasdemir,HRASG12V,12d,shp16p21,none,RASshp16p21_RAS,,tasdemir_RASshp16p21_RAS,HAUS augmin like complex subunit 4,Inhibits,Unclear,32264951,upregulated
502920,GSE40349,Limma,Affymetrix_U133A,IMR,,RAS,none,none,,RASshLuc,RAS,7d,OIS,none,PRJNA173792,10%,PPM1D,pRb,none,No,,1.069274,22642.62,7.0,Lung,,,,No,4.41645e-05,,,2,M,RAS,OIS,No,,,Human,,aksoy_1,ER:RasV12,7d,shpRb,none,SshRB_R,1,aksoy_1_SshRB_R,"protein phosphatase, Mg2+/Mn2+ dependent 1D",Inhibits,Unclear,19544416,upregulated
5807827,GSE122079,Limma,,IMR,,RAS_ouabain,IONpump,none,14.0,RAS16h_ouab,RAS,6d,OIS,none,PRJNA503415,10.00%,DDAH2,IONpump,none,No,,-0.1298123,-1.885598,6.0,Lung,,,14.0,No,0.5303358,,,3,R,RAS,OIS,No,Illumina_HiSeq_2500,Single,Human,50,herranz_2,ER_RAS,6d,digoxin,none,RASdig16_RASouab16,,herranz_2_RASdig16_RASouab16,dimethylarginine dimethylaminohydrolase 2,Inhibits,Unclear,24764313,no_change
2541212,GSE134747,Limma,Illumina_HT12V4,BJ,,OIS,none,GR,,BRAF_122_Clob_122h,RAF,5d,OIS,none,PRJNA556258,,FOS,RELA,none,Yes,hTERT,-2.062786,-1.101806,1.0,Skin,,,,Yes,0.907601,,1000ng_ml,3,M,RAF,OIS,No,,,human,,carvalho_1,BRAF_doxycycline,1d,compoundA,2uM_2h,O24CpdA2_O122Clob122,1,carvalho_1_O24CpdA2_O122Clob122,"Fos proto-oncogene, AP-1 transcription factor subunit",Inhibits,Unclear,1560044,no_change
525252,GSE40349,Limma,Affymetrix_U133A,IMR,,RAS,none,none,,RASshLuc,RAS,7d,OIS,none,PRJNA173792,10%,LIMA1,pRb_E2F7,none,No,,-0.07296942,-1.530594,7.0,Lung,,,,No,0.6533412,,,2,M,RAS,OIS,No,,,Human,,aksoy_1,ER:RasV12,7d,shpRb_shE2F7,none,SshRBE2F7_R,1,aksoy_1_SshRBE2F7_R,LIM domain and actin binding 1,Inhibits,Replicative,26206181,no_change
10908719,GSE153921,Limma,,IMR,,OIS,none,none,,RAS_100nM4OHT,RAS,5d,OIS,none,PRJNA644552,10.00%,SAT2,XPO7,none,No,,0.1229133,2.583558,5.0,Lung,,,,No,0.3870631,,100nM4OHT_d2,3,R,RAS,OIS,No,Illumina_HiSeq_2500,Single,Human,50,innes_2,ER_RAS,5d,shXPO7,none,OXKD_O,,innes_2_OXKD_O,spermidine/spermine N1-acetyltransferase family member 2,Inhibits,Unclear,26611489,no_change
2542947,GSE134747,Limma,Illumina_HT12V4,BJ,,OIS,none,GR,,BRAF_122_Clob_122h,RAF,5d,OIS,none,PRJNA556258,,LMNA,RELA,none,Yes,hTERT,-24.44685,-125.5877,1.0,Skin,,,,Yes,0.007962563,,1000ng_ml,3,M,RAF,OIS,No,,,human,,carvalho_1,BRAF_doxycycline,1d,compoundA,2uM_2h,O24CpdA2_O122Clob122,1,carvalho_1_O24CpdA2_O122Clob122,lamin A/C,Unclear,Unclear,28483909,downregulated
10430187,GSE133292,Limma,,BJ,,Bleomycin,none,none,,Bleomycin12d,Bleomycin,12d,DDIS,none,PRJNA551006,10.00%,PRKAA2,p53,none,No,,-0.3208524,-5.614633,28.0,Skin,,,,No,0.178106,,40ugml_2hr,2,R,Bleomycin,DDIS,No,Illumina_HiSeq_2500,Paired,Human,250,wang_2,Bleomycin,28d,sgp53,none,Bshp53_B12d,,wang_2_Bshp53_B12d,protein kinase AMP-activated catalytic subunit alpha 2,Inhibits,Stress-induced,26890602,no_change
17864211,GSE190998,Limma,,WI38,5%,Prolif,none,none,,Prolif_siCtrl,Etoposide,8d,DDIS,none,PRJNA789266,10%,MCU,BDNF,none,No,,-0.259561987943645,-10308.5019143986,8.0,Lung,,0.50%,,No,9.70073060376727e-05,,50uM,3,R,Etoposide,DDIS,No,Illumina_NovaSeq6000,Paired,Human,204,Anerillas_2,Etoposide,8d,siBDNF,none,DB_P,,Anerillas_2_DB_P,mitochondrial calcium uniporter,Induces,Oncogene-induced,24797322,no_change
5753316,GSE122079,Limma,,IMR,,RAS,none,none,14.0,RAS_EV36h,RAS,7d,OIS,none,PRJNA503415,10.00%,SRSF3,IONpump,none,No,,0.4898086,2057.648,7.0,Lung,,,14.0,No,0.0004859919,,,3,R,RAS,OIS,No,Illumina_HiSeq_2500,Single,Human,50,herranz_2,ER_RAS,7d,digoxin,none,RASdig36_RAS36,,herranz_2_RASdig36_RAS36,serine and arginine rich splicing factor 3,Inhibits,Replicative,22777358,no_change
5752229,GSE122079,Limma,,IMR,,RAS,none,none,14.0,RAS_EV36h,RAS,7d,OIS,none,PRJNA503415,10.00%,RPTOR,IONpump,none,No,,-0.9460477,-192.5946,7.0,Lung,,,14.0,No,0.005192254,,,3,R,RAS,OIS,No,Illumina_HiSeq_2500,Single,Human,50,herranz_2,ER_RAS,7d,digoxin,none,RASdig36_RAS36,,herranz_2_RASdig36_RAS36,regulatory associated protein of MTOR complex 1,Induces,Unclear,28888905,no_change
10283059,GSE140961,Limma,,Tig3,,Dox,none,none,,Dox10d,Dox,,DDIS,none,PRJNA591563,,SIRT6,BRD4,none,No,,-0.2592935,-1.877607,12.0,Lung,,Yes,,No,0.5325928,,250ng/ml10d,3,R,Doxorubicin,DDIS,No,Illumina_HiSeq_2500,Single,Human,75,wakita,Dox,12d,ARV825,10nM_2d,DA_D,,wakita_DA_D,sirtuin 6,Inhibits,Replicative,25819580,no_change
2740067,GSE134747,Limma,Illumina_HT12V4,BJ,,OIS,none,GR,,BRAF_24h_Clob_2h,RAF,1d,OIS,none,PRJNA556258,,HNRNPAB,none,GR,Yes,hTERT,-8.916287,-36.36021,2.0,Skin,,,,Yes,0.02750259,,1000ng_ml,4,M,RAF,OIS,No,,,human,,carvalho_1,BRAF_doxycycline,2d,clobetasol,2nM_2h,O48Clob2_O24Clob2,1,carvalho_1_O48Clob2_O24Clob2,heterogeneous nuclear ribonucleoprotein A/B,Inhibits,Unclear,32264951,downregulated
4260718,GSE101766,Limma,,IMR,,RAS,none,none,14.0,RAS_shC,RAS,6d,OIS,none,PRJNA395386,,DICER1,IL15,none,No,,0.0,0.0,6.0,Lung,,,14.0,No,1.0,,,3,R,RAS,OIS,No,Illumina_HiSeq_2500,Single,Human,50,georgilis_1,ER_RAS,6d,IL15,none,IL15_RASc,,georgilis_1_IL15_RASc,"dicer 1, ribonuclease III",Inhibits,Stress-induced,26990999,no_change
5395862,GSE127116,Limma,,IMR,,RAS_siLTR2,LTR2,none,,RASd8_siLTR2,RAS,8d,OIS,none,PRJNA524181,10.00%,VDR,LTR10,none,No,,-0.1774152,-3.693005,8.0,Lung,,,,No,0.2707822,,,3,R,RAS,OIS,No,IonXpress,Single,Human,110,hari,ER:RAS,8d,siLTR10,none,R8siLTR10_R8siLTR2,,hari_R8siLTR10_R8siLTR2,vitamin D receptor,Inhibits,Oncogene-induced,27041576,no_change
9899369,GSE74324,Limma,,IMR,,RASwJQ1,BRD4,none,,RASwJQ1,RAS,12d,OIS,none,PRJNA299683,10.00%,SLC13A3,BRD4,none,No,,-1.068973,-5230.863,12.0,Lung,,,,No,0.000191173,,,3,R,RAS,OIS,No,Illumina_HiSeq_2500,Single,Human,100,tasdemir,HRASG12V,12d,shBRD4,none,RASshBRD4_RASwJQ1,,tasdemir_RASshBRD4_RASwJQ1,solute carrier family 13 member 3,Induces,Stress-induced,25384549,downregulated
162691,GSE103938,Limma,,IMR,,RAS_Rap1nM,mTOR,none,12.0,RAS_Rap1nM,RAS,10d,OIS,none,PRJNA407729,,CDKN2AIP,mTOR,none,No,,0.101143799139126,1.19982679889372,10.0,Lung,,,12.0,No,0.833453629242185,,,3,R,OSKM,OSKM,No,Illumina_HiSeq_2500,Single,Human,50,aarts_1,OSKM,10d,rapamycin,1nM,OSKM1nMRap_R1nMRap,,aarts_1_OSKM1nMRap_R1nMRap,CDKN2A interacting protein,Induces,Replicative,19001376,no_change
11738664,GSE178115,Limma,Agilent,HDF,,REP,ROCK_ATM,none,,REP_15d,REP,15d,REP,none,PRJNA737497,10%,PAK4,none,none,No,,-30.5,-260.7509,15.0,Skin,,,,No,0.003835077,,,3,M,REP,REP,No,,,Human,,Yang,REP,15d,Y27632_KU60019,2.5uM_0.5uM,R15dCOMBOi_R15d,1,Yang_R15dCOMBOi_R15d,p21 (RAC1) activated kinase 4,Induces,Unclear,26583757,downregulated
6694883,GSE53379,Limma,Illumin_HWG6V3,IMR,,DDISshp53,p53,none,,Quiesce1dEtopshp53,Etoposide,7d,DDIS,none,PRJNA231867,10.00%,TNFSF15,p53,none,No,,1.64111,3.85877e+18,7.0,Lung,5.00%,Yes,,No,2.5914989999999996e-19,,10dPuromycin,3,M,RAS,OIS,No,,,Human,,kirschner_1,H-RASG12V,7d,shp53,none,Rshp53_QD24shp53,1,kirschner_1_Rshp53_QD24shp53,TNF superfamily member 15,Induces,Replicative,20675618,upregulated
5871677,GSE122079,Limma,,IMR,,RAS_digoxin,IONpump,none,14.0,RAS16h_dig,RAS,7d,OIS,none,PRJNA503415,10.00%,HMGA2,IONpump,none,No,,-0.9109502,-25105425.0,7.0,Lung,,,14.0,No,3.983203e-08,,,3,R,RAS,OIS,No,Illumina_HiSeq_2500,Single,Human,50,herranz_2,ER_RAS,7d,digoxin_caspase_inhibitor,none,RASdig36CI_RASdig16,,herranz_2_RASdig36CI_RASdig16,high mobility group AT-hook 2,Induces,Oncogene-induced,16901784,no_change
4347279,GSE101766,Limma,,IMR,,RAS,none,none,14.0,RAS_shC,RAS,6d,OIS,none,PRJNA395386,,DEK,MAP3K6,none,No,,0.4302457,7.298214,6.0,Lung,,,14.0,No,0.1370198,,,3,R,RAS,OIS,No,Illumina_HiSeq_2500,Single,Human,50,georgilis_1,ER_RAS,6d,MAP3K6,none,MAP3K6_RASc,,georgilis_1_MAP3K6_RASc,DEK proto-oncogene,Inhibits,Replicative,16254365,no_change
9744031,GSE74324,Limma,,IMR,,RAS,none,none,,RASshCwDMSO,RAS,12d,OIS,none,PRJNA299683,10.00%,DDAH2,BRD4,none,No,,1.998846,1.102091e+23,12.0,Lung,,,,No,9.073662999999999e-24,,,3,R,RAS,OIS,No,Illumina_HiSeq_2500,Single,Human,100,tasdemir,HRASG12V,12d,JQ1,100nM_48h,RASwJQ1_RASwDMSO,,tasdemir_RASwJQ1_RASwDMSO,dimethylarginine dimethylaminohydrolase 2,Inhibits,Unclear,24764313,upregulated
10250795,GSE132369,Limma,,IMR,5.00%,IR_Parkin,none,Parkin,,IR_Parkin,IR,10d,DDIS,Parkin,PRJNA547764,10.00%,CENPA,mitochondrial,Parkin,No,,-1.013926,-100076.1,10.0,Lung,3.00%,Yes,,No,9.992396e-06,,20Gy,3,R,IR,DDIS,No,NextSeq_500,Paired,Human,71,vizioli,Xrays,10d,CCCP,48h12.5uMCCCP2daIR,ICP_IP,,vizioli_ICP_IP,centromere protein A,Inhibits,Unclear,20160010,downregulated
5357059,GSE127116,Limma,,IMR,,RAS_siLTR2,LTR2,none,,RASd8_siLTR2,RAS,8d,OIS,none,PRJNA524181,10.00%,SOD2,LTR2,none,No,,1.667989,381986.9,8.0,Lung,,,,No,2.617891e-06,,,3,R,RAS,OIS,No,IonXpress,Single,Human,110,hari,ER:RAS,8d,siLTR2,none,R8siLTR2_R5siLTR2,,hari_R8siLTR2_R5siLTR2,superoxide dismutase 2,Induces,Unclear,12592389,upregulated
5785030,GSE122079,Limma,,IMR,,RAS,none,none,14.0,RAS_EV36h,RAS,7d,OIS,none,PRJNA503415,10.00%,HMGA1,IONpump,none,No,,-1.046443,-57233522196.0,7.0,Lung,,,14.0,No,1.747228e-11,,,3,R,RAS,OIS,No,Illumina_HiSeq_2500,Single,Human,50,herranz_2,ER_RAS,7d,ouabain,none,RASouab36_RAS36,,herranz_2_RASouab36_RAS36,high mobility group AT-hook 1,Induces,Oncogene-induced,16901784,downregulated
5858987,GSE122079,Limma,,IMR,,RAS_digoxin,IONpump,none,14.0,RAS16h_dig,RAS,7d,OIS,none,PRJNA503415,10.00%,GRK6,IONpump,none,No,,-1.117932,-952530.2,7.0,Lung,,,14.0,No,1.049835e-06,,,3,R,RAS,OIS,No,Illumina_HiSeq_2500,Single,Human,50,herranz_2,ER_RAS,7d,digoxin,none,RASdig36_RASdig16,,herranz_2_RASdig36_RASdig16,G protein-coupled receptor kinase 6,Induces,Unclear,26583757,downregulated
4266179,GSE101766,Limma,,IMR,,RAS,none,none,14.0,RAS_shC,RAS,6d,OIS,none,PRJNA395386,,PTTG1,IL15,none,No,,-1.73159,-1208059430.0,6.0,Lung,,,14.0,No,8.277738e-10,,,3,R,RAS,OIS,No,Illumina_HiSeq_2500,Single,Human,50,georgilis_1,ER_RAS,6d,IL15,none,IL15_RASc,,georgilis_1_IL15_RASc,"PTTG1 regulator of sister chromatid separation, securin",Induces,Unclear,20452981,downregulated
8386003,GSE24810,Limma,Affymetrix_U133A,HMF3A,5%,OISe2fkd,E2F,none,,Active_SV40LT_e2fkd,SV40,7d,OIS,none,PRJNA132307,0.25%,MORC3,p53,none,Yes,hTERT_SV40_LT,-0.288308,-23.70977,7.0,Skin,20%,Yes,,No,0.0421767,,,3,M,SV40,OIS,No,,,Human,,parmjit_1,SV40_LT,7d,shp53,none,SSVp53sh_SSVe2f,1,parmjit_1_SSVp53sh_SSVe2f,MORC family CW-type zinc finger 3,Induces,Unclear,17332504,no_change
25620431,GSE224071,Limma,,IMR,5%,OIS,none,none,,RAS_100nM4OHT,RAS,10d,OIS,none,PRJNA929514,10%,LIN54,none,none,No,,0.272468653878866,2.79784156096779,10.0,Lung,,Yes,,No,0.357418380636999,,100nM_4OHT_7days,3,R,RAS,OIS,No,NextSeq_2000,Single,Human,71,McHugh_2,RAS,10d,IMP1088,300nM,OIMP_O,,McHugh_2_OIMP_O,lin-54 DREAM MuvB core complex component,Inhibits,Oncogene-induced,21860417,no_change
4264033,GSE101766,Limma,,IMR,,RAS,none,none,14.0,RAS_shC,RAS,6d,OIS,none,PRJNA395386,,MIF,IL15,none,No,,-1.118988,-2040511.0,6.0,Lung,,,14.0,No,4.900732e-07,,,3,R,RAS,OIS,No,Illumina_HiSeq_2500,Single,Human,50,georgilis_1,ER_RAS,6d,IL15,none,IL15_RASc,,georgilis_1_IL15_RASc,macrophage migration inhibitory factor,Inhibits,Stress-induced,24274936,downregulated
9673027,GSE74324,Limma,,IMR,,RAS,none,none,,RASshC,RAS,12d,OIS,none,PRJNA299683,10.00%,MCAM,none,none,No,,-0.6107052,-2371246.0,12.0,Lung,,,,No,4.217193e-07,,,3,R,RAS,OIS,No,Illumina_HiSeq_2500,Single,Human,100,tasdemir,HRASG12V,12d,DMSO,100nM_48h,RASwDMSO_RAS,,tasdemir_RASwDMSO_RAS,melanoma cell adhesion molecule,Inhibits,Replicative,26941359,no_change
2581235,GSE134747,Limma,Illumina_HT12V4,BJ,,OIS,none,none,,BRAF_48h_DMSO_2h,RAF,2d,OIS,none,PRJNA556258,,NEK4,none,GR,Yes,hTERT,10.26661,43.25917,2.0,Skin,,,,Yes,0.02311649,,1000ng_ml,4,M,RAF,OIS,No,,,human,,carvalho_1,BRAF_doxycycline,2d,clobetasol,2nM_2h,O48Clob2_O48DMSO2,1,carvalho_1_O48Clob2_O48DMSO2,NIMA related kinase 4,Induces,Replicative,22851694,upregulated
18242191,GSE222676,Limma,,IMR,,DDIS,none,none,,Bleomycin_10ugml_24hr,Bleomycin,7d,DDIS,none,PRJNA923006,15%,NCAPG2,ABCA1,none,Yes,hTERT,-1.07793845723302,-79953.495893147,7.0,Lung,3%,,,No,1.25072704930431e-05,,10ugml_24hr,2,R,Bleomycin,DDIS,No,NovaSeq_6000,Paired,Human,202,Roh,Bleomycin_ABCA1KO,7d,ABCA1_CRISPR,none,DKO_D,Na,Roh_DKO_D,non-SMC condensin II complex subunit G2,Inhibits,Unclear,25474630,downregulated
3723324,GSE2487,Limma,Affymetrix_U133A,IMR,,OIS,none,SmallT,,MEK_ER_SmallT,MEK,3d,OIS,none,PRJNA91885,,SRSF3,none,SmallT_E6_E7,Yes,hTERT,-235.6,-127.5359,,Lung,,,,No,0.007840929,,,2,M,,,No,,,Human,,collado_1,,,SmallT_E6_E7,none,RstE67_Rst,1,collado_1_RstE67_Rst,serine and arginine rich splicing factor 3,Inhibits,Replicative,22777358,downregulated
4266860,GSE101766,Limma,,IMR,,RAS,none,none,14.0,RAS_shC,RAS,6d,OIS,none,PRJNA395386,,RPS6KB1,IL15,none,No,,1.16087,392446.0,6.0,Lung,,,14.0,No,2.548121e-06,,,3,R,RAS,OIS,No,Illumina_HiSeq_2500,Single,Human,50,georgilis_1,ER_RAS,6d,IL15,none,IL15_RASc,,georgilis_1_IL15_RASc,ribosomal protein S6 kinase B1,Induces,Unclear,22928666,upregulated
11654852,GSE178115,Limma,Agilent,HDF,,REP,ATM,none,,REP_8d,REP,8d,REP,none,PRJNA737497,10%,PON1,none,none,No,,-8.0,-95.99143,8.0,Skin,,,,No,0.0104176,,,3,M,REP,REP,No,,,Human,,Yang,REP,8d,KU60019,0.5uM,R8dATMi_R8d,1,Yang_R8dATMi_R8d,paraoxonase 1,Inhibits,Unclear,22897574,downregulated
4506718,GSE101766,Limma,,IMR,,RAS,none,none,14.0,RAS_shC,RAS,6d,OIS,none,PRJNA395386,,BRD7,UBE2V2,none,No,,-0.1596982,-1.507641,6.0,Lung,,,14.0,No,0.663288,,,3,R,RAS,OIS,No,Illumina_HiSeq_2500,Single,Human,50,georgilis_1,ER_RAS,6d,UBE2V2,none,UBE2V2_RASc,,georgilis_1_UBE2V2_RASc,bromodomain containing 7,Induces,Replicative,20660729,no_change
3610696,GSE19864,Limma,Affymetrix_U133A,IMR,,RAS_shp107,p107,none,,RAS_shp107,RAS,7d,OIS,none,PRJNA124029,10.0%,ROMO1,p130,none,No,,2.433516,2298527.0,7.0,Lung,,,,No,4.350612e-07,,,2,M,RAS,OIS,No,,,Human,,chicas_1,H-rasV12,7d,shp130,none,Rshp130_Rshp107,1,chicas_1_Rshp130_Rshp107,reactive oxygen species modulator 1,Induces,Replicative,18836179,upregulated
12503312,GSE196610,Limma,,IMR,5%,DDIS,none,Parkin,,IR_ParkinYFP,IR,10d,DDIS,none,PRJNA806156,10.00%,CDK2AP1,none,Parkin,No,,-0.0739296817295436,-4.17863149056938,10.0,Lung,3%,,,No,0.239312799479176,,20Gy,3,R,IR,DDIS,No,Illumina_NovaSeq6000,Paired,Human,202,Victorelli,IR,10d,CCCP,12uM,DPC_DP,,Victorelli_DPC_DP,cyclin dependent kinase 2 associated protein 1,Inhibits,Unclear,25785833,no_change
5786623,GSE122079,Limma,,IMR,,RAS,none,none,14.0,RAS_EV36h,RAS,7d,OIS,none,PRJNA503415,10.00%,MORC3,IONpump,none,No,,1.146283,3387977.0,7.0,Lung,,,14.0,No,2.951614e-07,,,3,R,RAS,OIS,No,Illumina_HiSeq_2500,Single,Human,50,herranz_2,ER_RAS,7d,ouabain,none,RASouab36_RAS36,,herranz_2_RASouab36_RAS36,MORC family CW-type zinc finger 3,Induces,Unclear,17332504,upregulated
103811,GSE103938,Limma,,IMR,,RAS_Rap1nM,mTOR,none,12.0,RAS10d_Rap1nM,RAS,10d,OIS,none,PRJNA407729,,IL1R1,mTOR,none,No,,-0.137492400915734,-1.27783889463979,10.0,Lung,,,12.0,No,0.782571264808692,,,3,R,RAS,OIS,No,Illumina_HiSeq_2500,Single,Human,50,aarts_1,RAS,10d,rapamycin,10nM,R10nMRap_R1nMRap,,aarts_1_R10nMRap_R1nMRap,interleukin 1 receptor type 1,Induces,Oncogene-induced,18267069,no_change
2543587,GSE134747,Limma,Illumina_HT12V4,BJ,,OIS,none,GR,,BRAF_122_Clob_122h,RAF,5d,OIS,none,PRJNA556258,,MORC3,RELA,none,Yes,hTERT,-1320.514,-372429516740.0,1.0,Skin,,,,Yes,2.685072e-12,,1000ng_ml,3,M,RAF,OIS,No,,,human,,carvalho_1,BRAF_doxycycline,1d,compoundA,2uM_2h,O24CpdA2_O122Clob122,1,carvalho_1_O24CpdA2_O122Clob122,MORC family CW-type zinc finger 3,Induces,Unclear,17332504,downregulated
3721323,GSE2487,Limma,Affymetrix_U133A,IMR,,OIS,none,SmallT,,MEK_ER_SmallT,MEK,3d,OIS,none,PRJNA91885,,PRKCD,none,SmallT_E6_E7,Yes,hTERT,-155.2,-2026.166,,Lung,,,,No,0.0004935429,,,2,M,,,No,,,Human,,collado_1,,,SmallT_E6_E7,none,RstE67_Rst,1,collado_1_RstE67_Rst,protein kinase C delta,Induces,Replicative,19279193,downregulated
7883330,GSE62701,Limma,Illumina_HT12V4,WI38,,DDIS,none,none,,DDIS_EV,Etoposide,21d,DDIS,none,PRJNA264903,,TRIM28,H2AJ,none,Yes,hTERT,9.665688,1.174257,21.0,Lung,,,,No,0.8516027,,,4,M,Etoposide,DDIS,No,,,Human,,olaso_1,Etoposide,21d,shH2AJ,none,DshH2_D,1,olaso_1_DshH2_D,tripartite motif containing 28,Induces,Oncogene-induced,25160591,no_change
11665380,GSE178115,Limma,Agilent,HDF,,REP,ROCK_ATM,none,,REP_8d,REP,8d,REP,none,PRJNA737497,10%,CKAP2,none,none,No,,119.6667,16.45924,8.0,Skin,,,,No,0.06075614,,,3,M,REP,REP,No,,,Human,,Yang,REP,8d,Y27632_KU60019,2.5uM_0.5uM,R8dCOMBOi_R8d,1,Yang_R8dCOMBOi_R8d,cytoskeleton associated protein 2,Inhibits,Unclear,32264951,no_change
1610304,GSE122918,Limma,Affymetrix_HTA2_0,WI38,,RAS,ETS1,none,,R144_siETS1,RAS,6d,OIS,none,PRJNA506911,,BTG3,RELA,none,No,,0.025,1.353493,6.0,Lung,,,,No,0.7388292,,,4,M,RAS,OIS,No,,,human,,bischof_2,ER:RASv12,6d,siRELA1,20uM,R144relA1_R144ets11,1,bischof_2_R144relA1_R144ets11,BTG anti-proliferation factor 3,Inhibits,Oncogene-induced,22020331,no_change
5823516,GSE122079,Limma,,IMR,,RAS_ouabain,IONpump,none,14.0,RAS36h_ouab,RAS,7d,OIS,none,PRJNA503415,10.00%,MECP2,IONpump,none,No,,2.89333,26.73212,7.0,Lung,,,14.0,No,0.03740818,,,3,R,RAS,OIS,No,Illumina_HiSeq_2500,Single,Human,50,herranz_2,ER_RAS,7d,digoxin,none,RASdig36_RASouab36,,herranz_2_RASdig36_RASouab36,methyl-CpG binding protein 2,Inhibits,Replicative,20065105,upregulated
5786849,GSE122079,Limma,,IMR,,RAS,none,none,14.0,RAS_EV36h,RAS,7d,OIS,none,PRJNA503415,10.00%,MTOR,IONpump,none,No,,-1.417559,-1637073.0,7.0,Lung,,,14.0,No,6.108463e-07,,,3,R,RAS,OIS,No,Illumina_HiSeq_2500,Single,Human,50,herranz_2,ER_RAS,7d,ouabain,none,RASouab36_RAS36,,herranz_2_RASouab36_RAS36,mechanistic target of rapamycin kinase,Inhibits,Stress-induced,31219803,downregulated
6641416,GSE53379,Limma,Illumin_HWG6V3,IMR,,DDISshp53,p53,none,,DDISshp53,Etoposide,7d,DDIS,none,PRJNA231867,10.00%,NQO1,p53,none,No,,-1.816934,-1392258000000.0,7.0,Lung,5.00%,Yes,,No,7.182578e-13,,10dPuromycin,3,M,RAS,OIS,No,,,Human,,kirschner_1,H-RASG12V,7d,shp53,none,Rshp53_Dshp53,1,kirschner_1_Rshp53_Dshp53,NAD(P)H quinone dehydrogenase 1,Induces,Oncogene-induced,26078718,downregulated
11340144,GSE141991,Limma,,IMR,5.00%,OIS,none,none,,ER_RAS,RAS,7d,OIS,none,PRJNA595545,10.00%,ING1,METTL14,none,No,,-1.121528,-100.5965,7.0,Lung,2.00%,,,No,0.009940703,,,3,R,RAS,OIS,No,NextSeq_500,Paired,Human,75,zhang_2,ER_RAS,7d,siMETTL14,none,OKO_O,,zhang_2_OKO_O,inhibitor of growth family member 1,Induces,Unclear,18691180,downregulated
4486311,GSE101766,Limma,,IMR,,RAS,none,none,14.0,RAS_shC,RAS,6d,OIS,none,PRJNA395386,,LOXL2,SKP1A,none,No,,-1.016516,-787.9463,6.0,Lung,,,14.0,No,0.001269122,,,3,R,RAS,OIS,No,Illumina_HiSeq_2500,Single,Human,50,georgilis_1,ER_RAS,6d,SKP1A,none,SKP1A_RASc,,georgilis_1_SKP1A_RASc,lysyl oxidase like 2,Inhibits,Oncogene-induced,24113189,downregulated
9854052,GSE74324,Limma,,IMR,,RASshRELA,RELA,none,,RASshRELA,RAS,12d,OIS,none,PRJNA299683,10.00%,BTG3,p53_pRb,none,No,,2.083925,7.271068e+22,12.0,Lung,,,,No,1.375314e-23,,,3,R,RAS,OIS,No,Illumina_HiSeq_2500,Single,Human,100,tasdemir,HRASG12V,12d,shp53pRb,none,RASshp53pRb_RASshRELA,,tasdemir_RASshp53pRb_RASshRELA,BTG anti-proliferation factor 3,Inhibits,Oncogene-induced,22020331,upregulated
11054017,E-MTAB-9714,Limma,,WI38,5.00%,DDIS,none,none,,DDIS_shNT,Etoposide,9d,DDIS,none,ERP124778,10.00%,RHOA,H2AJ,none,Yes,hTERT,0.2605456,15819.5,9.0,Lung,5.00%,,,No,6.321311e-05,,48hr_100uM,6,R,Etoposide,DDIS,No,NextSeq_500,Paired,Human,43,mangelinck_1,Etoposide,9d,shH2AJ,pred3d_9d1ugml,DKD_D,,mangelinck_1_DKD_D,ras homolog family member A,Inhibits,Oncogene-induced,19147561,no_change
1592852,GSE122918,Limma,Affymetrix_HTA2_0,WI38,,RAS,none,none,,R144_siCTRL,RAS,6d,OIS,none,PRJNA506911,,RECK,RELA,none,No,,1.0625,50681510283.0,6.0,Lung,,,,No,1.973106e-11,,,4,M,RAS,OIS,No,,,human,,bischof_2,ER:RASv12,6d,siRELA1,20uM,R144relA1_R144ctrl,1,bischof_2_R144relA1_R144ctrl,reversion inducing cysteine rich protein with kazal motifs,Inhibits,Unclear,20407016,upregulated
4056904,GSE101766,Limma,,IMR,,RAS,none,none,14.0,RAS_shC,RAS,6d,OIS,none,PRJNA395386,,SIK1,CEBPb,none,No,,0.0,0.0,6.0,Lung,,,14.0,No,1.0,,,3,R,RAS,OIS,No,Illumina_HiSeq_2500,Single,Human,50,georgilis_1,ER_RAS,6d,CEBPB,none,CEBPB_RASc,,georgilis_1_CEBPB_RASc,salt inducible kinase 1,Induces,Unclear,26583757,no_change
5868092,GSE122079,Limma,,IMR,,RAS_digoxin,IONpump,none,14.0,RAS16h_dig,RAS,7d,OIS,none,PRJNA503415,10.00%,AXL,IONpump,none,No,,-1.078168,-7352735963.0,7.0,Lung,,,14.0,No,1.360038e-10,,,3,R,RAS,OIS,No,Illumina_HiSeq_2500,Single,Human,50,herranz_2,ER_RAS,7d,digoxin_caspase_inhibitor,none,RASdig36CI_RASdig16,,herranz_2_RASdig36CI_RASdig16,AXL receptor tyrosine kinase,Induces,Unclear,26583757,downregulated
2754752,GSE134747,Limma,Illumina_HT12V4,BJ,,OIS,none,GR,,BRAF_24h_Clob_2h,RAF,1d,OIS,none,PRJNA556258,,NRF1,none,GR,Yes,hTERT,9.677393,29.91507,3.0,Skin,,,,Yes,0.03342796,,1000ng_ml,4,M,RAF,OIS,No,,,human,,carvalho_1,BRAF_doxycycline,3d,clobetasol,2nM_2h,O72Clob2_O24Clob2,1,carvalho_1_O72Clob2_O24Clob2,nuclear respiratory factor 1,Inhibits,Unclear,30486409,upregulated
75497410,GSE214409,Limma,,IMR,,OIS,none,none,,RAS,RAS,7d,OIS,,PRJNA885153,10%,STAT5B,none,WSTF,No,,1.70350885689038,30.1430984475227,7.0,Lung,3%,,,No,0.0331750898714324,,,3,R,Prolif,,No,Illumina_HiSeq_2500,Single,Human,51,Dou,Prolif_WSTFOE,7d,WSTF,none,PW_O,,Dou_PW_O,signal transducer and activator of transcription 5B,Induces,Unclear,20536843,upregulated
5885008,GSE122079,Limma,,IMR,,RAS_ouabain,IONpump,none,14.0,RAS16h_ouab,RAS,7d,OIS,none,PRJNA503415,10.00%,LMNB1,IONpump,none,No,,3.655453,369851097125.0,7.0,Lung,,,14.0,No,2.703791e-12,,,3,R,RAS,OIS,No,Illumina_HiSeq_2500,Single,Human,50,herranz_2,ER_RAS,7d,ouabain,none,RASouab36_RASouab16,,herranz_2_RASouab36_RASouab16,lamin B1,Inhibits,Oncogene-induced,22155925,upregulated
4150453,GSE101766,Limma,,IMR,,RAS,none,none,14.0,RAS_shC,RAS,6d,OIS,none,PRJNA395386,,G6PD,CCL23,none,No,,1.825686,790386084.0,6.0,Lung,,,14.0,No,1.265204e-09,,,3,R,RAS,OIS,No,Illumina_HiSeq_2500,Single,Human,50,georgilis_1,ER_RAS,6d,CCL23,none,CCL23_RASc,,georgilis_1_CCL23_RASc,glucose-6-phosphate dehydrogenase,Inhibits,Stress-induced,10980404,upregulated
10426753,GSE133292,Limma,,BJ,,Bleomycin,none,none,,Bleomycin12d,Bleomycin,12d,DDIS,none,PRJNA551006,10.00%,HJURP,p53,none,No,,4.175055,6127260.0,28.0,Skin,,,,No,1.632051e-07,,40ugml_2hr,2,R,Bleomycin,DDIS,No,Illumina_HiSeq_2500,Paired,Human,250,wang_2,Bleomycin,28d,sgp53,none,Bshp53_B12d,,wang_2_Bshp53_B12d,Holliday junction recognition protein,Inhibits,Unclear,23292286,upregulated
2579262,GSE134747,Limma,Illumina_HT12V4,BJ,,OIS,none,none,,BRAF_48h_DMSO_2h,RAF,2d,OIS,none,PRJNA556258,,HSPB1,none,GR,Yes,hTERT,14.75076,163.9804,2.0,Skin,,,,Yes,0.006098289,,1000ng_ml,4,M,RAF,OIS,No,,,human,,carvalho_1,BRAF_doxycycline,2d,clobetasol,2nM_2h,O48Clob2_O48DMSO2,1,carvalho_1_O48Clob2_O48DMSO2,heat shock protein family B (small) member 1,Inhibits,Stress-induced,18089808,upregulated
574845,GSE40349,Limma,Affymetrix_U133A,IMR,,RAS,E2F7,none,,RASshE2F7,RAS,7d,OIS,none,PRJNA173792,10%,LMNA,pRb_E2F7,none,No,,-1.180407,-241.3434,7.0,Lung,,,,No,0.004143474,,,2,M,RAS,OIS,No,,,Human,,aksoy_1,ER:RasV12,7d,shpRb_shE2F7,none,SshRBE2F7_SshE2F7,1,aksoy_1_SshRBE2F7_SshE2F7,lamin A/C,Unclear,Unclear,28483909,downregulated
3667181,GSE2487,Limma,Affymetrix_U133A,IMR,,OIS,none,none,,MEK_ER,MEK,3d,OIS,none,PRJNA91885,,EWSR1,none,SmallT,Yes,hTERT,-331.15,-141.8151,3.0,Lung,,,,Yes,0.007051433,,,2,M,MEK,OIS,No,,,Human,,collado_1,MEK_ER,3d,SmallT,none,Rst_R,1,collado_1_Rst_R,EWS RNA binding protein 1,Induces,Unclear,21030557,downregulated
4188520,GSE101766,Limma,,IMR,,RAS,none,none,14.0,RAS_shC,RAS,6d,OIS,none,PRJNA395386,,IGFBP7,DUSP11,none,No,,-1.105033,-987.2391,6.0,Lung,,,14.0,No,0.001012926,,,3,R,RAS,OIS,No,Illumina_HiSeq_2500,Single,Human,50,georgilis_1,ER_RAS,6d,DUSP11,none,DUSP11_RASc,,georgilis_1_DUSP11_RASc,insulin like growth factor binding protein 7,Induces,Oncogene-induced,18267069,downregulated
5358898,GSE127116,Limma,,IMR,,RAS_siLTR2,LTR2,none,,RASd8_siLTR2,RAS,8d,OIS,none,PRJNA524181,10.00%,WNT16,LTR2,none,No,,1.324687,15840.19,8.0,Lung,,,,No,6.313054e-05,,,3,R,RAS,OIS,No,IonXpress,Single,Human,110,hari,ER:RAS,8d,siLTR2,none,R8siLTR2_R5siLTR2,,hari_R8siLTR2_R5siLTR2,Wnt family member 16,Induces,Replicative,19951988,upregulated
6621478,GSE53379,Limma,Illumin_HWG6V3,IMR,,DDIS,none,none,,DDIS,Etoposide,7d,DDIS,none,PRJNA231867,10.00%,XAF1,p53,none,No,,-0.211741,-5.397043,7.0,Lung,5.00%,Yes,,No,0.1852867,,10dPuromycin,3,M,RAS,OIS,No,,,Human,,kirschner_1,H-RASG12V,7d,shp53,none,Rshp53_D,1,kirschner_1_Rshp53_D,XIAP associated factor 1,Induces,Stress-induced,26802028,no_change
11560199,GSE178115,Limma,Agilent,HDF,,REP,ROCK,none,,REP_3d,REP,3d,REP,none,PRJNA737497,10%,CXCR2,none,none,No,,-6.333333,-23.26788,3.0,Skin,,,,Yes,0.0429777,,,3,M,REP,REP,No,,,Human,,Yang,REP,3d,Y27632,2.5uM,R3dROCKi_R3d,1,Yang_R3dROCKi_R3d,C-X-C motif chemokine receptor 2,Induces,Replicative,18555777,downregulated
97190310,GSE214409,Limma,,IMR,,OIS,none,none,,OIS_ctrlVector,RAS,7d,OIS,,PRJNA885153,10%,LPAR3,none,WSTF,No,,0.213903735941876,5.63194931598234,7.0,Lung,3%,,,No,0.177558416082013,,,3,R,RAS,OIS,No,Illumina_HiSeq_2500,Single,Human,51,Dou,RAS_WSTFOE,7d,WSTF,none,OW_O,,Dou_OW_O,lysophosphatidic acid receptor 3,Inhibits,Unclear,27641212,no_change
4385865,GSE101766,Limma,,IMR,,RAS,none,none,14.0,RAS_shC,RAS,6d,OIS,none,PRJNA395386,,GNG11,PEO1,none,No,,1.346595,973275.4,6.0,Lung,,,14.0,No,1.027458e-06,,,3,R,RAS,OIS,No,Illumina_HiSeq_2500,Single,Human,50,georgilis_1,ER_RAS,6d,PEO1,none,PEO1_RASc,,georgilis_1_PEO1_RASc,G protein subunit gamma 11,Induces,Stress-induced,17092487,upregulated
1537273,GSE122918,Limma,Affymetrix_HTA2_0,WI38,,RAS,RELA,none,,R72_siRELA1,RAS,3d,OIS,none,PRJNA506911,,CUX1,JUN,none,No,,-0.35,-27711.54,6.0,Lung,,,,No,3.608604e-05,,,4,M,RAS,OIS,No,,,human,,bischof_2,ER:RASv12,6d,siJUN1,20uM,R144jun1_R72relA1,1,bischof_2_R144jun1_R72relA1,cut like homeobox 1,Inhibits,Oncogene-induced,24618719,no_change
1599171,GSE122918,Limma,Affymetrix_HTA2_0,WI38,,RAS,ETS1,none,,R144_siETS1,RAS,6d,OIS,none,PRJNA506911,,CXCL1,JUN,none,No,,-1.825,-35909467299.0,6.0,Lung,,,,No,2.784781e-11,,,4,M,RAS,OIS,No,,,human,,bischof_2,ER:RASv12,6d,siJUN1,20uM,R144jun1_R144ets11,1,bischof_2_R144jun1_R144ets11,C-X-C motif chemokine ligand 1,Induces,Oncogene-induced,17060621,downregulated
5777050,GSE122079,Limma,,IMR,,RAS,none,none,14.0,RAS_EV16h,RAS,6d,OIS,none,PRJNA503415,10.00%,RUNX1,IONpump,none,No,,1.316912,148108.1,6.0,Lung,,,14.0,No,6.751825e-06,,,3,R,RAS,OIS,No,Illumina_HiSeq_2500,Single,Human,50,herranz_2,ER_RAS,6d,ouabain,none,RASouab16_RAS16,,herranz_2_RASouab16_RAS16,RUNX family transcription factor 1,Induces,Unclear,19448675,upregulated
5773881,GSE122079,Limma,,IMR,,RAS,none,none,14.0,RAS_EV16h,RAS,6d,OIS,none,PRJNA503415,10.00%,MAPK12,IONpump,none,No,,-1.128733,-66458395.0,6.0,Lung,,,14.0,No,1.504701e-08,,,3,R,RAS,OIS,No,Illumina_HiSeq_2500,Single,Human,50,herranz_2,ER_RAS,6d,ouabain,none,RASouab16_RAS16,,herranz_2_RASouab16_RAS16,mitogen-activated protein kinase 12,Induces,Unclear,26583757,downregulated
11575853,GSE178115,Limma,Agilent,HDF,,REP,ROCK,none,,REP_3d,REP,3d,REP,none,PRJNA737497,10%,ULK3,none,none,No,,-33.66667,-24.06568,3.0,Skin,,,,Yes,0.04155295,,,3,M,REP,REP,No,,,Human,,Yang,REP,3d,Y27632,2.5uM,R3dROCKi_R3d,1,Yang_R3dROCKi_R3d,unc-51 like kinase 3,Induces,Unclear,19279323,downregulated
4560940,GSE101766,Limma,,IMR,,RAS,none,none,14.0,RAS_shC,RAS,6d,OIS,none,PRJNA395386,,MCU,RELA,none,No,,1.169113,7080.03,6.0,Lung,,,14.0,No,0.0001412423,,,3,R,RAS,OIS,No,Illumina_HiSeq_2500,Single,Human,50,georgilis_1,ER_RAS,6d,RELA,none,RELA_RASc,,georgilis_1_RELA_RASc,mitochondrial calcium uniporter,Induces,Oncogene-induced,24797322,upregulated
45520011,GSE224071,Limma,,IMR,5%,OIS,none,none,,RAS_100nM4OHT,RAS,10d,OIS,none,PRJNA929514,10%,HOPX,none,none,No,,-2.51248632142436,-408224.982388724,10.0,Lung,,Yes,,No,2.44962959921882e-06,,100nM_4OHT_7days,3,R,RAS,OIS,No,NextSeq_2000,Single,Human,71,McHugh_2,RAS,10d,DDD86481,1.5uM,ODDD_O,,McHugh_2_ODDD_O,HOP homeobox,Induces,Oncogene-induced,25345926,downregulated
4137093,GSE101766,Limma,,IMR,,RAS,none,none,14.0,RAS_shC,RAS,6d,OIS,none,PRJNA395386,,DPP4,C20,none,No,,0.7477903,96.90183,6.0,Lung,,,14.0,No,0.01031972,,,3,R,RAS,OIS,No,Illumina_HiSeq_2500,Single,Human,50,georgilis_1,ER_RAS,6d,C20,none,C20_RASc,,georgilis_1_C20_RASc,dipeptidyl peptidase 4,Induces,Oncogene-induced,29481642,no_change
9854021,GSE74324,Limma,,IMR,,RASshRELA,RELA,none,,RASshRELA,RAS,12d,OIS,none,PRJNA299683,10.00%,BRIP1,p53_pRb,none,No,,2.09903,433278900000000.0,12.0,Lung,,,,No,2.307982e-15,,,3,R,RAS,OIS,No,Illumina_HiSeq_2500,Single,Human,100,tasdemir,HRASG12V,12d,shp53pRb,none,RASshp53pRb_RASshRELA,,tasdemir_RASshp53pRb_RASshRELA,BRCA1 interacting helicase 1,Inhibits,Oncogene-induced,22137763,upregulated
1491020,GSE122918,Limma,Affymetrix_HTA2_0,WI38,,RAS,JUN,none,,R72_siJUN1,RAS,3d,OIS,none,PRJNA506911,,MAGOHB,ETS1,none,No,,0.6,10048660.0,6.0,Lung,,,,No,9.951576e-08,,,4,M,RAS,OIS,No,,,human,,bischof_2,ER:RASv12,6d,siETS11,20uM,R144ets11_R72jun1,1,bischof_2_R144ets11_R72jun1,"mago homolog B, exon junction complex subunit",Inhibits,Replicative,26206181,no_change
5820205,GSE122079,Limma,,IMR,,RAS_ouabain,IONpump,none,14.0,RAS36h_ouab,RAS,7d,OIS,none,PRJNA503415,10.00%,DDAH2,IONpump,none,No,,-0.3081263,-6.996732,7.0,Lung,,,14.0,No,0.1429239,,,3,R,RAS,OIS,No,Illumina_HiSeq_2500,Single,Human,50,herranz_2,ER_RAS,7d,digoxin,none,RASdig36_RASouab36,,herranz_2_RASdig36_RASouab36,dimethylarginine dimethylaminohydrolase 2,Inhibits,Unclear,24764313,no_change
5747824,GSE122079,Limma,,IMR,,RAS,none,none,14.0,RAS_EV36h,RAS,7d,OIS,none,PRJNA503415,10.00%,HIRA,IONpump,none,No,,-0.4883722,-31.37335,7.0,Lung,,,14.0,No,0.03187419,,,3,R,RAS,OIS,No,Illumina_HiSeq_2500,Single,Human,50,herranz_2,ER_RAS,7d,digoxin,none,RASdig36_RAS36,,herranz_2_RASdig36_RAS36,histone cell cycle regulator,Induces,Oncogene-induced,15621527,no_change
112775410,GSE214409,Limma,,IMR,,OIS,none,none,,OIS_ctrlVector,RAS,7d,OIS,,PRJNA885153,10%,RUNX1,none,WSTF,No,,0.0020113892812387,1.01281657722277,7.0,Lung,3%,,,No,0.987345608759768,,,3,R,RAS,OIS,No,Illumina_HiSeq_2500,Single,Human,51,Dou,RAS_WSTFOE,7d,WSTF,none,OW_O,,Dou_OW_O,RUNX family transcription factor 1,Induces,Unclear,19448675,no_change
10250455,GSE132369,Limma,,IMR,5.00%,IR_Parkin,none,Parkin,,IR_Parkin,IR,10d,DDIS,Parkin,PRJNA547764,10.00%,CARF,mitochondrial,Parkin,No,,1.003287,1099.409,10.0,Lung,3.00%,Yes,,No,0.0009095796,,20Gy,3,R,IR,DDIS,No,NextSeq_500,Paired,Human,71,vizioli,Xrays,10d,CCCP,48h12.5uMCCCP2daIR,ICP_IP,,vizioli_ICP_IP,calcium responsive transcription factor,Induces,Replicative,19001376,upregulated
14108211,GSE190998,Limma,,WI38,5%,Prolif,none,none,,Prolif_siCtrl,Etoposide,8d,DDIS,none,PRJNA789266,10%,MSN,NTRK2,none,No,,0.175180626217371,69388.8720858863,8.0,Lung,,0.50%,,No,1.44115327132317e-05,,50uM,3,R,Etoposide,DDIS,No,Illumina_NovaSeq6000,Paired,Human,204,Anerillas_2,Etoposide,8d,siNTRK2,none,DN_P,,Anerillas_2_DN_P,moesin,Inhibits,Unclear,20376899,no_change
5769311,GSE122079,Limma,,IMR,,RAS,none,none,14.0,RAS_EV16h,RAS,6d,OIS,none,PRJNA503415,10.00%,BTG2,IONpump,none,No,,1.43198,308472138125.0,6.0,Lung,,,14.0,No,3.241784e-12,,,3,R,RAS,OIS,No,Illumina_HiSeq_2500,Single,Human,50,herranz_2,ER_RAS,6d,ouabain,none,RASouab16_RAS16,,herranz_2_RASouab16_RAS16,BTG anti-proliferation factor 2,Induces,Replicative,20569234,upregulated
5560522,GSE61130,Limma,,IMR,,RAS,none,none,15.0,RAS_EV,RAS,7d,OIS,none,PRJNA260300,,DNMT3B,none,ZFP36L1,No,,1.271716,26781.12,7.0,Lung,,,15.0,No,3.733974e-05,,,3,R,RAS,OIS,No,Illumina_HiSeq_2500,Paired,Human,200,herranz_1,ER_RAS,7d,ZFP36L1mut,none,RASZmut_RAS,,herranz_1_RASZmut_RAS,DNA methyltransferase 3 beta,Inhibits,Unclear,21572997,upregulated
5310820,GSE127116,Limma,,IMR,,RAS,none,none,,RASd5,RAS,5d,OIS,none,PRJNA524181,10.00%,ARID1A,LTR10,none,No,,0.3816373,65.88679,5.0,Lung,,,,No,0.01517755,,,3,R,RAS,OIS,No,IonXpress,Single,Human,110,hari,ER:RAS,5d,siLTR10,none,R5siLTR10_R5,,hari_R5siLTR10_R5,AT-rich interaction domain 1A,Induces,Oncogene-induced,28942143,no_change
5183595,GSE101758,Limma,,IMR,,RAS,none,none,14.0,RAS_siC,RAS,5d,OIS,none,PRJNA395378,,SMARCA4,EXOC7,none,No,,0.1082468,3.043325,5.0,Lung,,,14.0,No,0.328588,,,3,R,RAS,OIS,No,Illumina_HiSeq_2500,Single,Human,50,georgilis_3,ER_RAS,5d,shEXOC7,none,RASsiEXOC7_RAS,,georgilis_3_RASsiEXOC7_RAS,"SWI/SNF related, matrix associated, actin dependent regulator of chromatin, subfamily a, member 4",Inhibits,Replicative,20697355,no_change
10510903,GSE98240,Limma,Affymetrix_HuGene1,BJ,,DDIS,none,none,,Etoposide_50uM_48h,Etoposide,3d,DDIS,none,PRJNA384368,10.00%,CKAP2,p21,none,No,,1.111409,3819960.0,3.0,Skin,,Yes,,Yes,2.617828e-07,,50uM_48h,3,M,Etoposide,DDIS,No,,,Human,,yosef_1,Etoposide,3d,sip21,none,Dp21_D,1,yosef_1_Dp21_D,cytoskeleton associated protein 2,Inhibits,Unclear,32264951,upregulated
9681577,GSE74324,Limma,,IMR,,RAS,none,none,,RASshC,RAS,12d,OIS,none,PRJNA299683,10.00%,CKAP2,p53,none,No,,0.7575128,20467508.0,12.0,Lung,,,,No,4.885793e-08,,,3,R,RAS,OIS,No,Illumina_HiSeq_2500,Single,Human,100,tasdemir,HRASG12V,12d,shp53,none,RASshp53_RAS,,tasdemir_RASshp53_RAS,cytoskeleton associated protein 2,Inhibits,Unclear,32264951,no_change
6637256,GSE53379,Limma,Illumin_HWG6V3,IMR,,DDISshp53,p53,none,,DDISshp53,Etoposide,7d,DDIS,none,PRJNA231867,10.00%,DHCR24,p53,none,No,,1.220692,311951.3,7.0,Lung,5.00%,Yes,,No,3.205628e-06,,10dPuromycin,3,M,RAS,OIS,No,,,Human,,kirschner_1,H-RASG12V,7d,shp53,none,Rshp53_Dshp53,1,kirschner_1_Rshp53_Dshp53,24-dehydrocholesterol reductase,Induces,Oncogene-induced,15577914,upregulated
9794920,GSE74324,Limma,,IMR,,RASshp53,p53,none,,RASshp53,RAS,12d,OIS,none,PRJNA299683,10.00%,GDF15,p53_pRb,none,No,,1.096341,2530885000000.0,12.0,Lung,,,,No,3.951188e-13,,,3,R,RAS,OIS,No,Illumina_HiSeq_2500,Single,Human,100,tasdemir,HRASG12V,12d,shp53pRb,none,RASshp53pRb_RASshp53,,tasdemir_RASshp53pRb_RASshp53,growth differentiation factor 15,Induces,Oncogene-induced,26909594,upregulated
164090,GSE103938,Limma,,IMR,,RAS_Rap1nM,mTOR,none,12.0,RAS_Rap1nM,RAS,10d,OIS,none,PRJNA407729,,ENTPD7,mTOR,none,No,,-1.30750955643477,-2631.27445940526,10.0,Lung,,,12.0,No,0.0003800439731498,,,3,R,OSKM,OSKM,No,Illumina_HiSeq_2500,Single,Human,50,aarts_1,OSKM,10d,rapamycin,1nM,OSKM1nMRap_R1nMRap,,aarts_1_OSKM1nMRap_R1nMRap,ectonucleoside triphosphate diphosphohydrolase 7,Induces,Oncogene-induced,27737960,downregulated
561329,GSE40349,Limma,Affymetrix_U133A,IMR,,RAS,E2F7,none,,RASshE2F7,RAS,7d,OIS,none,PRJNA173792,10%,HAUS4,pRb,none,No,,0.0,0.0,7.0,Lung,,,,No,1.0,,,2,M,RAS,OIS,No,,,Human,,aksoy_1,ER:RasV12,7d,shpRb,none,SshRB_SshE2F7,1,aksoy_1_SshRB_SshE2F7,HAUS augmin like complex subunit 4,Inhibits,Unclear,32264951,no_change
8945226,GSE128711,Limma,,HFF,,Dox_sgp130,p130,none,,Dox_sgp130,Dox,1d,DDIS,none,PRJNA528619,,RAF1,p130_pRb,none,No,,0.03978143,1.119273,1.0,Skin,,,,Yes,0.893437,,350nM,2,R,Doxorubicin,DDIS,No,NextSeq_500,Single,Human,75,schade_1,Dox,1d,sgp130pRb,none,Dp130pRb_Dp130,,schade_1_Dp130pRb_Dp130,"Raf-1 proto-oncogene, serine/threonine kinase",Induces,Oncogene-induced,9765202,no_change
4320734,GSE101766,Limma,,IMR,,RAS,none,none,14.0,RAS_shC,RAS,6d,OIS,none,PRJNA395386,,ATG5,LOC399818,none,No,,1.397502,300564340.0,6.0,Lung,,,14.0,No,3.327075e-09,,,3,R,RAS,OIS,No,Illumina_HiSeq_2500,Single,Human,50,georgilis_1,ER_RAS,6d,LOC399818,none,LOC399818_RASc,,georgilis_1_LOC399818_RASc,autophagy related 5,Inhibits,Oncogene-induced,19279323,upregulated
11630772,GSE178115,Limma,Agilent,HDF,,REP,ROCK,none,,REP_8d,REP,8d,REP,none,PRJNA737497,10%,MMP7,none,none,No,,-3.666667,-4.822044,8.0,Skin,,,,No,0.2073809,,,3,M,REP,REP,No,,,Human,,Yang,REP,8d,Y27632,2.5uM,R8dROCKi_R8d,1,Yang_R8dROCKi_R8d,matrix metallopeptidase 7,Inhibits,Unclear,18207346,no_change
8076513,GSE24810,Limma,Affymetrix_U133A,HMF3A,5%,OIS,none,none,,Inactive_SV40LT_EV,SV40,7d,OIS,none,PRJNA132307,0.25%,MME,none,E1A,Yes,hTERT_SV40_LT,-3.968979,-4.179248e+27,7.0,Skin,20%,Yes,,No,2.392775e-28,,,3,M,,,No,,,Human,,parmjit_1,,7d,Ad5_E1A_12S,none,ISVe1a_SSVev,1,parmjit_1_ISVe1a_SSVev,membrane metalloendopeptidase,Induces,Oncogene-induced,30671946,downregulated
5759292,GSE122079,Limma,,IMR,,RAS_caspase_inhibitor,caspase,none,14.0,RAS_EV36hCI,RAS,7d,OIS,none,PRJNA503415,10.00%,FASTK,IONpump,none,No,,-1.161633,-1539408404.0,7.0,Lung,,,14.0,No,6.496002e-10,,,3,R,RAS,OIS,No,Illumina_HiSeq_2500,Single,Human,50,herranz_2,ER_RAS,7d,digoxin_caspase_inhibitor,none,RASdig36CI_RAS36CI,,herranz_2_RASdig36CI_RAS36CI,Fas activated serine/threonine kinase,Induces,Unclear,26583757,downregulated
2727592,GSE134747,Limma,Illumina_HT12V4,BJ,,OIS,none,GR,,BRAF_24h_Clob_2h,RAF,1d,OIS,none,PRJNA556258,,HIRA,RELA,none,Yes,hTERT,-37.47952,-198.1931,1.0,Skin,,,,Yes,0.005045585,,1000ng_ml,3,M,RAF,OIS,No,,,human,,carvalho_1,BRAF_doxycycline,1d,compoundA,2uM_2h,O24CpdA2_O24Clob2,1,carvalho_1_O24CpdA2_O24Clob2,histone cell cycle regulator,Induces,Oncogene-induced,15621527,downregulated
4161703,GSE101766,Limma,,IMR,,RAS,none,none,14.0,RAS_shC,RAS,6d,OIS,none,PRJNA395386,,DIRAS3,CTDSPL,none,No,,-1.579113,-130759.9,6.0,Lung,,,14.0,No,7.647607e-06,,,3,R,RAS,OIS,No,Illumina_HiSeq_2500,Single,Human,50,georgilis_1,ER_RAS,6d,CTDSPL,none,CTDSPL_RASc,,georgilis_1_CTDSPL_RASc,DIRAS family GTPase 3,Inhibits,Unclear,28316325,downregulated
4516746,GSE101766,Limma,,IMR,,RAS,none,none,14.0,RAS_shC,RAS,6d,OIS,none,PRJNA395386,,TYK2,UBE2V2,none,No,,-0.6452577,-4.648458,6.0,Lung,,,14.0,No,0.2151251,,,3,R,RAS,OIS,No,Illumina_HiSeq_2500,Single,Human,50,georgilis_1,ER_RAS,6d,UBE2V2,none,UBE2V2_RASc,,georgilis_1_UBE2V2_RASc,tyrosine kinase 2,Induces,Unclear,26583757,no_change
3586540,GSE19864,Limma,Affymetrix_U133A,IMR,,RAS_shpRb,pRb,none,,RAS_shpRb,RAS,7d,OIS,none,PRJNA124029,10.0%,SIK1,p107,none,No,,1.590605,51.59628,7.0,Lung,,,,No,0.01938124,,,2,M,RAS,OIS,No,,,Human,,chicas_1,H-rasV12,7d,shp107,none,Rshp107_RshRB,1,chicas_1_Rshp107_RshRB,salt inducible kinase 1,Induces,Unclear,26583757,upregulated
3683770,GSE2487,Limma,Affymetrix_U133A,IMR,,OIS,none,none,,MEK_ER,MEK,3d,OIS,none,PRJNA91885,,PIN1,none,E6_E7,Yes,hTERT,252.25,121.3121,,Lung,,,,No,0.008243201,,,2,M,,,No,,,Human,,collado_1,,,E6_E7,none,RE67_R,1,collado_1_RE67_R,"peptidylprolyl cis/trans isomerase, NIMA-interacting 1",Induces,Replicative,28986099,upregulated
535477,GSE40349,Limma,Affymetrix_U133A,IMR,,RAS,pRb,none,,RASshRB,RAS,7d,OIS,none,PRJNA173792,10%,ERCC1,E2F7,none,No,,1.476315,2331.804,7.0,Lung,,,,No,0.0004288526,,,2,M,RAS,OIS,No,,,Human,,aksoy_1,ER:RasV12,7d,ShE2F7,none,SshE2F7_SshRB,1,aksoy_1_SshE2F7_SshRB,"ERCC excision repair 1, endonuclease non-catalytic subunit",Inhibits,Unclear,24964749,upregulated
5747011,GSE122079,Limma,,IMR,,RAS,none,none,14.0,RAS_EV36h,RAS,7d,OIS,none,PRJNA503415,10.00%,FERMT1,IONpump,none,No,,-1.302701,-1415.481,7.0,Lung,,,14.0,No,0.0007064734,,,3,R,RAS,OIS,No,Illumina_HiSeq_2500,Single,Human,50,herranz_2,ER_RAS,7d,digoxin,none,RASdig36_RAS36,,herranz_2_RASdig36_RAS36,FERM domain containing kindlin 1,Inhibits,Unclear,23278235,downregulated
10153783,GSE132370,Limma,,IMR,5.00%,IR,none,none,,ProlifEV,IR,10d,DDIS,none,PRJNA547766,10.00%,G6PD,HDAC,none,No,,1.130095,309367.3,10.0,Lung,3.00%,Yes,,No,3.232404e-06,,20Gy,3,R,IR,DDIS,No,NextSeq_500,Paired,Human,70,vizioli_2,Xrays,10d,TSA,100nM,It_I,,vizioli_2_It_I,glucose-6-phosphate dehydrogenase,Inhibits,Stress-induced,10980404,upregulated
5570759,GSE61130,Limma,,IMR,,RAS,none,none,15.0,RAS_EV,RAS,7d,OIS,none,PRJNA260300,,ARID1B,none,ZFP36L1,No,,-0.1726093,-12.23285,7.0,Lung,,,15.0,No,0.08174711,,,3,R,RAS,OIS,No,Illumina_HiSeq_2500,Paired,Human,200,herranz_1,ER_RAS,7d,ZFP36L1wt,none,RASZwt_RAS,,herranz_1_RASZwt_RAS,AT-rich interaction domain 1B,Induces,Oncogene-induced,27737960,no_change
6726576,GSE53379,Limma,Illumin_HWG6V3,IMR,,DDISshp53,p53,none,,Quiesce2dEtopshp53,Etoposide,7d,DDIS,none,PRJNA231867,10.00%,LAYN,p53,none,No,,-1.064408,-542753.6,7.0,Lung,5.00%,Yes,,No,1.842457e-06,,10dPuromycin,3,M,RAS,OIS,No,,,Human,,kirschner_1,H-RASG12V,7d,shp53,none,Rshp53_QD48shp53,1,kirschner_1_Rshp53_QD48shp53,layilin,Induces,Unclear,21740549,downregulated
9744430,GSE74324,Limma,,IMR,,RAS,none,none,,RASshCwDMSO,RAS,12d,OIS,none,PRJNA299683,10.00%,E2F7,BRD4,none,No,,-2.186972,-1.014458e+16,12.0,Lung,,,,No,9.857477000000001e-17,,,3,R,RAS,OIS,No,Illumina_HiSeq_2500,Single,Human,100,tasdemir,HRASG12V,12d,JQ1,100nM_48h,RASwJQ1_RASwDMSO,,tasdemir_RASwJQ1_RASwDMSO,E2F transcription factor 7,Induces,Oncogene-induced,22802529,downregulated
4191374,GSE101766,Limma,,IMR,,RAS,none,none,14.0,RAS_shC,RAS,6d,OIS,none,PRJNA395386,,PLK1,DUSP11,none,No,,0.0,0.0,6.0,Lung,,,14.0,No,1.0,,,3,R,RAS,OIS,No,Illumina_HiSeq_2500,Single,Human,50,georgilis_1,ER_RAS,6d,DUSP11,none,DUSP11_RASc,,georgilis_1_DUSP11_RASc,polo like kinase 1,Inhibits,Replicative,23525475,no_change
8352808,GSE24810,Limma,Affymetrix_U133A,HMF3A,5%,OISshp21,p21,none,,Active_SV40LT_shp21,SV40,7d,OIS,none,PRJNA132307,0.25%,STK4,p53,none,Yes,hTERT_SV40_LT,-0.1558336,-7.752506,7.0,Skin,20%,Yes,,No,0.1289905,,,3,M,SV40,OIS,No,,,Human,,parmjit_1,SV40_LT,7d,shp53,none,SSVp53sh_SSVp21sh,1,parmjit_1_SSVp53sh_SSVp21sh,serine/threonine kinase 4,Induces,Unclear,26611489,no_change
9836043,GSE74324,Limma,,IMR,,RASshBRD4,BRD4,none,,RASshBRD4,RAS,12d,OIS,none,PRJNA299683,10.00%,PRKAA2,p53_pRb,none,No,,-1.239043,-281589476651.0,12.0,Lung,,,,No,3.551269e-12,,,3,R,RAS,OIS,No,Illumina_HiSeq_2500,Single,Human,100,tasdemir,HRASG12V,12d,shp53pRb,none,RASshp53pRb_RASshBRD4,,tasdemir_RASshp53pRb_RASshBRD4,protein kinase AMP-activated catalytic subunit alpha 2,Inhibits,Stress-induced,26890602,downregulated
571115,GSE40349,Limma,Affymetrix_U133A,IMR,,RAS,E2F7,none,,RASshE2F7,RAS,7d,OIS,none,PRJNA173792,10%,CDCA2,pRb_E2F7,none,No,,1.096074,4849.94,7.0,Lung,,,,No,0.0002061881,,,2,M,RAS,OIS,No,,,Human,,aksoy_1,ER:RasV12,7d,shpRb_shE2F7,none,SshRBE2F7_SshE2F7,1,aksoy_1_SshRBE2F7_SshE2F7,cell division cycle associated 2,Inhibits,Stress-induced,24905922,upregulated
5565493,GSE61130,Limma,,IMR,,RAS,none,none,15.0,RAS_EV,RAS,7d,OIS,none,PRJNA260300,,PPARG,none,ZFP36L1,No,,1.617186,454953509.0,7.0,Lung,,,15.0,No,2.198027e-09,,,3,R,RAS,OIS,No,Illumina_HiSeq_2500,Paired,Human,200,herranz_1,ER_RAS,7d,ZFP36L1mut,none,RASZmut_RAS,,herranz_1_RASZmut_RAS,peroxisome proliferator activated receptor gamma,Induces,Replicative,18544633,upregulated
6546412,GSE53379,Limma,Illumin_HWG6V3,IMR,,OIS,none,none,,OIS,RAS,0d,OIS,none,PRJNA231867,10.00%,TP53INP1,p53,none,No,,-1.382192,-144909978.0,7.0,Lung,5.00%,Yes,,No,6.900836e-09,,10dPuromycin,3,M,RAS,OIS,No,,,Human,,kirschner_1,H-RASG12V,7d,shp53,none,Rshp53_R,1,kirschner_1_Rshp53_R,tumor protein p53 inducible nuclear protein 1,Induces,Stress-induced,21093163,downregulated
3789151,GSE76125,Limma,,MRC,5.00%,IR,none,none,,I10,IR,10d,DDIS,Parkin,PRJNA306369,10.00%,CASP2,mitochondrial,Parkin,No,,-1.436258,-23594.12,10.0,Lung,,Yes,,No,4.238344e-05,,20Gy,3,R,IR,DDIS,No,NextSeq_500,Paired,Human,70,correia_melo,X_rays,10d,CCCP,12.5uM_4d,I10CCCP_I10,,correia_melo_I10CCCP_I10,caspase 2,Induces,Oncogene-induced,25114039,downregulated
4397233,GSE101766,Limma,,IMR,,RAS,none,none,14.0,RAS_shC,RAS,6d,OIS,none,PRJNA395386,,EIF2AK2,PLCB1,none,No,,1.214583,1961000.0,6.0,Lung,,,14.0,No,5.099439e-07,,,3,R,RAS,OIS,No,Illumina_HiSeq_2500,Single,Human,50,georgilis_1,ER_RAS,6d,PLCB1,none,PLCB1_RASc,,georgilis_1_PLCB1_RASc,eukaryotic translation initiation factor 2 alpha kinase 2,Induces,Stress-induced,29906232,upregulated
2577887,GSE134747,Limma,Illumina_HT12V4,BJ,,OIS,none,none,,BRAF_48h_DMSO_2h,RAF,2d,OIS,none,PRJNA556258,,ESR1,none,GR,Yes,hTERT,-13.33176,-20.38254,2.0,Skin,,,,Yes,0.0490616,,1000ng_ml,4,M,RAF,OIS,No,,,human,,carvalho_1,BRAF_doxycycline,2d,clobetasol,2nM_2h,O48Clob2_O48DMSO2,1,carvalho_1_O48Clob2_O48DMSO2,estrogen receptor 1,Inhibits,Oncogene-induced,27259243,downregulated
1468365,GSE122918,Limma,Affymetrix_HTA2_0,WI38,,RAS,none,none,,R72_siCTRL,RAS,3d,OIS,none,PRJNA506911,,POT1,RELA,none,No,,-0.7,-51932691.0,6.0,Lung,,,,No,1.925569e-08,,,4,M,RAS,OIS,No,,,human,,bischof_2,ER:RASv12,6d,siRELA1,20uM,R144relA1_R72ctrl,1,bischof_2_R144relA1_R72ctrl,protection of telomeres 1,Inhibits,Replicative,15657433,no_change
9891532,GSE74324,Limma,,IMR,,RASwJQ1,BRD4,none,,RASwJQ1,RAS,12d,OIS,none,PRJNA299683,10.00%,CBS,BRD4,none,No,,1.977013,5591725.0,12.0,Lung,,,,No,1.788357e-07,,,3,R,RAS,OIS,No,Illumina_HiSeq_2500,Single,Human,100,tasdemir,HRASG12V,12d,shBRD4,none,RASshBRD4_RASwJQ1,,tasdemir_RASshBRD4_RASwJQ1,cystathionine beta-synthase,Inhibits,Replicative,23117410,upregulated
6748691,GSE53379,Limma,Illumin_HWG6V3,IMR,,DDISshp53,p53,none,,Quiesce2dEtopshp53,Etoposide,7d,DDIS,none,PRJNA231867,10.00%,DHX9,p53,E1A,No,,1.049519,1311529.0,,Lung,5.00%,Yes,,No,7.624687e-07,,,3,M,,,No,,,Human,,kirschner_1,,,shp53,none,Ishp53_QD48shp53,1,kirschner_1_Ishp53_QD48shp53,DExH-box helicase 9,Inhibits,Replicative,24990949,upregulated
9719139,GSE74324,Limma,,IMR,,RAS,none,none,,RASshC,RAS,12d,OIS,none,PRJNA299683,10.00%,CXCL1,p16_p21,none,No,,1.09584,442.1042,12.0,Lung,,,,No,0.00226191,,,3,R,RAS,OIS,No,Illumina_HiSeq_2500,Single,Human,100,tasdemir,HRASG12V,12d,shp16p21,none,RASshp16p21_RAS,,tasdemir_RASshp16p21_RAS,C-X-C motif chemokine ligand 1,Induces,Oncogene-induced,17060621,upregulated
5372347,GSE127116,Limma,,IMR,,RAS_siLTR2,LTR2,none,,RASd8_siLTR2,RAS,8d,OIS,none,PRJNA524181,10.00%,AHR,LTR10,none,No,,-0.5207731,-9.364277,5.0,Lung,,,,No,0.1067888,,,3,R,RAS,OIS,No,IonXpress,Single,Human,110,hari,ER:RAS,5d,siLTR10,none,R5siLTR10_R5siLTR2,,hari_R5siLTR10_R5siLTR2,aryl hydrocarbon receptor,Induces,Stress-induced,15111621,no_change
2581614,GSE134747,Limma,Illumina_HT12V4,BJ,,OIS,none,none,,BRAF_48h_DMSO_2h,RAF,2d,OIS,none,PRJNA556258,,OGT,none,GR,Yes,hTERT,8.050616,47.59744,2.0,Skin,,,,Yes,0.02100953,,1000ng_ml,4,M,RAF,OIS,No,,,human,,carvalho_1,BRAF_doxycycline,2d,clobetasol,2nM_2h,O48Clob2_O48DMSO2,1,carvalho_1_O48Clob2_O48DMSO2,O-linked N-acetylglucosamine (GlcNAc) transferase,Induces,Oncogene-induced,27217568,upregulated
2729795,GSE134747,Limma,Illumina_HT12V4,BJ,,OIS,none,GR,,BRAF_24h_Clob_2h,RAF,1d,OIS,none,PRJNA556258,,NF2,RELA,none,Yes,hTERT,-14.65777,-303.5959,1.0,Skin,,,,Yes,0.003293852,,1000ng_ml,3,M,RAF,OIS,No,,,human,,carvalho_1,BRAF_doxycycline,1d,compoundA,2uM_2h,O24CpdA2_O24Clob2,1,carvalho_1_O24CpdA2_O24Clob2,neurofibromin 2,Induces,Oncogene-induced,18267069,downregulated
3572793,GSE19864,Limma,Affymetrix_U133A,IMR,,RAS,none,none,,RAS,RAS,7d,OIS,none,PRJNA124029,10.0%,PRKD1,p130,none,No,,-1.050523,-56.54518,7.0,Lung,,,,No,0.01768497,,,2,M,RAS,OIS,No,,,Human,,chicas_1,H-rasV12,7d,shp130,none,Rshp130_R,1,chicas_1_Rshp130_R,protein kinase D1,Induces,Oncogene-induced,24828530,downregulated
5742162,GSE122079,Limma,,IMR,,RAS,none,none,14.0,RAS_EV16h,RAS,6d,OIS,none,PRJNA503415,10.00%,TXNIP,IONpump,none,No,,2.775374,3.803128e+18,6.0,Lung,,,14.0,No,2.629414e-19,,,3,R,RAS,OIS,No,Illumina_HiSeq_2500,Single,Human,50,herranz_2,ER_RAS,6d,digoxin,none,RASdig16_RAS16,,herranz_2_RASdig16_RAS16,thioredoxin interacting protein,Induces,Replicative,20656682,upregulated
5354906,GSE127116,Limma,,IMR,,RAS_siLTR2,LTR2,none,,RASd8_siLTR2,RAS,8d,OIS,none,PRJNA524181,10.00%,PLK1,LTR2,none,No,,-2.683349,-310.7566,8.0,Lung,,,,No,0.003217953,,,3,R,RAS,OIS,No,IonXpress,Single,Human,110,hari,ER:RAS,8d,siLTR2,none,R8siLTR2_R5siLTR2,,hari_R8siLTR2_R5siLTR2,polo like kinase 1,Inhibits,Replicative,23525475,downregulated
8377178,GSE24810,Limma,Affymetrix_U133A,HMF3A,5%,OISshp53,p53,none,,Active_SV40LT_shp53,SV40,7d,OIS,none,PRJNA132307,0.25%,SMURF2,laminA,none,Yes,hTERT_SV40_LT,1.244415,5195567.0,7.0,Skin,20%,Yes,,No,1.924718e-07,,,3,M,SV40,OIS,No,,,Human,,parmjit_1,SV40_LT,7d,shLaminA,none,SSVLA_SSVp53sh,1,parmjit_1_SSVLA_SSVp53sh,SMAD specific E3 ubiquitin protein ligase 2,Induces,Replicative,15574587,upregulated
563871,GSE40349,Limma,Affymetrix_U133A,IMR,,RAS,E2F7,none,,RASshE2F7,RAS,7d,OIS,none,PRJNA173792,10%,NSUN2,pRb,none,No,,-0.373271,-12.36877,7.0,Lung,,,,No,0.08084876,,,2,M,RAS,OIS,No,,,Human,,aksoy_1,ER:RasV12,7d,shpRb,none,SshRB_SshE2F7,1,aksoy_1_SshRB_SshE2F7,NOP2/Sun RNA methyltransferase 2,Inhibits,Replicative,26687548,no_change
3667410,GSE2487,Limma,Affymetrix_U133A,IMR,,OIS,none,none,,MEK_ER,MEK,3d,OIS,none,PRJNA91885,,FASTK,none,SmallT,Yes,hTERT,204.9,49.07473,3.0,Lung,,,,Yes,0.02037708,,,2,M,MEK,OIS,No,,,Human,,collado_1,MEK_ER,3d,SmallT,none,Rst_R,1,collado_1_Rst_R,Fas activated serine/threonine kinase,Induces,Unclear,26583757,upregulated
6701252,GSE53379,Limma,Illumin_HWG6V3,IMR,,DDISshp53,p53,none,,Quiesce1dEtopshp53,Etoposide,7d,DDIS,none,PRJNA231867,10.00%,IGFBP5,p53,none,No,,0.1502806,9.411902,7.0,Lung,5.00%,Yes,,No,0.1062485,,100uM2d+5d,3,M,Etoposide,DDIS,No,,,Human,,kirschner_1,Etoposide,7d,shp53,none,Dshp53_QD24shp53,1,kirschner_1_Dshp53_QD24shp53,insulin like growth factor binding protein 5,Induces,Replicative,17804819,no_change
4085335,GSE101766,Limma,,IMR,,RAS,none,none,14.0,RAS_shC,RAS,6d,OIS,none,PRJNA395386,,ARF1,ALOX5,none,No,,0.2237765,45.00547,6.0,Lung,,,14.0,No,0.02221952,,,3,R,RAS,OIS,No,Illumina_HiSeq_2500,Single,Human,50,georgilis_1,ER_RAS,6d,ALOX5,none,ALOX5_RASc,,georgilis_1_ALOX5_RASc,ADP ribosylation factor 1,Induces,Oncogene-induced,29420297,no_change
8902726,GSE128711,Limma,,HFF,,Dox,none,none,,Dox,Dox,1d,DDIS,none,PRJNA528619,,E2F7,pRb,none,No,,0.7641785,7.510495,1.0,Skin,,,,Yes,0.133147,,350nM,2,R,Doxorubicin,DDIS,No,NextSeq_500,Single,Human,75,schade_1,Dox,1d,sgpRb,none,DpRb_D,,schade_1_DpRb_D,E2F transcription factor 7,Induces,Oncogene-induced,22802529,no_change
3609502,GSE19864,Limma,Affymetrix_U133A,IMR,,RAS_shp107,p107,none,,RAS_shp107,RAS,7d,OIS,none,PRJNA124029,10.0%,PIN1,p130,none,No,,1.035053,71.69988,7.0,Lung,,,,No,0.01394702,,,2,M,RAS,OIS,No,,,Human,,chicas_1,H-rasV12,7d,shp130,none,Rshp130_Rshp107,1,chicas_1_Rshp130_Rshp107,"peptidylprolyl cis/trans isomerase, NIMA-interacting 1",Induces,Replicative,28986099,upregulated
3708977,GSE2487,Limma,Affymetrix_U133A,IMR,,OIS,none,SmallT,,MEK_ER_SmallT,MEK,3d,OIS,none,PRJNA91885,,PRPF19,none,E6_E7,Yes,hTERT,367.65,30.63034,,Lung,,,,No,0.03264737,,,2,M,,,No,,,Human,,collado_1,,,E6_E7,none,RE67_Rst,1,collado_1_RE67_Rst,pre-mRNA processing factor 19,Inhibits,Replicative,16388800,upregulated
3978810,GSE151745,Limma,,WI38,,DDIS,none,none,,IR_10Gy,IR,8d,DDIS,none,PRJNA637079,,LOX,G3BP1,none,No,,-1.761182,-299.0436,8.0,Lung,,,,No,0.003343994,,10Gy,2,R,IR,DDIS,No,NextSeq_500,Single,Human,85,gallouzi,IR,8d,siG3BP1,none,IsiG3BP1_I,,gallouzi_IsiG3BP1_I,lysyl oxidase,Inhibits,Oncogene-induced,24113189,downregulated
5779046,GSE122079,Limma,,IMR,,RAS,none,none,14.0,RAS_EV16h,RAS,6d,OIS,none,PRJNA503415,10.00%,TRDMT1,IONpump,none,No,,-1.392026,-55.03511,6.0,Lung,,,14.0,No,0.01817022,,,3,R,RAS,OIS,No,Illumina_HiSeq_2500,Single,Human,50,herranz_2,ER_RAS,6d,ouabain,none,RASouab16_RAS16,,herranz_2_RASouab16_RAS16,tRNA aspartic acid methyltransferase 1,Inhibits,Replicative,28843151,downregulated
66602410,GSE214409,Limma,,IMR,,OIS,none,none,,RAS,RAS,7d,OIS,,PRJNA885153,10%,RBBP4,none,WSTF,No,,0.498778795169746,3311.73579343948,7.0,Lung,3%,,,No,0.0003019564549747,,,3,R,Prolif,,No,Illumina_HiSeq_2500,Single,Human,51,Dou,Prolif_WSTFOE,7d,WSTF,none,PW_O,,Dou_PW_O,"RB binding protein 4, chromatin remodeling factor",Inhibits,Unclear,26491019,no_change
8953492,GSE128711,Limma,,HFF,,Dox_sgpRb,pRb,none,,Dox_sgpRb,Dox,1d,DDIS,none,PRJNA528619,,GRSF1,p130_pRb,none,No,,-0.08606872,-1.469867,1.0,Skin,,,,Yes,0.6803339,,350nM,2,R,Doxorubicin,DDIS,No,NextSeq_500,Single,Human,75,schade_1,Dox,1d,sgp130pRb,none,Dp130pRb_DpRb,,schade_1_Dp130pRb_DpRb,G-rich RNA sequence binding factor 1,Inhibits,Replicative,30944385,no_change
9866438,GSE74324,Limma,,IMR,,RASshRELA,RELA,none,,RASshRELA,RAS,12d,OIS,none,PRJNA299683,10.00%,BUB1,p53,none,No,,2.021342,1849908786.0,12.0,Lung,,,,No,5.405672e-10,,,3,R,RAS,OIS,No,Illumina_HiSeq_2500,Single,Human,100,tasdemir,HRASG12V,12d,shp53,none,RASshp53_RASshRELA,,tasdemir_RASshp53_RASshRELA,BUB1 mitotic checkpoint serine/threonine kinase,Inhibits,Oncogene-induced,17488820,upregulated
5765086,GSE122079,Limma,,IMR,,RAS_caspase_inhibitor,caspase,none,14.0,RAS_EV36hCI,RAS,7d,OIS,none,PRJNA503415,10.00%,SIRT3,IONpump,none,No,,-1.371201,-1046.467,7.0,Lung,,,14.0,No,0.0009555967,,,3,R,RAS,OIS,No,Illumina_HiSeq_2500,Single,Human,50,herranz_2,ER_RAS,7d,digoxin_caspase_inhibitor,none,RASdig36CI_RAS36CI,,herranz_2_RASdig36CI_RAS36CI,sirtuin 3,Inhibits,Stress-induced,23494737,downregulated
3697195,GSE2487,Limma,Affymetrix_U133A,IMR,,OIS,none,none,,MEK_ER,MEK,3d,OIS,none,PRJNA91885,,RHOA,none,SmallT_E6_E7,Yes,hTERT,-2478.25,-6713.729,,Lung,,,,No,0.0001489485,,,2,M,,,No,,,Human,,collado_1,,,SmallT_E6_E7,none,RstE67_R,1,collado_1_RstE67_R,ras homolog family member A,Inhibits,Oncogene-induced,19147561,downregulated
101822,GSE103938,Limma,,IMR,,RAS_Rap1nM,mTOR,none,12.0,RAS10d_Rap1nM,RAS,10d,OIS,none,PRJNA407729,,DNMT1,mTOR,none,No,,0.0975707375852943,1.32557771144793,10.0,Lung,,,12.0,No,0.754388061419424,,,3,R,RAS,OIS,No,Illumina_HiSeq_2500,Single,Human,50,aarts_1,RAS,10d,rapamycin,10nM,R10nMRap_R1nMRap,,aarts_1_R10nMRap_R1nMRap,DNA methyltransferase 1,Inhibits,Unclear,21572997,no_change
5765068,GSE122079,Limma,,IMR,,RAS_caspase_inhibitor,caspase,none,14.0,RAS_EV36hCI,RAS,7d,OIS,none,PRJNA503415,10.00%,SIK1,IONpump,none,No,,2.023553,650976.6,7.0,Lung,,,14.0,No,1.536154e-06,,,3,R,RAS,OIS,No,Illumina_HiSeq_2500,Single,Human,50,herranz_2,ER_RAS,7d,digoxin_caspase_inhibitor,none,RASdig36CI_RAS36CI,,herranz_2_RASdig36CI_RAS36CI,salt inducible kinase 1,Induces,Unclear,26583757,upregulated
5798713,GSE122079,Limma,,IMR,,RAS_caspase_inhibitor,caspase,none,14.0,RAS_EV36hCI,RAS,7d,OIS,none,PRJNA503415,10.00%,MCAM,IONpump,none,No,,-1.488253,-23172.14,7.0,Lung,,,14.0,No,4.315526e-05,,,3,R,RAS,OIS,No,Illumina_HiSeq_2500,Single,Human,50,herranz_2,ER_RAS,7d,ouabain_caspase_inhibitor,none,RASouab36CI_RAS36CI,,herranz_2_RASouab36CI_RAS36CI,melanoma cell adhesion molecule,Inhibits,Replicative,26941359,downregulated
10410486,GSE133292,Limma,,BJ,,Bleomycin,none,none,,Bleomycin28d,Bleomycin,28d,DDIS,none,PRJNA551006,10.00%,AR,p53,none,No,,1.005847,35835.14,28.0,Skin,,,,No,2.790557e-05,,40ugml_2hr,2,R,Bleomycin,DDIS,No,Illumina_HiSeq_2500,Paired,Human,250,wang_2,Bleomycin,28d,sgp53,none,Bshp53_B28d,,wang_2_Bshp53_B28d,androgen receptor,Induces,Unclear,24244503,upregulated
6687398,GSE53379,Limma,Illumin_HWG6V3,IMR,,DDISshp53,p53,none,,Quiesce1dEtopshp53,Etoposide,7d,DDIS,none,PRJNA231867,10.00%,ETS2,p53,none,No,,1.112141,40325180.0,7.0,Lung,5.00%,Yes,,No,2.47984e-08,,10dPuromycin,3,M,RAS,OIS,No,,,Human,,kirschner_1,H-RASG12V,7d,shp53,none,Rshp53_QD24shp53,1,kirschner_1_Rshp53_QD24shp53,"ETS proto-oncogene 2, transcription factor",Induces,Oncogene-induced,11234019,upregulated
181413,GSE103938,Limma,,IMR,,RAS_Rap10nM,mTOR,none,12.0,Ras_Rap10nM,RAS,10d,OIS,none,PRJNA407729,,PTPN1,mTOR,none,No,,-1.34488290823084,-101.904396001641,10.0,Lung,,,12.0,No,0.0098131193475097,,,3,R,OSKM,OSKM,No,Illumina_HiSeq_2500,Single,Human,50,aarts_1,OSKM,10d,rapamycin,10nM,OSKM10nMRap_R10nMRap,,aarts_1_OSKM10nMRap_R10nMRap,protein tyrosine phosphatase non-receptor type 1,Unclear,Oncogene-induced,25175024,downregulated
18562591,GSE222676,Limma,,IMR,,DDIS,none,none,,Bleomycin_10ugml_24hr,Bleomycin,7d,DDIS,none,PRJNA923006,15%,PIM1,ABCA1,none,Yes,hTERT,-1.37263853148325,-114692.74595401,7.0,Lung,3%,,,No,8.71894723316666e-06,,10ugml_24hr,2,R,Bleomycin,DDIS,No,NovaSeq_6000,Paired,Human,202,Roh,Bleomycin_ABCA1KO,7d,ABCA1_CRISPR,none,DKO_D,Na,Roh_DKO_D,"Pim-1 proto-oncogene, serine/threonine kinase",Induces,Replicative,25040935,downregulated
10956379,GSE156648,Limma,,IMR,,OIS,none,none,,RAS,RAS,4d,OIS,none,PRJNA658579,10.00%,NEK4,DOT1L,none,No,,1.025156,85.22835,4.0,Lung,2.00%,,,No,0.01173318,,,3,R,RAS,OIS,No,Illumina_NovaSeq6000,Paired,Human,150,leon,pBABEHRASG12V,4d,pLKO.1_shDOT1L,none,OKD_O,,leon_OKD_O,NIMA related kinase 4,Induces,Replicative,22851694,upregulated
6726039,GSE53379,Limma,Illumin_HWG6V3,IMR,,DDISshp53,p53,none,,Quiesce2dEtopshp53,Etoposide,7d,DDIS,none,PRJNA231867,10.00%,IL1A,p53,none,No,,4.180226,55204120102.0,7.0,Lung,5.00%,Yes,,No,1.811459e-11,,10dPuromycin,3,M,RAS,OIS,No,,,Human,,kirschner_1,H-RASG12V,7d,shp53,none,Rshp53_QD48shp53,1,kirschner_1_Rshp53_QD48shp53,interleukin 1 alpha,Induces,Unclear,2218499,upregulated
4123648,GSE101766,Limma,,IMR,,RAS,none,none,14.0,RAS_shC,RAS,6d,OIS,none,PRJNA395386,,CDKN1B,BRD8,none,No,,0.0,0.0,6.0,Lung,,,14.0,No,1.0,,,3,R,RAS,OIS,No,Illumina_HiSeq_2500,Single,Human,50,georgilis_1,ER_RAS,6d,BRD8,none,BRD8_RASc,,georgilis_1_BRD8_RASc,cyclin dependent kinase inhibitor 1B,Induces,Unclear,9512419,no_change
167726,GSE103938,Limma,,IMR,,RAS_Rap1nM,mTOR,none,12.0,RAS_Rap1nM,RAS,10d,OIS,none,PRJNA407729,,NR1H2,mTOR,none,No,,-0.238449338084872,-2.01390399642372,10.0,Lung,,,12.0,No,0.496547999197477,,,3,R,OSKM,OSKM,No,Illumina_HiSeq_2500,Single,Human,50,aarts_1,OSKM,10d,rapamycin,1nM,OSKM1nMRap_R1nMRap,,aarts_1_OSKM1nMRap_R1nMRap,nuclear receptor subfamily 1 group H member 2,Inhibits,Stress-induced,24398515,no_change
2753748,GSE134747,Limma,Illumina_HT12V4,BJ,,OIS,none,GR,,BRAF_24h_Clob_2h,RAF,1d,OIS,none,PRJNA556258,,MCRS1,none,GR,Yes,hTERT,-565.4827,-8702445034.0,3.0,Skin,,,,Yes,1.149102e-10,,1000ng_ml,4,M,RAF,OIS,No,,,human,,carvalho_1,BRAF_doxycycline,3d,clobetasol,2nM_2h,O72Clob2_O24Clob2,1,carvalho_1_O72Clob2_O24Clob2,microspherule protein 1,Induces,Unclear,22563078,downregulated
5793999,GSE122079,Limma,,IMR,,RAS_caspase_inhibitor,caspase,none,14.0,RAS_EV36hCI,RAS,7d,OIS,none,PRJNA503415,10.00%,BNIP3L,IONpump,none,No,,1.288056,268009311608.0,7.0,Lung,,,14.0,No,3.731214e-12,,,3,R,RAS,OIS,No,Illumina_HiSeq_2500,Single,Human,50,herranz_2,ER_RAS,7d,ouabain_caspase_inhibitor,none,RASouab36CI_RAS36CI,,herranz_2_RASouab36CI_RAS36CI,BCL2 interacting protein 3 like,Induces,Oncogene-induced,18267069,upregulated
1478362,GSE122918,Limma,Affymetrix_HTA2_0,WI38,,RAS,none,none,,R72_siCTRL,RAS,3d,OIS,none,PRJNA506911,,LIMK1,RELA,none,No,,1.225,60201.82,3.0,Lung,,,,Yes,1.661079e-05,,,4,M,RAS,OIS,No,,,human,,bischof_2,ER:RASv12,3d,siRELA1,20uM,R72relA1_R72jun1,1,bischof_2_R72relA1_R72jun1,LIM domain kinase 1,Induces,Unclear,26583757,upregulated
1414840,GSE122918,Limma,Affymetrix_HTA2_0,WI38,,RAS,none,none,,R72_siCTRL,RAS,3d,OIS,none,PRJNA506911,,FOXQ1,RELA,none,No,,-0.025,-1.245196,3.0,Lung,,,,Yes,0.8030863,,,4,M,RAS,OIS,No,,,human,,bischof_2,ER:RASv12,3d,siRELA1,20uM,R72relA1_R72ctrl,1,bischof_2_R72relA1_R72ctrl,forkhead box Q1,Inhibits,Unclear,29500491,no_change
6612929,GSE53379,Limma,Illumin_HWG6V3,IMR,,DDIS,none,none,,DDIS,Etoposide,7d,DDIS,none,PRJNA231867,10.00%,EIF4EBP1,p53,none,No,,0.8374839,87142.0,7.0,Lung,5.00%,Yes,,No,1.147552e-05,,10dPuromycin,3,M,RAS,OIS,No,,,Human,,kirschner_1,H-RASG12V,7d,shp53,none,Rshp53_D,1,kirschner_1_Rshp53_D,eukaryotic translation initiation factor 4E binding protein 1,Inhibits,Oncogene-induced,19878875,no_change
8378356,GSE24810,Limma,Affymetrix_U133A,HMF3A,5%,OISshp53,p53,none,,Active_SV40LT_shp53,SV40,7d,OIS,none,PRJNA132307,0.25%,TP53INP1,laminA,none,Yes,hTERT_SV40_LT,2.146221,3.130039e+17,7.0,Skin,20%,Yes,,No,3.1948480000000002e-18,,,3,M,SV40,OIS,No,,,Human,,parmjit_1,SV40_LT,7d,shLaminA,none,SSVLA_SSVp53sh,1,parmjit_1_SSVLA_SSVp53sh,tumor protein p53 inducible nuclear protein 1,Induces,Stress-induced,21093163,upregulated
6578432,GSE53379,Limma,Illumin_HWG6V3,IMR,,DDIS,none,none,,Quiesce2dEtop,Etoposide,7d,DDIS,none,PRJNA231867,10.00%,MAP3K5,p53,none,No,,0.08203708,1.206662,,Lung,5.00%,Yes,,Yes,0.8287326,,100uM2d,3,M,Etoposide,DDIS,No,,,Human,,kirschner_1,Etoposide,,shp53,none,QD48shp53_QD48,1,kirschner_1_QD48shp53_QD48,mitogen-activated protein kinase kinase kinase 5,Induces,Stress-induced,16731828,no_change
3542655,GSE19864,Limma,Affymetrix_U133A,IMR,,RAS,none,none,,RAS,RAS,7d,OIS,none,PRJNA124029,10.0%,DDB2,pRb,none,No,,1.079828,216453.9,7.0,Lung,,,,No,4.619922e-06,,,2,M,RAS,OIS,No,,,Human,,chicas_1,H-rasV12,7d,shpRb,none,RshRB_R,1,chicas_1_RshRB_R,damage specific DNA binding protein 2,Induces,Oncogene-induced,20351176,upregulated
5873670,GSE122079,Limma,,IMR,,RAS_digoxin,IONpump,none,14.0,RAS16h_dig,RAS,7d,OIS,none,PRJNA503415,10.00%,NCAPG2,IONpump,none,No,,-0.01683309,-1.082298,7.0,Lung,,,14.0,No,0.9239601,,,3,R,RAS,OIS,No,Illumina_HiSeq_2500,Single,Human,50,herranz_2,ER_RAS,7d,digoxin_caspase_inhibitor,none,RASdig36CI_RASdig16,,herranz_2_RASdig36CI_RASdig16,non-SMC condensin II complex subunit G2,Inhibits,Unclear,25474630,no_change
11727146,GSE178115,Limma,Agilent,HDF,,REP,ROCK_ATM,none,,REP_15d,REP,15d,REP,none,PRJNA737497,10%,BCL3,none,none,No,,343.0,60669.15,15.0,Skin,,,,No,1.648284e-05,,,3,M,REP,REP,No,,,Human,,Yang,REP,15d,Y27632_KU60019,2.5uM_0.5uM,R15dCOMBOi_R15d,1,Yang_R15dCOMBOi_R15d,BCL3 transcription coactivator,Inhibits,Unclear,25255445,upregulated
10429054,GSE133292,Limma,,BJ,,Bleomycin,none,none,,Bleomycin12d,Bleomycin,12d,DDIS,none,PRJNA551006,10.00%,NOX4,p53,none,No,,-1.633468,-218675.2,28.0,Skin,,,,No,4.572993e-06,,40ugml_2hr,2,R,Bleomycin,DDIS,No,Illumina_HiSeq_2500,Paired,Human,250,wang_2,Bleomycin,28d,sgp53,none,Bshp53_B12d,,wang_2_Bshp53_B12d,NADPH oxidase 4,Induces,Oncogene-induced,20523116,downregulated
1540602,GSE122918,Limma,Affymetrix_HTA2_0,WI38,,RAS,RELA,none,,R72_siRELA1,RAS,3d,OIS,none,PRJNA506911,,MAPK1,JUN,none,No,,-0.35,-3153.531,6.0,Lung,,,,No,0.0003171048,,,4,M,RAS,OIS,No,,,human,,bischof_2,ER:RASv12,6d,siJUN1,20uM,R144jun1_R72relA1,1,bischof_2_R144jun1_R72relA1,mitogen-activated protein kinase 1,Induces,Oncogene-induced,23599344,no_change
178248,GSE103938,Limma,,IMR,,RAS_Rap10nM,mTOR,none,12.0,Ras_Rap10nM,RAS,10d,OIS,none,PRJNA407729,,ITPR1,mTOR,none,No,,2.36683324145845,21.1088642388258,10.0,Lung,,,12.0,No,0.0473734630478455,,,3,R,OSKM,OSKM,No,Illumina_HiSeq_2500,Single,Human,50,aarts_1,OSKM,10d,rapamycin,10nM,OSKM10nMRap_R10nMRap,,aarts_1_OSKM10nMRap_R10nMRap,"inositol 1,4,5-trisphosphate receptor type 1",Induces,Oncogene-induced,24797322,upregulated
498641,GSE40349,Limma,Affymetrix_U133A,IMR,,RAS,none,none,,RASshLuc,RAS,7d,OIS,none,PRJNA173792,10%,FASN,pRb,none,No,,-0.7021623,-19.47989,7.0,Lung,,,,No,0.05133499,,,2,M,RAS,OIS,No,,,Human,,aksoy_1,ER:RasV12,7d,shpRb,none,SshRB_R,1,aksoy_1_SshRB_R,fatty acid synthase,Induces,Oncogene-induced,30962418,no_change
10992080,GSE156648,Limma,,IMR,,OIS,none,none,,pBABEHRASG12V,RAS,4d,OIS,none,PRJNA658579,10.00%,RAD21,none,DOT1L,No,,1.814664,18248255662.0,4.0,Lung,2.00%,,,No,5.479976e-11,,,3,R,,,No,Illumina_NovaSeq6000,Paired,Human,150,leon,,4d,MSCB-hDot1lwt,none,POE_O,,leon_POE_O,RAD21 cohesin complex component,Inhibits,Unclear,26529363,upregulated
8931038,GSE128711,Limma,,HFF,,Dox_sgpRb,pRb,none,,Dox_sgpRb,Dox,1d,DDIS,none,PRJNA528619,,NCAPH2,p130,none,No,,-1.123702,-88.02227,1.0,Skin,,,,Yes,0.01136076,,350nM,2,R,Doxorubicin,DDIS,No,NextSeq_500,Single,Human,75,schade_1,Dox,1d,sgp130,none,Dp130_DpRb,,schade_1_Dp130_DpRb,non-SMC condensin II complex subunit H2,Induces,Oncogene-induced,26017022,downregulated
78613410,GSE214409,Limma,,IMR,,OIS,none,none,,RAS,RAS,7d,OIS,,PRJNA885153,10%,ULK3,none,WSTF,No,,-1.66699036040999,-8131.66482745387,7.0,Lung,3%,,,No,0.0001229760474907,,,3,R,Prolif,,No,Illumina_HiSeq_2500,Single,Human,51,Dou,Prolif_WSTFOE,7d,WSTF,none,PW_O,,Dou_PW_O,unc-51 like kinase 3,Induces,Unclear,19279323,downregulated
2729409,GSE134747,Limma,Illumina_HT12V4,BJ,,OIS,none,GR,,BRAF_24h_Clob_2h,RAF,1d,OIS,none,PRJNA556258,,MSN,RELA,none,Yes,hTERT,3.364422,1.929647,1.0,Skin,,,,Yes,0.5182295,,1000ng_ml,3,M,RAF,OIS,No,,,human,,carvalho_1,BRAF_doxycycline,1d,compoundA,2uM_2h,O24CpdA2_O24Clob2,1,carvalho_1_O24CpdA2_O24Clob2,moesin,Inhibits,Unclear,20376899,no_change
4461460,GSE101766,Limma,,IMR,,RAS,none,none,14.0,RAS_shC,RAS,6d,OIS,none,PRJNA395386,,LIMK1,RNF6,none,No,,0.0,0.0,6.0,Lung,,,14.0,No,1.0,,,3,R,RAS,OIS,No,Illumina_HiSeq_2500,Single,Human,50,georgilis_1,ER_RAS,6d,RNF6,none,RNF6_RASc,,georgilis_1_RNF6_RASc,LIM domain kinase 1,Induces,Unclear,26583757,no_change
3610973,GSE19864,Limma,Affymetrix_U133A,IMR,,RAS_shp107,p107,none,,RAS_shp107,RAS,7d,OIS,none,PRJNA124029,10.0%,SAT2,p130,none,No,,1.351457,650.283,7.0,Lung,,,,No,0.001537792,,,2,M,RAS,OIS,No,,,Human,,chicas_1,H-rasV12,7d,shp130,none,Rshp130_Rshp107,1,chicas_1_Rshp130_Rshp107,spermidine/spermine N1-acetyltransferase family member 2,Inhibits,Unclear,26611489,upregulated
9818488,GSE74324,Limma,,IMR,,RASshBRD4,BRD4,none,,RASshBRD4,RAS,12d,OIS,none,PRJNA299683,10.00%,DMTF1,p16_p21,none,No,,1.116132,1261798.0,12.0,Lung,,,,No,7.925198e-07,,,3,R,RAS,OIS,No,Illumina_HiSeq_2500,Single,Human,100,tasdemir,HRASG12V,12d,shp16p21,none,RASshp16p21_RASshBRD4,,tasdemir_RASshp16p21_RASshBRD4,cyclin D binding myb like transcription factor 1,Induces,Oncogene-induced,18267069,upregulated
3982036,GSE151745,Limma,,WI38,,DDIS,none,none,,IR_10Gy,IR,8d,DDIS,none,PRJNA637079,,ROMO1,G3BP1,none,No,,0.2915666,3.198054,8.0,Lung,,,,No,0.3126902,,10Gy,2,R,IR,DDIS,No,NextSeq_500,Single,Human,85,gallouzi,IR,8d,siG3BP1,none,IsiG3BP1_I,,gallouzi_IsiG3BP1_I,reactive oxygen species modulator 1,Induces,Replicative,18836179,no_change
5564373,GSE61130,Limma,,IMR,,RAS,none,none,15.0,RAS_EV,RAS,7d,OIS,none,PRJNA260300,,NFKB2,none,ZFP36L1,No,,-1.26984,-2342304447.0,7.0,Lung,,,15.0,No,4.2693e-10,,,3,R,RAS,OIS,No,Illumina_HiSeq_2500,Paired,Human,200,herranz_1,ER_RAS,7d,ZFP36L1mut,none,RASZmut_RAS,,herranz_1_RASZmut_RAS,nuclear factor kappa B subunit 2,Inhibits,Unclear,25255445,downregulated
7025395,GSE75643,Limma,,Tig3,,BRAF,none,none,,BRAF4d,RAF,4d,OIS,none,PRJNA302675,9.00%,OXTR,none,SV40smallT,Yes,hTERT,2.053446,205.4726,4.0,Lung,,,,No,0.00486683,,,3,R,RAF,OIS,No,Illumina_HiSeq_2000,Single,Human,51,lenain,BRAFE600,4d,SV40smallT,none,BRAF4SV40_4,,lenain_BRAF4SV40_4,oxytocin receptor,Inhibits,Stress-induced,31219803,upregulated
8046519,GSE24810,Limma,Affymetrix_U133A,HMF3A,5%,OIS,none,none,,Inactive_SV40LT_EV,SV40,7d,OIS,none,PRJNA132307,0.25%,ATM,laminA,none,Yes,hTERT_SV40_LT,-0.04940915,-2.136115,7.0,Skin,20%,Yes,,No,0.4681395,,,3,M,SV40,OIS,No,,,Human,,parmjit_1,SV40_LT,7d,shLaminA,none,SSVLA_SSVev,1,parmjit_1_SSVLA_SSVev,ATM serine/threonine kinase,Inhibits,Replicative,9312059,no_change
92443410,GSE214409,Limma,,IMR,,OIS,none,none,,OIS_ctrlVector,RAS,7d,OIS,,PRJNA885153,10%,ID1,none,WSTF,No,,0.302571592792527,458.640671821183,7.0,Lung,3%,,,No,0.0021803561294055,,,3,R,RAS,OIS,No,Illumina_HiSeq_2500,Single,Human,51,Dou,RAS_WSTFOE,7d,WSTF,none,OW_O,,Dou_OW_O,"inhibitor of DNA binding 1, HLH protein",Inhibits,Replicative,12177246,no_change
11647385,GSE178115,Limma,Agilent,HDF,,REP,ATM,none,,REP_8d,REP,8d,REP,none,PRJNA737497,10%,GATA4,none,none,No,,-4.666667,-10.51815,8.0,Skin,,,,No,0.09507375,,,3,M,REP,REP,No,,,Human,,Yang,REP,8d,KU60019,0.5uM,R8dATMi_R8d,1,Yang_R8dATMi_R8d,GATA binding protein 4,Induces,Replicative,26404840,no_change
575087,GSE40349,Limma,Affymetrix_U133A,IMR,,RAS,E2F7,none,,RASshE2F7,RAS,7d,OIS,none,PRJNA173792,10%,MAP2K2,pRb_E2F7,none,No,,-1.222842,-1099.51,7.0,Lung,,,,No,0.000909496,,,2,M,RAS,OIS,No,,,Human,,aksoy_1,ER:RasV12,7d,shpRb_shE2F7,none,SshRBE2F7_SshE2F7,1,aksoy_1_SshRBE2F7_SshE2F7,mitogen-activated protein kinase kinase 2,Induces,Oncogene-induced,9765203,downregulated
10159492,GSE132370,Limma,,IMR,5.00%,IR,none,none,,ProlifEV,IR,10d,DDIS,none,PRJNA547766,10.00%,SLC5A2,HDAC,none,No,,0.0,0.0,10.0,Lung,3.00%,Yes,,No,1.0,,20Gy,3,R,IR,DDIS,No,NextSeq_500,Paired,Human,70,vizioli_2,Xrays,10d,TSA,100nM,It_I,,vizioli_2_It_I,solute carrier family 5 member 2,Induces,Stress-induced,24996978,no_change
6810228,GSE93535,Limma,,HDF161,7.00%,H2O2,none,none,15.0,H2O2,H2O2,15d,DDIS,none,PRJNA361062,10.00%,CSNK2A1,unknown,unknown,No,,-0.02248834,-1.157301,15.0,Skin,Ambient,,15.0,No,0.8640796,,100uM_1hperd,3,R,H2O2,DDIS,No,Illumina_HiSeq_2500,Single,Human,51,laemmermann,H2O2,15d,1201,0.01%,D15plant_D15,,laemmermann_D15plant_D15,casein kinase 2 alpha 1,Inhibits,Replicative,16442104,no_change
4283865,GSE101766,Limma,,IMR,,RAS,none,none,14.0,RAS_shC,RAS,6d,OIS,none,PRJNA395386,,BMI1,ITCH,none,No,,1.13799,135414.5,6.0,Lung,,,14.0,No,7.384732e-06,,,3,R,RAS,OIS,No,Illumina_HiSeq_2500,Single,Human,50,georgilis_1,ER_RAS,6d,ITCH,none,ITCH_RASc,,georgilis_1_ITCH_RASc,"BMI1 proto-oncogene, polycomb ring finger",Inhibits,Replicative,12482990,upregulated
4331346,GSE101766,Limma,,IMR,,RAS,none,none,14.0,RAS_shC,RAS,6d,OIS,none,PRJNA395386,,VCAN,LOC399818,none,No,,-1.085333,-94.09813,6.0,Lung,,,14.0,No,0.0106272,,,3,R,RAS,OIS,No,Illumina_HiSeq_2500,Single,Human,50,georgilis_1,ER_RAS,6d,LOC399818,none,LOC399818_RASc,,georgilis_1_LOC399818_RASc,versican,Induces,Stress-induced,30622695,downregulated
11659876,GSE178115,Limma,Agilent,HDF,,REP,ATM,none,,REP_8d,REP,8d,REP,none,PRJNA737497,10%,TP53BP2,none,none,No,,-167.6667,-248.3221,8.0,Skin,,,,No,0.004027028,,,3,M,REP,REP,No,,,Human,,Yang,REP,8d,KU60019,0.5uM,R8dATMi_R8d,1,Yang_R8dATMi_R8d,tumor protein p53 binding protein 2,Induces,Oncogene-induced,23248303,downregulated
5360807,GSE127116,Limma,,IMR,,RAS_siLTR10,LTR10,none,,RASd8_siLTR10,RAS,8d,OIS,none,PRJNA524181,10.00%,BRIP1,LTR10,none,No,,0.0,0.0,8.0,Lung,,,,No,1.0,,,3,R,RAS,OIS,No,IonXpress,Single,Human,110,hari,ER:RAS,8d,siLTR10,none,R8siLTR10_R5siLTR10,,hari_R8siLTR10_R5siLTR10,BRCA1 interacting helicase 1,Inhibits,Oncogene-induced,22137763,no_change
6628072,GSE53379,Limma,Illumin_HWG6V3,IMR,,OIS,none,none,,OIS,RAS,7d,OIS,none,PRJNA231867,10.00%,MDH1,p53,none,No,,-0.04870144,-1.393211,7.0,Lung,5.00%,Yes,,No,0.7177666,,100uM2d+5d,3,M,Etoposide,DDIS,No,,,Human,,kirschner_1,Etoposide,7d,shp53,none,Dshp53_R,1,kirschner_1_Dshp53_R,malate dehydrogenase 1,Inhibits,Unclear,22971926,no_change
12869681,GSE180406,Limma,,MRC,5%,REP,none,none,71.0,REP_PD75,REP,,REP,none,PRJNA748072,10%,ENTPD7,none,TRF2,No,,0.0940541661660017,1.56791231462891,,Lung,5%,Yes,75.0,,0.637790768444009,,,3,R,REP,REP,No,Illumina_HiSeq_2000,Paired,human,300,Rey_Millet,REP_reanalysis,,TRF2_OE,none,RTRF2_R,,Rey_Millet_RTRF2_R,ectonucleoside triphosphate diphosphohydrolase 7,Induces,Oncogene-induced,27737960,no_change
115845610,GSE212085,Limma,,IMR,5%,DDIS,none,none,,Doxorubicin_150nM,Doxorubicin,10d,DDIS,none,PRJNA873928,10%,STAT5B,none,none,No,,0.344642116833569,6.02860334645955,10.0,Lung,,,,No,0.165875899031784,,150nM,3,R,Doxorubicin,DDIS,No,NextSeq_2000,Paired,Human,116,Marin,Doxorubicin,10d,MDL72527,50uM,DM_D,,Marin_DM_D,signal transducer and activator of transcription 5B,Induces,Unclear,20536843,no_change
3582714,GSE19864,Limma,Affymetrix_U133A,IMR,,RAS_shpRb,pRb,none,,RAS_shpRb,RAS,7d,OIS,none,PRJNA124029,10.0%,LOX,p107,none,No,,1.625328,194410.7,7.0,Lung,,,,No,5.143749e-06,,,2,M,RAS,OIS,No,,,Human,,chicas_1,H-rasV12,7d,shp107,none,Rshp107_RshRB,1,chicas_1_Rshp107_RshRB,lysyl oxidase,Inhibits,Oncogene-induced,24113189,upregulated
9669627,GSE74324,Limma,,IMR,,RAS,none,none,,RASshC,RAS,12d,OIS,none,PRJNA299683,10.00%,CXCL1,none,none,No,,1.370153,5235.45,12.0,Lung,,,,No,0.0001910055,,,3,R,RAS,OIS,No,Illumina_HiSeq_2500,Single,Human,100,tasdemir,HRASG12V,12d,DMSO,100nM_48h,RASwDMSO_RAS,,tasdemir_RASwDMSO_RAS,C-X-C motif chemokine ligand 1,Induces,Oncogene-induced,17060621,upregulated
6715527,GSE53379,Limma,Illumin_HWG6V3,IMR,,DDISshp53,p53,none,,Quiesce1dEtopshp53,Etoposide,7d,DDIS,none,PRJNA231867,10.00%,NFKB2,p53,E1A,No,,1.497815,4643.847,,Lung,5.00%,Yes,,No,0.0002153387,,,3,M,,,No,,,Human,,kirschner_1,,,shp53,none,Ishp53_QD24shp53,1,kirschner_1_Ishp53_QD24shp53,nuclear factor kappa B subunit 2,Inhibits,Unclear,25255445,upregulated
5744887,GSE122079,Limma,,IMR,,RAS,none,none,14.0,RAS_EV36h,RAS,7d,OIS,none,PRJNA503415,10.00%,CAV1,IONpump,none,No,,-1.516605,-3013116000000000.0,7.0,Lung,,,14.0,No,3.318824e-16,,,3,R,RAS,OIS,No,Illumina_HiSeq_2500,Single,Human,50,herranz_2,ER_RAS,7d,digoxin,none,RASdig36_RAS36,,herranz_2_RASdig36_RAS36,caveolin 1,Induces,Unclear,15263006,downregulated
178679,GSE103938,Limma,,IMR,,RAS_Rap10nM,mTOR,none,12.0,Ras_Rap10nM,RAS,10d,OIS,none,PRJNA407729,,LIN54,mTOR,none,No,,1.23971594644828,145.579055348751,10.0,Lung,,,12.0,No,0.0068691199953481,,,3,R,OSKM,OSKM,No,Illumina_HiSeq_2500,Single,Human,50,aarts_1,OSKM,10d,rapamycin,10nM,OSKM10nMRap_R10nMRap,,aarts_1_OSKM10nMRap_R10nMRap,lin-54 DREAM MuvB core complex component,Inhibits,Oncogene-induced,21860417,upregulated
3705526,GSE2487,Limma,Affymetrix_U133A,IMR,,OIS,none,SmallT,,MEK_ER_SmallT,MEK,3d,OIS,none,PRJNA91885,,HMGA1,none,E6_E7,Yes,hTERT,-1644.05,-374.5844,,Lung,,,,No,0.002669626,,,2,M,,,No,,,Human,,collado_1,,,E6_E7,none,RE67_Rst,1,collado_1_RE67_Rst,high mobility group AT-hook 1,Induces,Oncogene-induced,16901784,downregulated
5538441,GSE61130,Limma,,IMR,,RAS_Zwt,none,ZFP36L1,15.0,RAS_Zwt,RAS,7d,OIS,none,PRJNA260300,,LOXL2,none,ZFP36L1,No,,-1.024397,-50717298563.0,7.0,Lung,,,15.0,No,1.971714e-11,,,3,R,RAS,OIS,No,Illumina_HiSeq_2500,Paired,Human,200,herranz_1,ER_RAS,7d,ZFP36L1mut,none,RASZmut_RASZwt,,herranz_1_RASZmut_RASZwt,lysyl oxidase like 2,Inhibits,Oncogene-induced,24113189,downregulated
10255973,GSE132369,Limma,,IMR,5.00%,IR_Parkin,none,Parkin,,IR_Parkin,IR,10d,DDIS,Parkin,PRJNA547764,10.00%,OGG1,mitochondrial,Parkin,No,,0.7143696,108775.6,10.0,Lung,3.00%,Yes,,No,9.193235e-06,,20Gy,3,R,IR,DDIS,No,NextSeq_500,Paired,Human,71,vizioli,Xrays,10d,CCCP,48h12.5uMCCCP2daIR,ICP_IP,,vizioli_ICP_IP,8-oxoguanine DNA glycosylase,Inhibits,Oncogene-induced,24618719,no_change
11310191,GSE124609,Limma,,WI38,,REP,none,none,,Prolif,REP,4d,REP,none,PRJNA512837,,RBPJ,none,none,No,,-0.02475876,-1.095339,4.0,Lung,,1.00%,,No,0.9129595,,,2,R,REP,REP,No,Illumina_HiSeq_2000,Single,Human,51,sabath,REP,4d,HeatShock,2hr_440C_onD4,RHS_R,,sabath_RHS_R,recombination signal binding protein for immunoglobulin kappa J region,Induces,Oncogene-induced,24931169,no_change
6717254,GSE53379,Limma,Illumin_HWG6V3,IMR,,DDISshp53,p53,none,,Quiesce1dEtopshp53,Etoposide,7d,DDIS,none,PRJNA231867,10.00%,RB1,p53,E1A,No,,1.035747,14832119.0,,Lung,5.00%,Yes,,No,6.742125e-08,,,3,M,,,No,,,Human,,kirschner_1,,,shp53,none,Ishp53_QD24shp53,1,kirschner_1_Ishp53_QD24shp53,RB transcriptional corepressor 1,Induces,Stress-induced,24231354,upregulated
9882965,GSE74324,Limma,,IMR,,RASshp16p21,p16_p21,none,,RASshp16p21,RAS,12d,OIS,none,PRJNA299683,10.00%,LATS2,p53_pRb,none,No,,-0.06926898,-4.568032,12.0,Lung,,,,No,0.2189126,,,3,R,RAS,OIS,No,Illumina_HiSeq_2500,Single,Human,100,tasdemir,HRASG12V,12d,shp53pRb,none,RASshp53pRb_RASshp16p21,,tasdemir_RASshp53pRb_RASshp16p21,large tumor suppressor kinase 2,Induces,Replicative,30755404,no_change
8386975,GSE24810,Limma,Affymetrix_U133A,HMF3A,5%,OISe2fkd,E2F,none,,Active_SV40LT_e2fkd,SV40,7d,OIS,none,PRJNA132307,0.25%,OXTR,p53,none,Yes,hTERT_SV40_LT,1.435231,14166.36,7.0,Skin,20%,Yes,,No,7.058977e-05,,,3,M,SV40,OIS,No,,,Human,,parmjit_1,SV40_LT,7d,shp53,none,SSVp53sh_SSVe2f,1,parmjit_1_SSVp53sh_SSVe2f,oxytocin receptor,Inhibits,Stress-induced,31219803,upregulated
11614540,GSE178115,Limma,Agilent,HDF,,REP,ROCK_ATM,none,,REP_3d,REP,3d,REP,none,PRJNA737497,10%,SENP7,none,none,No,,-138.0,-2253.102,3.0,Skin,,,,Yes,0.0004438325,,,3,M,REP,REP,No,,,Human,,Yang,REP,3d,Y27632_KU60019,2.5uM_0.5uM,R3dCOMBOi_R3d,1,Yang_R3dCOMBOi_R3d,SUMO specific peptidase 7,Inhibits,Unclear,18616636,downregulated
10987542,GSE156648,Limma,,IMR,,OIS,none,none,,pBABEHRASG12V,RAS,4d,OIS,none,PRJNA658579,10.00%,ERCC1,none,DOT1L,No,,-1.407892,-42297944840.0,4.0,Lung,2.00%,,,No,2.364181e-11,,,3,R,,,No,Illumina_NovaSeq6000,Paired,Human,150,leon,,4d,MSCB-hDot1lwt,none,POE_O,,leon_POE_O,"ERCC excision repair 1, endonuclease non-catalytic subunit",Inhibits,Unclear,24964749,downregulated
9730719,GSE74324,Limma,,IMR,,RAS,none,none,,RASshC,RAS,12d,OIS,none,PRJNA299683,10.00%,CCL2,p53_pRb,none,No,,1.042683,31510782818.0,12.0,Lung,,,,No,3.173517e-11,,,3,R,RAS,OIS,No,Illumina_HiSeq_2500,Single,Human,100,tasdemir,HRASG12V,12d,shp53pRb,none,RASshp53pRb_RAS,,tasdemir_RASshp53pRb_RAS,C-C motif chemokine ligand 2,Induces,Unclear,26573462,upregulated
3713741,GSE2487,Limma,Affymetrix_U133A,IMR,,OIS,none,SmallT,,MEK_ER_SmallT,MEK,3d,OIS,none,PRJNA91885,,AKTIP,none,SmallT_E6_E7,Yes,hTERT,-81.25,-20.0279,,Lung,,,,No,0.04993034,,,2,M,,,No,,,Human,,collado_1,,,SmallT_E6_E7,none,RstE67_Rst,1,collado_1_RstE67_Rst,AKT interacting protein,Inhibits,Replicative,27512140,downregulated
6622583,GSE53379,Limma,Illumin_HWG6V3,IMR,,OIS,none,none,,OIS,RAS,7d,OIS,none,PRJNA231867,10.00%,ALDH2,p53,none,No,,1.553425,1722458000000.0,7.0,Lung,5.00%,Yes,,No,5.805656e-13,,100uM2d+5d,3,M,Etoposide,DDIS,No,,,Human,,kirschner_1,Etoposide,7d,shp53,none,Dshp53_R,1,kirschner_1_Dshp53_R,aldehyde dehydrogenase 2 family member,Inhibits,Stress-induced,30538807,upregulated
8929996,GSE128711,Limma,,HFF,,Dox_sgpRb,pRb,none,,Dox_sgpRb,Dox,1d,DDIS,none,PRJNA528619,,LMNB1,p130,none,No,,-1.253812,-57.55839,1.0,Skin,,,,Yes,0.01737366,,350nM,2,R,Doxorubicin,DDIS,No,NextSeq_500,Single,Human,75,schade_1,Dox,1d,sgp130,none,Dp130_DpRb,,schade_1_Dp130_DpRb,lamin B1,Inhibits,Oncogene-induced,22155925,downregulated
4178887,GSE101766,Limma,,IMR,,RAS,none,none,14.0,RAS_shC,RAS,6d,OIS,none,PRJNA395386,,PIM1,DCAMKL3,none,No,,0.0,0.0,6.0,Lung,,,14.0,No,1.0,,,3,R,RAS,OIS,No,Illumina_HiSeq_2500,Single,Human,50,georgilis_1,ER_RAS,6d,DCAMKL3,none,DCAMKL3_RASc,,georgilis_1_DCAMKL3_RASc,"Pim-1 proto-oncogene, serine/threonine kinase",Induces,Replicative,25040935,no_change
11739621,GSE178115,Limma,Agilent,HDF,,REP,ROCK_ATM,none,,REP_15d,REP,15d,REP,none,PRJNA737497,10%,POU5F1,none,none,No,,-46.16667,-73.50315,15.0,Skin,,,,No,0.01360486,,,3,M,REP,REP,No,,,Human,,Yang,REP,15d,Y27632_KU60019,2.5uM_0.5uM,R15dCOMBOi_R15d,1,Yang_R15dCOMBOi_R15d,POU class 5 homeobox 1,Induces,Oncogene-induced,22746537,downregulated
11337879,GSE141991,Limma,,IMR,5.00%,OIS,none,none,,ER_RAS,RAS,7d,OIS,none,PRJNA595545,10.00%,CDK2,METTL14,none,No,,-1.038453,-35642193.0,7.0,Lung,2.00%,,,No,2.805663e-08,,,3,R,RAS,OIS,No,NextSeq_500,Paired,Human,75,zhang_2,ER_RAS,7d,siMETTL14,none,OKO_O,,zhang_2_OKO_O,cyclin dependent kinase 2,Inhibits,Replicative,25149358,downregulated
11712802,GSE178115,Limma,Agilent,HDF,,REP,ATM,none,,REP_15d,REP,15d,REP,none,PRJNA737497,10%,ITPR3,none,none,No,,99.0,2844.742,15.0,Skin,,,,No,0.0003515258,,,3,M,REP,REP,No,,,Human,,Yang,REP,15d,KU60019,0.5uM,R15dATMi_R15d,1,Yang_R15dATMi_R15d,"inositol 1,4,5-trisphosphate receptor type 3",Induces,Oncogene-induced,24797322,upregulated
46392161,GSE213993,Limma,,WI38,5%,DDIS,none,none,,DDIS_siControl,IR,10d,DDIS,none,PRJNA883434,10%,DDAH2,BAFF,none,No,,-3.44727232090904,-330.455066774448,10.0,Lung,,1%,,No,0.0030261300265749,,10Gy_10days,2,R,IR,DDIS,No,NovaSeq_6000,Paired,Human,217-219,Rossi,IR,10d,siBAFF,none,Dsi_D,,Rossi_Dsi_D,dimethylarginine dimethylaminohydrolase 2,Inhibits,Unclear,24764313,downregulated
11047460,E-MTAB-9714,Limma,,WI38,5.00%,DDIS,none,none,,DDIS_shNT,Etoposide,9d,DDIS,none,ERP124778,10.00%,CDC25A,H2AJ,none,Yes,hTERT,-0.3567151,-11.24173,9.0,Lung,5.00%,,,No,0.08895429,,48hr_100uM,6,R,Etoposide,DDIS,No,NextSeq_500,Paired,Human,43,mangelinck_1,Etoposide,9d,shH2AJ,pred3d_9d1ugml,DKD_D,,mangelinck_1_DKD_D,cell division cycle 25A,Inhibits,Unclear,32264951,no_change
3689770,GSE2487,Limma,Affymetrix_U133A,IMR,,OIS,none,none,,MEK_ER,MEK,3d,OIS,none,PRJNA91885,,BRD7,none,SmallT_E6_E7,Yes,hTERT,105.1,39.21456,,Lung,,,,No,0.02550073,,,2,M,,,No,,,Human,,collado_1,,,SmallT_E6_E7,none,RstE67_R,1,collado_1_RstE67_R,bromodomain containing 7,Induces,Replicative,20660729,upregulated
9785840,GSE74324,Limma,,IMR,,RASshp53,p53,none,,RASshp53,RAS,12d,OIS,none,PRJNA299683,10.00%,PCGF2,p16_p21,none,No,,-0.04177319,-1.786001,12.0,Lung,,,,No,0.5599102,,,3,R,RAS,OIS,No,Illumina_HiSeq_2500,Single,Human,100,tasdemir,HRASG12V,12d,shp16p21,none,RASshp16p21_RASshp53,,tasdemir_RASshp16p21_RASshp53,polycomb group ring finger 2,Induces,Unclear,17151361,no_change
3794279,GSE76125,Limma,,MRC,5.00%,IR,none,none,,I10,IR,10d,DDIS,Parkin,PRJNA306369,10.00%,NEK4,mitochondrial,Parkin,No,,-1.061781,-969.0136,10.0,Lung,,Yes,,No,0.001031977,,20Gy,3,R,IR,DDIS,No,NextSeq_500,Paired,Human,70,correia_melo,X_rays,10d,CCCP,12.5uM_4d,I10CCCP_I10,,correia_melo_I10CCCP_I10,NIMA related kinase 4,Induces,Replicative,22851694,downregulated
16459513,GSE196610,Limma,,IMR,5%,DDIS,none,Parkin,,IR_ParkinYFP,IR,10d,DDIS,none,PRJNA806156,10.00%,CALR,none,Parkin_mtDNA,No,,-1.80957808501218,-11691529889.9159,10.0,Lung,3%,,,No,8.553200559855849e-11,,20Gy,3,R,IR,DDIS,No,Illumina_NovaSeq6000,Paired,Human,202,Victorelli,IR,10d,CCCP_mtDNA,12uM_15ug,DPCM_DP,,Victorelli_DPCM_DP,calreticulin,Inhibits,Unclear,25378661,downregulated
113290510,GSE155903,Limma,,IMR,,OIS,none,none,,ER:RAS_4OHT,RAS,6d,OIS,none,PRJNA656038,10%,SENP1,none,none,No,,1.14908702476398,6082.78590740484,6.0,Lung,,Na,,No,0.000164398355494,,100nM,4,R,RAS,OIS,No,HiSeq_2500,Single,Human,50,Guerrero,ER:RAS,6d,3deazaadenosine,10uM,O3DA_O,Na,Guerrero_O3DA_O,SUMO specific peptidase 1,Inhibits,Unclear,18616636,upregulated
46999911,GSE224071,Limma,,IMR,5%,OIS,none,none,,RAS_100nM4OHT,RAS,10d,OIS,none,PRJNA929514,10%,RAPGEF4,none,none,No,,-1.55889908862253,-645.778982349584,10.0,Lung,,Yes,,No,0.0015485174143661,,100nM_4OHT_7days,3,R,RAS,OIS,No,NextSeq_2000,Single,Human,71,McHugh_2,RAS,10d,DDD86481,1.5uM,ODDD_O,,McHugh_2_ODDD_O,Rap guanine nucleotide exchange factor 4,Inhibits,Unclear,24169561,downregulated
4323975,GSE101766,Limma,,IMR,,RAS,none,none,14.0,RAS_shC,RAS,6d,OIS,none,PRJNA395386,,GNG11,LOC399818,none,No,,1.160154,44337.15,6.0,Lung,,,14.0,No,2.255445e-05,,,3,R,RAS,OIS,No,Illumina_HiSeq_2500,Single,Human,50,georgilis_1,ER_RAS,6d,LOC399818,none,LOC399818_RASc,,georgilis_1_LOC399818_RASc,G protein subunit gamma 11,Induces,Stress-induced,17092487,upregulated
76813,GSE103938,Limma,,IMR,,RAS,none,none,12.0,RAS10d,RAS,10d,OIS,none,PRJNA407729,,DDAH2,mTOR,none,No,,1.3471525930011,353.831762901952,10.0,Lung,,,12.0,No,0.0028262018983216,,,3,R,RAS,OIS,No,Illumina_HiSeq_2500,Single,Human,50,aarts_1,RAS,10d,rapamycin,1nM,R1nMRap_R,,aarts_1_R1nMRap_R,dimethylarginine dimethylaminohydrolase 2,Inhibits,Unclear,24764313,upregulated
5901968,GSE122079,Limma,,IMR,,RAS_ouabain,IONpump,none,14.0,RAS36h_ouab,RAS,7d,OIS,none,PRJNA503415,10.00%,STN1,IONpump,none,No,,-1.005713,-62830.33,7.0,Lung,,,14.0,No,1.591588e-05,,,3,R,RAS,OIS,No,Illumina_HiSeq_2500,Single,Human,50,herranz_2,ER_RAS,7d,ouabain_caspase_inhibitor,none,RASouab36CI_RASouab16,,herranz_2_RASouab36CI_RASouab16,STN1 subunit of CST complex,Inhibits,Replicative,22964711,downregulated
4508530,GSE101766,Limma,,IMR,,RAS,none,none,14.0,RAS_shC,RAS,6d,OIS,none,PRJNA395386,,E2F1,UBE2V2,none,No,,0.0,0.0,6.0,Lung,,,14.0,No,1.0,,,3,R,RAS,OIS,No,Illumina_HiSeq_2500,Single,Human,50,georgilis_1,ER_RAS,6d,UBE2V2,none,UBE2V2_RASc,,georgilis_1_UBE2V2_RASc,E2F transcription factor 1,Induces,Unclear,10594030,no_change
4234069,GSE101766,Limma,,IMR,,RAS,none,none,14.0,RAS_shC,RAS,6d,OIS,none,PRJNA395386,,ATF6,HSPC182,none,No,,0.4194442,5.618677,6.0,Lung,,,14.0,No,0.1779778,,,3,R,RAS,OIS,No,Illumina_HiSeq_2500,Single,Human,50,georgilis_1,ER_RAS,6d,HSPC182,none,HSPC182_RASc,,georgilis_1_HSPC182_RASc,activating transcription factor 6,Induces,Replicative,28803844,no_change
3593649,GSE19864,Limma,Affymetrix_U133A,IMR,,RAS_shpRb,pRb,none,,RAS_shpRb,RAS,7d,OIS,none,PRJNA124029,10.0%,GMNN,p130,none,No,,-2.758659,-19750290.0,7.0,Lung,,,,No,5.063217e-08,,,2,M,RAS,OIS,No,,,Human,,chicas_1,H-rasV12,7d,shp130,none,Rshp130_RshRB,1,chicas_1_Rshp130_RshRB,geminin DNA replication inhibitor,Inhibits,Replicative,23142824,downregulated
4308464,GSE101766,Limma,,IMR,,RAS,none,none,14.0,RAS_shC,RAS,6d,OIS,none,PRJNA395386,,AXL,KCNQ4,none,No,,1.076915,3363.662,6.0,Lung,,,14.0,No,0.000297295,,,3,R,RAS,OIS,No,Illumina_HiSeq_2500,Single,Human,50,georgilis_1,ER_RAS,6d,KCNQ4,none,KCNQ4_RASc,,georgilis_1_KCNQ4_RASc,AXL receptor tyrosine kinase,Induces,Unclear,26583757,upregulated
5574723,GSE61130,Limma,,IMR,,RAS,none,none,15.0,RAS_EV,RAS,7d,OIS,none,PRJNA260300,,HSP90AB1,none,ZFP36L1,No,,0.05365818,3.011677,7.0,Lung,,,15.0,No,0.3320409,,,3,R,RAS,OIS,No,Illumina_HiSeq_2500,Paired,Human,200,herranz_1,ER_RAS,7d,ZFP36L1wt,none,RASZwt_RAS,,herranz_1_RASZwt_RAS,heat shock protein 90 alpha family class B member 1,Inhibits,Oncogene-induced,27793846,no_change
9756411,GSE74324,Limma,,IMR,,RASshp53,p53,none,,RASshp53,RAS,12d,OIS,none,PRJNA299683,10.00%,DDB2,BRD4,none,No,,1.456161,38884959412.0,12.0,Lung,,,,No,2.571688e-11,,,3,R,RAS,OIS,No,Illumina_HiSeq_2500,Single,Human,100,tasdemir,HRASG12V,12d,shBRD4,none,RASshBRD4_RASshp53,,tasdemir_RASshBRD4_RASshp53,damage specific DNA binding protein 2,Induces,Oncogene-induced,20351176,upregulated
6557277,GSE53379,Limma,Illumin_HWG6V3,IMR,,DDIS,none,none,,DDIS,Etoposide,7d,DDIS,none,PRJNA231867,10.00%,SIRT2,p53,none,No,,-0.189507,-5.193353,7.0,Lung,5.00%,Yes,,No,0.1925538,,100uM2d+5d,3,M,Etoposide,DDIS,No,,,Human,,kirschner_1,Etoposide,7d,shp53,none,Dshp53_D,1,kirschner_1_Dshp53_D,sirtuin 2,Inhibits,Unclear,25924011,no_change
4284212,GSE101766,Limma,,IMR,,RAS,none,none,14.0,RAS_shC,RAS,6d,OIS,none,PRJNA395386,,CALR,ITCH,none,No,,-1.11621,-5934.229,6.0,Lung,,,14.0,No,0.0001685139,,,3,R,RAS,OIS,No,Illumina_HiSeq_2500,Single,Human,50,georgilis_1,ER_RAS,6d,ITCH,none,ITCH_RASc,,georgilis_1_ITCH_RASc,calreticulin,Inhibits,Unclear,25378661,downregulated
4054596,GSE101766,Limma,,IMR,,RAS,none,none,14.0,RAS_shC,RAS,6d,OIS,none,PRJNA395386,,OGT,CEBPb,none,No,,-0.1665783,-1.72619,6.0,Lung,,,14.0,No,0.5793104,,,3,R,RAS,OIS,No,Illumina_HiSeq_2500,Single,Human,50,georgilis_1,ER_RAS,6d,CEBPB,none,CEBPB_RASc,,georgilis_1_CEBPB_RASc,O-linked N-acetylglucosamine (GlcNAc) transferase,Induces,Oncogene-induced,27217568,no_change
11339377,GSE141991,Limma,,IMR,5.00%,OIS,none,none,,ER_RAS,RAS,7d,OIS,none,PRJNA595545,10.00%,FOXQ1,METTL14,none,No,,-1.884198,-2422936.0,7.0,Lung,2.00%,,,No,4.127224e-07,,,3,R,RAS,OIS,No,NextSeq_500,Paired,Human,75,zhang_2,ER_RAS,7d,siMETTL14,none,OKO_O,,zhang_2_OKO_O,forkhead box Q1,Inhibits,Unclear,29500491,downregulated
2737297,GSE134747,Limma,Illumina_HT12V4,BJ,,OIS,none,GR,,BRAF_24h_Clob_2h,RAF,1d,OIS,none,PRJNA556258,,CDK4,none,GR,Yes,hTERT,1474.469,84969.01,2.0,Skin,,,,Yes,1.1769e-05,,1000ng_ml,4,M,RAF,OIS,No,,,human,,carvalho_1,BRAF_doxycycline,2d,clobetasol,2nM_2h,O48Clob2_O24Clob2,1,carvalho_1_O48Clob2_O24Clob2,cyclin dependent kinase 4,Inhibits,Replicative,12082615,upregulated
10255041,GSE132369,Limma,,IMR,5.00%,IR_Parkin,none,Parkin,,IR_Parkin,IR,10d,DDIS,Parkin,PRJNA547764,10.00%,MME,mitochondrial,Parkin,No,,-1.513295,-14228298188.0,10.0,Lung,3.00%,Yes,,No,7.028247e-11,,20Gy,3,R,IR,DDIS,No,NextSeq_500,Paired,Human,71,vizioli,Xrays,10d,CCCP,48h12.5uMCCCP2daIR,ICP_IP,,vizioli_ICP_IP,membrane metalloendopeptidase,Induces,Oncogene-induced,30671946,downregulated
9888925,GSE74324,Limma,,IMR,,RASshp16p21,p16_p21,none,,RASshp16p21,RAS,12d,OIS,none,PRJNA299683,10.00%,UHRF1,p53_pRb,none,No,,1.09891,140596700000000.0,12.0,Lung,,,,No,7.112544e-15,,,3,R,RAS,OIS,No,Illumina_HiSeq_2500,Single,Human,100,tasdemir,HRASG12V,12d,shp53pRb,none,RASshp53pRb_RASshp16p21,,tasdemir_RASshp53pRb_RASshp16p21,ubiquitin like with PHD and ring finger domains 1,Inhibits,Oncogene-induced,28394343,upregulated
5798384,GSE122079,Limma,,IMR,,RAS_caspase_inhibitor,caspase,none,14.0,RAS_EV36hCI,RAS,7d,OIS,none,PRJNA503415,10.00%,LPAR3,IONpump,none,No,,1.286961,4957964.0,7.0,Lung,,,14.0,No,2.016957e-07,,,3,R,RAS,OIS,No,Illumina_HiSeq_2500,Single,Human,50,herranz_2,ER_RAS,7d,ouabain_caspase_inhibitor,none,RASouab36CI_RAS36CI,,herranz_2_RASouab36CI_RAS36CI,lysophosphatidic acid receptor 3,Inhibits,Unclear,27641212,upregulated
4198876,GSE101766,Limma,,IMR,,RAS,none,none,14.0,RAS_shC,RAS,6d,OIS,none,PRJNA395386,,DMTF1,EMR4,none,No,,1.239412,72.83033,6.0,Lung,,,14.0,No,0.01373054,,,3,R,RAS,OIS,No,Illumina_HiSeq_2500,Single,Human,50,georgilis_1,ER_RAS,6d,EMR4,none,EMR4_RASc,,georgilis_1_EMR4_RASc,cyclin D binding myb like transcription factor 1,Induces,Oncogene-induced,18267069,upregulated
5775137,GSE122079,Limma,,IMR,,RAS,none,none,14.0,RAS_EV16h,RAS,6d,OIS,none,PRJNA503415,10.00%,OGG1,IONpump,none,No,,-0.406967,-14.13847,6.0,Lung,,,14.0,No,0.07072904,,,3,R,RAS,OIS,No,Illumina_HiSeq_2500,Single,Human,50,herranz_2,ER_RAS,6d,ouabain,none,RASouab16_RAS16,,herranz_2_RASouab16_RAS16,8-oxoguanine DNA glycosylase,Inhibits,Oncogene-induced,24618719,no_change
8908939,GSE128711,Limma,,HFF,,Dox,none,none,,Dox,Dox,1d,DDIS,none,PRJNA528619,,SERPINB2,pRb,none,No,,1.189699,70622.93,1.0,Skin,,,,Yes,1.415971e-05,,350nM,2,R,Doxorubicin,DDIS,No,NextSeq_500,Single,Human,75,schade_1,Dox,1d,sgpRb,none,DpRb_D,,schade_1_DpRb_D,serpin family B member 2,Induces,Unclear,28794016,upregulated
1573765,GSE122918,Limma,Affymetrix_HTA2_0,WI38,,RAS,none,none,,R144_siCTRL,RAS,6d,OIS,none,PRJNA506911,,CDK4,JUN,none,No,,0.2125,98.15014,6.0,Lung,,,,No,0.01018847,,,4,M,RAS,OIS,No,,,human,,bischof_2,ER:RASv12,6d,siJUN1,20uM,R144jun1_R144ctrl,1,bischof_2_R144jun1_R144ctrl,cyclin dependent kinase 4,Inhibits,Replicative,12082615,no_change
8901305,GSE128711,Limma,,HFF,,Dox,none,none,,Dox,Dox,1d,DDIS,none,PRJNA528619,,CBX8,pRb,none,No,,2.038068,177.2681,1.0,Skin,,,,Yes,0.005641172,,350nM,2,R,Doxorubicin,DDIS,No,NextSeq_500,Single,Human,75,schade_1,Dox,1d,sgpRb,none,DpRb_D,,schade_1_DpRb_D,chromobox 8,Inhibits,Unclear,17332741,upregulated
9803671,GSE74324,Limma,,IMR,,RASshBRD4,BRD4,none,,RASshBRD4,RAS,12d,OIS,none,PRJNA299683,10.00%,AHR,RELA,none,No,,1.052157,41253392318.0,12.0,Lung,,,,No,2.424043e-11,,,3,R,RAS,OIS,No,Illumina_HiSeq_2500,Single,Human,100,tasdemir,HRASG12V,12d,shRELA,none,RASshRELA_RASshBRD4,,tasdemir_RASshRELA_RASshBRD4,aryl hydrocarbon receptor,Induces,Stress-induced,15111621,upregulated
9832886,GSE74324,Limma,,IMR,,RASshBRD4,BRD4,none,,RASshBRD4,RAS,12d,OIS,none,PRJNA299683,10.00%,IGFBP5,p53_pRb,none,No,,2.557056,3.016372e+32,12.0,Lung,,,,No,3.315241e-33,,,3,R,RAS,OIS,No,Illumina_HiSeq_2500,Single,Human,100,tasdemir,HRASG12V,12d,shp53pRb,none,RASshp53pRb_RASshBRD4,,tasdemir_RASshp53pRb_RASshBRD4,insulin like growth factor binding protein 5,Induces,Replicative,17804819,upregulated
2639312,GSE134747,Limma,Illumina_HT12V4,BJ,,OIS,none,none,,BRAF_24h_DMSO_2h,RAF,1d,OIS,none,PRJNA556258,,DNMT1,RELA,none,Yes,hTERT,-11.91648,-175.06,1.0,Skin,,,,Yes,0.005712328,,1000ng_ml,3,M,RAF,OIS,No,,,human,,carvalho_1,BRAF_doxycycline,1d,compoundA,2uM_2h,O24CpdA2_O24DMSO2,1,carvalho_1_O24CpdA2_O24DMSO2,DNA methyltransferase 1,Inhibits,Unclear,21572997,downregulated
3677887,GSE2487,Limma,Affymetrix_U133A,IMR,,OIS,none,none,,MEK_ER,MEK,3d,OIS,none,PRJNA91885,,CCND1,none,E6_E7,Yes,hTERT,-722.85,-349.7157,,Lung,,,,No,0.002859466,,,2,M,,,No,,,Human,,collado_1,,,E6_E7,none,RE67_R,1,collado_1_RE67_R,cyclin D1,Induces,Unclear,7698220,downregulated
9777140,GSE74324,Limma,,IMR,,RASshp53,p53,none,,RASshp53,RAS,12d,OIS,none,PRJNA299683,10.00%,TRDMT1,RELA,none,No,,-1.098883,-656.9295,12.0,Lung,,,,No,0.001522233,,,3,R,RAS,OIS,No,Illumina_HiSeq_2500,Single,Human,100,tasdemir,HRASG12V,12d,shRELA,none,RASshRELA_RASshp53,,tasdemir_RASshRELA_RASshp53,tRNA aspartic acid methyltransferase 1,Inhibits,Replicative,28843151,downregulated
5736486,GSE122079,Limma,,IMR,,RAS,none,none,14.0,RAS_EV16h,RAS,6d,OIS,none,PRJNA503415,10.00%,LOX,IONpump,none,No,,-0.1450462,-3.473327,6.0,Lung,,,14.0,No,0.2879084,,,3,R,RAS,OIS,No,Illumina_HiSeq_2500,Single,Human,50,herranz_2,ER_RAS,6d,digoxin,none,RASdig16_RAS16,,herranz_2_RASdig16_RAS16,lysyl oxidase,Inhibits,Oncogene-induced,24113189,no_change
4077710,GSE101766,Limma,,IMR,,RAS,none,none,14.0,RAS_shC,RAS,6d,OIS,none,PRJNA395386,,LEO1,AKR1C1,none,No,,-0.08191499,-1.973596,6.0,Lung,,,14.0,No,0.5066893,,,3,R,RAS,OIS,No,Illumina_HiSeq_2500,Single,Human,50,georgilis_1,ER_RAS,6d,AKR1C1,none,AKR1C1_RASc,,georgilis_1_AKR1C1_RASc,"LEO1 homolog, Paf1/RNA polymerase II complex component",Unclear,Replicative,15791002,no_change
46569310,GSE214409,Limma,,IMR,,OIS,none,none,,RAS,RAS,7d,OIS,,PRJNA885153,10%,DEK,none,WSTF,No,,2.65937285057085,7471376.74367588,7.0,Lung,3%,,,No,1.33844140686179e-07,,,3,R,Prolif,,No,Illumina_HiSeq_2500,Single,Human,51,Dou,Prolif_WSTFOE,7d,WSTF,none,PW_O,,Dou_PW_O,DEK proto-oncogene,Inhibits,Replicative,16254365,upregulated
11743968,GSE178115,Limma,Agilent,HDF,,REP,ROCK_ATM,none,,REP_15d,REP,15d,REP,none,PRJNA737497,10%,TGFB1I1,none,none,No,,4340.667,2146303110.0,15.0,Skin,,,,No,4.659174e-10,,,3,M,REP,REP,No,,,Human,,Yang,REP,15d,Y27632_KU60019,2.5uM_0.5uM,R15dCOMBOi_R15d,1,Yang_R15dCOMBOi_R15d,transforming growth factor beta 1 induced transcript 1,Induces,Unclear,9032249,upregulated
4252905,GSE101766,Limma,,IMR,,RAS,none,none,14.0,RAS_shC,RAS,6d,OIS,none,PRJNA395386,,PDCD10,IFNA17,none,No,,1.229913,3326621038.0,6.0,Lung,,,14.0,No,3.006053e-10,,,3,R,RAS,OIS,No,Illumina_HiSeq_2500,Single,Human,50,georgilis_1,ER_RAS,6d,IFNA17,none,IFNA17_RASc,,georgilis_1_IFNA17_RASc,programmed cell death 10,Induces,Replicative,25655101,upregulated
8081889,GSE24810,Limma,Affymetrix_U133A,HMF3A,5%,OIS,none,none,,Inactive_SV40LT_EV,SV40,7d,OIS,none,PRJNA132307,0.25%,VEGFA,none,E1A,Yes,hTERT_SV40_LT,-3.595918,-8.138312e+22,7.0,Skin,20%,Yes,,No,1.2287560000000001e-23,,,3,M,,,No,,,Human,,parmjit_1,,7d,Ad5_E1A_12S,none,ISVe1a_SSVev,1,parmjit_1_ISVe1a_SSVev,vascular endothelial growth factor A,Inhibits,Replicative,9160882,downregulated
1488298,GSE122918,Limma,Affymetrix_HTA2_0,WI38,,RAS,JUN,none,,R72_siJUN1,RAS,3d,OIS,none,PRJNA506911,,E2F1,ETS1,none,No,,0.1,4.587517,6.0,Lung,,,,No,0.2179829,,,4,M,RAS,OIS,No,,,human,,bischof_2,ER:RASv12,6d,siETS11,20uM,R144ets11_R72jun1,1,bischof_2_R144ets11_R72jun1,E2F transcription factor 1,Induces,Unclear,10594030,no_change
5887505,GSE122079,Limma,,IMR,,RAS_ouabain,IONpump,none,14.0,RAS16h_ouab,RAS,7d,OIS,none,PRJNA503415,10.00%,PRPF19,IONpump,none,No,,1.027999,6905.913,7.0,Lung,,,14.0,No,0.0001448034,,,3,R,RAS,OIS,No,Illumina_HiSeq_2500,Single,Human,50,herranz_2,ER_RAS,7d,ouabain,none,RASouab36_RASouab16,,herranz_2_RASouab36_RASouab16,pre-mRNA processing factor 19,Inhibits,Replicative,16388800,upregulated
9718503,GSE74324,Limma,,IMR,,RAS,none,none,,RASshC,RAS,12d,OIS,none,PRJNA299683,10.00%,CDKN1A,p16_p21,none,No,,-1.679809,-6.592155e+32,12.0,Lung,,,,No,1.5169550000000001e-33,,,3,R,RAS,OIS,No,Illumina_HiSeq_2500,Single,Human,100,tasdemir,HRASG12V,12d,shp16p21,none,RASshp16p21_RAS,,tasdemir_RASshp16p21_RAS,cyclin dependent kinase inhibitor 1A,Induces,Replicative,9242615,downregulated
11594610,GSE178115,Limma,Agilent,HDF,,REP,ATM,none,,REP_3d,REP,3d,REP,none,PRJNA737497,10%,SORBS2,none,none,No,,36.16667,647.1402,3.0,Skin,,,,Yes,0.00154526,,,3,M,REP,REP,No,,,Human,,Yang,REP,3d,KU60019,0.5uM,R3dATMi_R3d,1,Yang_R3dATMi_R3d,sorbin and SH3 domain containing 2,Induces,Unclear,24165198,upregulated
8072159,GSE24810,Limma,Affymetrix_U133A,HMF3A,5%,OIS,none,none,,Inactive_SV40LT_EV,SV40,7d,OIS,none,PRJNA132307,0.25%,CDC25A,none,E1A,Yes,hTERT_SV40_LT,1.603283,88858030000000.0,7.0,Skin,20%,Yes,,No,1.125391e-14,,,3,M,,,No,,,Human,,parmjit_1,,7d,Ad5_E1A_12S,none,ISVe1a_SSVev,1,parmjit_1_ISVe1a_SSVev,cell division cycle 25A,Inhibits,Unclear,32264951,upregulated
4482601,GSE101766,Limma,,IMR,,RAS,none,none,14.0,RAS_shC,RAS,6d,OIS,none,PRJNA395386,,CDK6,SKP1A,none,No,,-1.320238,-1044.776,6.0,Lung,,,14.0,No,0.000957143,,,3,R,RAS,OIS,No,Illumina_HiSeq_2500,Single,Human,50,georgilis_1,ER_RAS,6d,SKP1A,none,SKP1A_RASc,,georgilis_1_SKP1A_RASc,cyclin dependent kinase 6,Inhibits,Replicative,12082615,downregulated
5984897,GSE42368,Limma,Illumina_HT12V3,FL2,,DDIS,none,none,,Dox,Dox,1d,DDIS,none,PRJNA181197,,MTOR,DINO,none,No,,94.03605,46.94202,1.0,Lung,,,,Yes,0.02130287,,200ng/ml_1d,3,M,Doxorubicin,DDIS,No,,,Human,,hung_1,Dox,1d,shDINO,none,DshDINO_D,1,hung_1_DshDINO_D,mechanistic target of rapamycin kinase,Inhibits,Stress-induced,31219803,upregulated
72597410,GSE214409,Limma,,IMR,,OIS,none,none,,RAS,RAS,7d,OIS,,PRJNA885153,10%,SAT2,none,WSTF,No,,-1.1188939071616,-36915856.9957611,7.0,Lung,3%,,,No,2.70886302359126e-08,,,3,R,Prolif,,No,Illumina_HiSeq_2500,Single,Human,51,Dou,Prolif_WSTFOE,7d,WSTF,none,PW_O,,Dou_PW_O,spermidine/spermine N1-acetyltransferase family member 2,Inhibits,Unclear,26611489,downregulated
3715385,GSE2487,Limma,Affymetrix_U133A,IMR,,OIS,none,SmallT,,MEK_ER_SmallT,MEK,3d,OIS,none,PRJNA91885,,CKB,none,SmallT_E6_E7,Yes,hTERT,117.9,127.3695,,Lung,,,,No,0.00785117,,,2,M,,,No,,,Human,,collado_1,,,SmallT_E6_E7,none,RstE67_Rst,1,collado_1_RstE67_Rst,creatine kinase B,Induces,Unclear,26583757,upregulated
3720228,GSE2487,Limma,Affymetrix_U133A,IMR,,OIS,none,SmallT,,MEK_ER_SmallT,MEK,3d,OIS,none,PRJNA91885,,NRAS,none,SmallT_E6_E7,Yes,hTERT,-83.9,-96.71305,,Lung,,,,No,0.01033987,,,2,M,,,No,,,Human,,collado_1,,,SmallT_E6_E7,none,RstE67_Rst,1,collado_1_RstE67_Rst,"NRAS proto-oncogene, GTPase",Induces,Oncogene-induced,16964246,downregulated
174365,GSE103938,Limma,,IMR,,RAS_Rap10nM,mTOR,none,12.0,Ras_Rap10nM,RAS,10d,OIS,none,PRJNA407729,,BLVRA,mTOR,none,No,,-1.23208194081403,-22.8519049279788,10.0,Lung,,,12.0,No,0.043760028021806,,,3,R,OSKM,OSKM,No,Illumina_HiSeq_2500,Single,Human,50,aarts_1,OSKM,10d,rapamycin,10nM,OSKM10nMRap_R10nMRap,,aarts_1_OSKM10nMRap_R10nMRap,biliverdin reductase A,Inhibits,Stress-induced,21099244,downregulated
10410955,GSE133292,Limma,,BJ,,Bleomycin,none,none,,Bleomycin28d,Bleomycin,28d,DDIS,none,PRJNA551006,10.00%,BIN1,p53,none,No,,0.5081004,782.1197,28.0,Skin,,,,No,0.001278577,,40ugml_2hr,2,R,Bleomycin,DDIS,No,Illumina_HiSeq_2500,Paired,Human,250,wang_2,Bleomycin,28d,sgp53,none,Bshp53_B28d,,wang_2_Bshp53_B28d,bridging integrator 1,Induces,Oncogene-induced,18267069,no_change
9826601,GSE74324,Limma,,IMR,,RASshBRD4,BRD4,none,,RASshBRD4,RAS,12d,OIS,none,PRJNA299683,10.00%,TPP1,p16_p21,none,No,,1.212426,1.781942e+22,12.0,Lung,,,,No,5.611855e-23,,,3,R,RAS,OIS,No,Illumina_HiSeq_2500,Single,Human,100,tasdemir,HRASG12V,12d,shp16p21,none,RASshp16p21_RASshBRD4,,tasdemir_RASshp16p21_RASshBRD4,tripeptidyl peptidase 1,Inhibits,Stress-induced,27559927,upregulated
9740541,GSE74324,Limma,,IMR,,RAS,none,none,,RASshC,RAS,12d,OIS,none,PRJNA299683,10.00%,VEGFA,p53_pRb,none,No,,1.063337,1277471000000.0,12.0,Lung,,,,No,7.827969e-13,,,3,R,RAS,OIS,No,Illumina_HiSeq_2500,Single,Human,100,tasdemir,HRASG12V,12d,shp53pRb,none,RASshp53pRb_RAS,,tasdemir_RASshp53pRb_RAS,vascular endothelial growth factor A,Inhibits,Replicative,9160882,upregulated
5867182,GSE122079,Limma,,IMR,,RAS_digoxin,IONpump,none,14.0,RAS16h_dig,RAS,7d,OIS,none,PRJNA503415,10.00%,AAK1,IONpump,none,No,,1.295382,23330.52,7.0,Lung,,,14.0,No,4.286231e-05,,,3,R,RAS,OIS,No,Illumina_HiSeq_2500,Single,Human,50,herranz_2,ER_RAS,7d,digoxin_caspase_inhibitor,none,RASdig36CI_RASdig16,,herranz_2_RASdig36CI_RASdig16,AP2 associated kinase 1,Induces,Unclear,26583757,upregulated
91656,GSE103938,Limma,,IMR,,RAS,none,none,12.0,RAS10d,RAS,10d,OIS,none,PRJNA407729,,KAT5,mTOR,none,No,,1.24522213350394,35.3200443329699,10.0,Lung,,,12.0,No,0.0283125352440891,,,3,R,RAS,OIS,No,Illumina_HiSeq_2500,Single,Human,50,aarts_1,RAS,10d,rapamycin,10nM,R10nMRap_R,,aarts_1_R10nMRap_R,lysine acetyltransferase 5,Induces,Oncogene-induced,23685072,upregulated
48073921,GSE224071,Limma,,IMR,5%,OIS,none,none,,RAS_100nM4OHT,RAS,10d,OIS,none,PRJNA929514,10%,TP53BP1,none,none,No,,0.638620922928994,77.0490240116238,10.0,Lung,,Yes,,No,0.0129787497353521,,100nM_4OHT_7days,3,R,RAS,OIS,No,NextSeq_2000,Single,Human,71,McHugh_2,RAS,10d,DDD86481,1.5uM,ODDD_O,,McHugh_2_ODDD_O,tumor protein p53 binding protein 1,Induces,Unclear,27371829,no_change
5893657,GSE122079,Limma,,IMR,,RAS_ouabain,IONpump,none,14.0,RAS36h_ouab,RAS,7d,OIS,none,PRJNA503415,10.00%,CDCA4,IONpump,none,No,,0.9585407,7653296.0,7.0,Lung,,,14.0,No,1.306627e-07,,,3,R,RAS,OIS,No,Illumina_HiSeq_2500,Single,Human,50,herranz_2,ER_RAS,7d,ouabain_caspase_inhibitor,none,RASouab36CI_RASouab16,,herranz_2_RASouab36CI_RASouab16,cell division cycle associated 4,Inhibits,Unclear,32264951,no_change
6637209,GSE53379,Limma,Illumin_HWG6V3,IMR,,DDISshp53,p53,none,,DDISshp53,Etoposide,7d,DDIS,none,PRJNA231867,10.00%,DEK,p53,none,No,,-1.142698,-13629849271.0,7.0,Lung,5.00%,Yes,,No,7.336838e-11,,10dPuromycin,3,M,RAS,OIS,No,,,Human,,kirschner_1,H-RASG12V,7d,shp53,none,Rshp53_Dshp53,1,kirschner_1_Rshp53_Dshp53,DEK proto-oncogene,Inhibits,Replicative,16254365,downregulated
11610957,GSE178115,Limma,Agilent,HDF,,REP,ROCK_ATM,none,,REP_3d,REP,3d,REP,none,PRJNA737497,10%,OGT,none,none,No,,-836.3333,-52.63859,3.0,Skin,,,,Yes,0.01899747,,,3,M,REP,REP,No,,,Human,,Yang,REP,3d,Y27632_KU60019,2.5uM_0.5uM,R3dCOMBOi_R3d,1,Yang_R3dCOMBOi_R3d,O-linked N-acetylglucosamine (GlcNAc) transferase,Induces,Oncogene-induced,27217568,downregulated
9743722,GSE74324,Limma,,IMR,,RAS,none,none,,RASshCwDMSO,RAS,12d,OIS,none,PRJNA299683,10.00%,CPEB1,BRD4,none,No,,-1.71521,-49161092.0,12.0,Lung,,,,No,2.034129e-08,,,3,R,RAS,OIS,No,Illumina_HiSeq_2500,Single,Human,100,tasdemir,HRASG12V,12d,JQ1,100nM_48h,RASwJQ1_RASwDMSO,,tasdemir_RASwJQ1_RASwDMSO,cytoplasmic polyadenylation element binding protein 1,Induces,Replicative,19141477,downregulated
5801741,GSE122079,Limma,,IMR,,RAS_caspase_inhibitor,caspase,none,14.0,RAS_EV36hCI,RAS,7d,OIS,none,PRJNA503415,10.00%,RPTOR,IONpump,none,No,,-1.237838,-2142.291,7.0,Lung,,,14.0,No,0.00046679,,,3,R,RAS,OIS,No,Illumina_HiSeq_2500,Single,Human,50,herranz_2,ER_RAS,7d,ouabain_caspase_inhibitor,none,RASouab36CI_RAS36CI,,herranz_2_RASouab36CI_RAS36CI,regulatory associated protein of MTOR complex 1,Induces,Unclear,28888905,downregulated
9759255,GSE74324,Limma,,IMR,,RASshp53,p53,none,,RASshp53,RAS,12d,OIS,none,PRJNA299683,10.00%,LIN9,BRD4,none,No,,-1.032055,-28271.42,12.0,Lung,,,,No,3.537141e-05,,,3,R,RAS,OIS,No,Illumina_HiSeq_2500,Single,Human,100,tasdemir,HRASG12V,12d,shBRD4,none,RASshBRD4_RASshp53,,tasdemir_RASshBRD4_RASshp53,lin-9 DREAM MuvB core complex component,Inhibits,Oncogene-induced,21860417,downregulated
207364,GSE103938,Limma,,IMR,,RAS,none,none,12.0,RAS10d,RAS,10d,OIS,none,PRJNA407729,,SIRT3,mTOR,none,No,,2.73281861246481,183.669554180919,10.0,Lung,,,12.0,No,0.0054445605013827,,,3,R,OSKM,OSKM,No,Illumina_HiSeq_2500,Single,Human,50,aarts_1,OSKM,10d,rapamycin,10nM,OSKM10nMRap_R,,aarts_1_OSKM10nMRap_R,sirtuin 3,Inhibits,Stress-induced,23494737,upregulated
5746655,GSE122079,Limma,,IMR,,RAS,none,none,14.0,RAS_EV36h,RAS,7d,OIS,none,PRJNA503415,10.00%,ESR1,IONpump,none,No,,1.746177,6.353067e+17,7.0,Lung,,,14.0,No,1.574043e-18,,,3,R,RAS,OIS,No,Illumina_HiSeq_2500,Single,Human,50,herranz_2,ER_RAS,7d,digoxin,none,RASdig36_RAS36,,herranz_2_RASdig36_RAS36,estrogen receptor 1,Inhibits,Oncogene-induced,27259243,upregulated
4349465,GSE101766,Limma,,IMR,,RAS,none,none,14.0,RAS_shC,RAS,6d,OIS,none,PRJNA395386,,IL1R1,MAP3K6,none,No,,0.0,0.0,6.0,Lung,,,14.0,No,1.0,,,3,R,RAS,OIS,No,Illumina_HiSeq_2500,Single,Human,50,georgilis_1,ER_RAS,6d,MAP3K6,none,MAP3K6_RASc,,georgilis_1_MAP3K6_RASc,interleukin 1 receptor type 1,Induces,Oncogene-induced,18267069,no_change
2601139,GSE134747,Limma,Illumina_HT12V4,BJ,,OIS,none,GR,,BRAF_48h_Clob_2h,RAF,2d,OIS,none,PRJNA556258,,CDK4,none,GR,Yes,hTERT,-1455.426,-8465.295,3.0,Skin,,,,Yes,0.0001181294,,1000ng_ml,4,M,RAF,OIS,No,,,human,,carvalho_1,BRAF_doxycycline,3d,clobetasol,2nM_2h,O72Clob2_O48Clob2,1,carvalho_1_O72Clob2_O48Clob2,cyclin dependent kinase 4,Inhibits,Replicative,12082615,downregulated
8941714,GSE128711,Limma,,HFF,,Dox_sgp130,p130,none,,Dox_sgp130,Dox,1d,DDIS,none,PRJNA528619,,IL6,p130_pRb,none,No,,1.858939,50844.61,1.0,Skin,,,,Yes,1.966777e-05,,350nM,2,R,Doxorubicin,DDIS,No,NextSeq_500,Single,Human,75,schade_1,Dox,1d,sgp130pRb,none,Dp130pRb_Dp130,,schade_1_Dp130pRb_Dp130,interleukin 6,Induces,Oncogene-induced,18555778,upregulated
11559035,GSE178115,Limma,Agilent,HDF,,REP,ROCK,none,,REP_3d,REP,3d,REP,none,PRJNA737497,10%,CDH1,none,none,No,,44.33333,115.5819,3.0,Skin,,,,Yes,0.00865187,,,3,M,REP,REP,No,,,Human,,Yang,REP,3d,Y27632,2.5uM,R3dROCKi_R3d,1,Yang_R3dROCKi_R3d,cadherin 1,Inhibits,Oncogene-induced,19477924,upregulated
9683625,GSE74324,Limma,,IMR,,RAS,none,none,,RASshC,RAS,12d,OIS,none,PRJNA299683,10.00%,GMNN,p53,none,No,,1.300238,175151471.0,12.0,Lung,,,,No,5.709344e-09,,,3,R,RAS,OIS,No,Illumina_HiSeq_2500,Single,Human,100,tasdemir,HRASG12V,12d,shp53,none,RASshp53_RAS,,tasdemir_RASshp53_RAS,geminin DNA replication inhibitor,Inhibits,Replicative,23142824,upregulated
5859751,GSE122079,Limma,,IMR,,RAS_digoxin,IONpump,none,14.0,RAS16h_dig,RAS,7d,OIS,none,PRJNA503415,10.00%,ITPR2,IONpump,none,No,,1.803298,77003.5,7.0,Lung,,,14.0,No,1.298642e-05,,,3,R,RAS,OIS,No,Illumina_HiSeq_2500,Single,Human,50,herranz_2,ER_RAS,7d,digoxin,none,RASdig36_RASdig16,,herranz_2_RASdig36_RASdig16,"inositol 1,4,5-trisphosphate receptor type 2",Induces,Oncogene-induced,24797322,upregulated
4559722,GSE101766,Limma,,IMR,,RAS,none,none,14.0,RAS_shC,RAS,6d,OIS,none,PRJNA395386,,HSF1,RELA,none,No,,0.08309619,1.393347,6.0,Lung,,,14.0,No,0.7176964,,,3,R,RAS,OIS,No,Illumina_HiSeq_2500,Single,Human,50,georgilis_1,ER_RAS,6d,RELA,none,RELA_RASc,,georgilis_1_RELA_RASc,heat shock transcription factor 1,Inhibits,Stress-induced,22510478,no_change
4191408,GSE101766,Limma,,IMR,,RAS,none,none,14.0,RAS_shC,RAS,6d,OIS,none,PRJNA395386,,PML,DUSP11,none,No,,-1.112098,-503.6246,6.0,Lung,,,14.0,No,0.001985606,,,3,R,RAS,OIS,No,Illumina_HiSeq_2500,Single,Human,50,georgilis_1,ER_RAS,6d,DUSP11,none,DUSP11_RASc,,georgilis_1_DUSP11_RASc,PML nuclear body scaffold,Induces,Oncogene-induced,10910364,downregulated
37592211,GSE224070,Limma,,IMR,5%,DDIS,none,none,,50ugmL_Bleomycin_24hr,Bleomycin,10d,DDIS,none,PRJNA929513,10%,ITPR1,COPB2,none,No,,-0.777845638676186,-3.05515456908247,10.0,Lung,,Yes,,No,0.327315681543511,,50ugml_24hr,4,R,Bleomycin,DDIS,No,NextSeq_2000,Single,Human,71,McHugh_1,Bleomycin,10d,shCOPB2,1ugml_Doxycycline,Dsh_D,,McHugh_1_Dsh_D,"inositol 1,4,5-trisphosphate receptor type 1",Induces,Oncogene-induced,24797322,no_change
8382601,GSE24810,Limma,Affymetrix_U133A,HMF3A,5%,OISe2fkd,E2F,none,,Active_SV40LT_e2fkd,SV40,7d,OIS,none,PRJNA132307,0.25%,DIRAS3,p53,none,Yes,hTERT_SV40_LT,1.022483,99.68327,7.0,Skin,20%,Yes,,No,0.01003177,,,3,M,SV40,OIS,No,,,Human,,parmjit_1,SV40_LT,7d,shp53,none,SSVp53sh_SSVe2f,1,parmjit_1_SSVp53sh_SSVe2f,DIRAS family GTPase 3,Inhibits,Unclear,28316325,upregulated
47615100,GSE214409,Limma,,IMR,,OIS,none,none,,RAS,RAS,7d,OIS,,PRJNA885153,10%,EGR2,none,WSTF,No,,-3.33076578190515,-5543703802.30652,7.0,Lung,3%,,,No,1.8038481774295702e-10,,,3,R,Prolif,,No,Illumina_HiSeq_2500,Single,Human,51,Dou,Prolif_WSTFOE,7d,WSTF,none,PW_O,,Dou_PW_O,early growth response 2,Induces,Unclear,33547862,downregulated
76653410,GSE213993,Limma,,WI38,5%,DDIS,none,none,,DDIS_siControl,IR,10d,DDIS,none,PRJNA883434,10%,TLR3,BAFF,none,No,,0.110796261281946,1.54404933612676,10.0,Lung,,1%,,No,0.647647699204026,,10Gy_10days,2,R,IR,DDIS,No,NovaSeq_6000,Paired,Human,217-219,Rossi,IR,10d,siBAFF,none,Dsi_D,,Rossi_Dsi_D,toll like receptor 3,Induces,Unclear,24165198,no_change
4414715,GSE101766,Limma,,IMR,,RAS,none,none,14.0,RAS_shC,RAS,6d,OIS,none,PRJNA395386,,PTTG1,PPP1CB,none,No,,-0.7255908,-129.1732,6.0,Lung,,,14.0,No,0.007741545,,,3,R,RAS,OIS,No,Illumina_HiSeq_2500,Single,Human,50,georgilis_1,ER_RAS,6d,PPP1CB,none,PPP1CB_RASc,,georgilis_1_PPP1CB_RASc,"PTTG1 regulator of sister chromatid separation, securin",Induces,Unclear,20452981,no_change
548354,GSE40349,Limma,Affymetrix_U133A,IMR,,RAS,pRb,none,,RASshRB,RAS,7d,OIS,none,PRJNA173792,10%,FOS,pRb_E2F7,none,No,,1.9297,284973.1,7.0,Lung,,,,No,3.509103e-06,,,2,M,RAS,OIS,No,,,Human,,aksoy_1,ER:RasV12,7d,shpRb_shE2F7,none,SshRBE2F7_SshRB,1,aksoy_1_SshRBE2F7_SshRB,"Fos proto-oncogene, AP-1 transcription factor subunit",Inhibits,Unclear,1560044,upregulated
3664229,GSE2487,Limma,Affymetrix_U133A,IMR,,OIS,none,none,,MEK_ER,MEK,3d,OIS,none,PRJNA91885,,AKTIP,none,SmallT,Yes,hTERT,92.1,31.07736,3.0,Lung,,,,Yes,0.03217777,,,2,M,MEK,OIS,No,,,Human,,collado_1,MEK_ER,3d,SmallT,none,Rst_R,1,collado_1_Rst_R,AKT interacting protein,Inhibits,Replicative,27512140,upregulated
5809834,GSE122079,Limma,,IMR,,RAS_ouabain,IONpump,none,14.0,RAS16h_ouab,RAS,6d,OIS,none,PRJNA503415,10.00%,HOPX,IONpump,none,No,,-0.05760175,-1.211624,6.0,Lung,,,14.0,No,0.8253386,,,3,R,RAS,OIS,No,Illumina_HiSeq_2500,Single,Human,50,herranz_2,ER_RAS,6d,digoxin,none,RASdig16_RASouab16,,herranz_2_RASdig16_RASouab16,HOP homeobox,Induces,Oncogene-induced,25345926,no_change
5871147,GSE122079,Limma,,IMR,,RAS_digoxin,IONpump,none,14.0,RAS16h_dig,RAS,7d,OIS,none,PRJNA503415,10.00%,GJA1,IONpump,none,No,,-0.8955244,-53382766498.0,7.0,Lung,,,14.0,No,1.873264e-11,,,3,R,RAS,OIS,No,Illumina_HiSeq_2500,Single,Human,50,herranz_2,ER_RAS,7d,digoxin_caspase_inhibitor,none,RASdig36CI_RASdig16,,herranz_2_RASdig36CI_RASdig16,gap junction protein alpha 1,Induces,Unclear,30518918,no_change
6748445,GSE53379,Limma,Illumin_HWG6V3,IMR,,DDISshp53,p53,none,,Quiesce2dEtopshp53,Etoposide,7d,DDIS,none,PRJNA231867,10.00%,CYB5R3,p53,E1A,No,,-1.154986,-7642402686.0,,Lung,5.00%,Yes,,No,1.308489e-10,,,3,M,,,No,,,Human,,kirschner_1,,,shp53,none,Ishp53_QD48shp53,1,kirschner_1_Ishp53_QD48shp53,cytochrome b5 reductase 3,Inhibits,Unclear,24450884,downregulated
5312398,GSE127116,Limma,,IMR,,RAS,none,none,,RASd5,RAS,5d,OIS,none,PRJNA524181,10.00%,CPEB1,LTR10,none,No,,-1.34022,-414.2938,5.0,Lung,,,,No,0.002413746,,,3,R,RAS,OIS,No,IonXpress,Single,Human,110,hari,ER:RAS,5d,siLTR10,none,R5siLTR10_R5,,hari_R5siLTR10_R5,cytoplasmic polyadenylation element binding protein 1,Induces,Replicative,19141477,downregulated
2689319,GSE134747,Limma,Illumina_HT12V4,BJ,,OIS,RELA,none,,BRAF_24h_CpdA_2h,RAF,1d,OIS,none,PRJNA556258,,EWSR1,none,GR,Yes,hTERT,0.2149217,1.044292,1.0,Skin,,,,Yes,0.9575868,,1000ng_ml,8,M,RAF,OIS,No,,,human,,carvalho_1,BRAF_doxycycline,1d,clobetasol,2nM_2h,O24Clob2_O24CpdA2,1,carvalho_1_O24Clob2_O24CpdA2,EWS RNA binding protein 1,Induces,Unclear,21030557,no_change
4411864,GSE101766,Limma,,IMR,,RAS,none,none,14.0,RAS_shC,RAS,6d,OIS,none,PRJNA395386,,LAMP2,PPP1CB,none,No,,1.107826,1829514426.0,6.0,Lung,,,14.0,No,5.465931e-10,,,3,R,RAS,OIS,No,Illumina_HiSeq_2500,Single,Human,50,georgilis_1,ER_RAS,6d,PPP1CB,none,PPP1CB_RASc,,georgilis_1_PPP1CB_RASc,lysosomal associated membrane protein 2,Inhibits,Unclear,21858089,upregulated
9722574,GSE74324,Limma,,IMR,,RAS,none,none,,RASshC,RAS,12d,OIS,none,PRJNA299683,10.00%,MDK,p16_p21,none,No,,0.7721984,827764319.0,12.0,Lung,,,,No,1.208073e-09,,,3,R,RAS,OIS,No,Illumina_HiSeq_2500,Single,Human,100,tasdemir,HRASG12V,12d,shp16p21,none,RASshp16p21_RAS,,tasdemir_RASshp16p21_RAS,midkine,Inhibits,Stress-induced,31219803,no_change
1589342,GSE122918,Limma,Affymetrix_HTA2_0,WI38,,RAS,none,none,,R144_siCTRL,RAS,6d,OIS,none,PRJNA506911,,ITPR3,RELA,none,No,,-1.125,-33303790000000.0,6.0,Lung,,,,No,3.002661e-14,,,4,M,RAS,OIS,No,,,human,,bischof_2,ER:RASv12,6d,siRELA1,20uM,R144relA1_R144ctrl,1,bischof_2_R144relA1_R144ctrl,"inositol 1,4,5-trisphosphate receptor type 3",Induces,Oncogene-induced,24797322,downregulated
3579928,GSE19864,Limma,Affymetrix_U133A,IMR,,RAS_shpRb,pRb,none,,RAS_shpRb,RAS,7d,OIS,none,PRJNA124029,10.0%,DICER1,p107,none,No,,-0.3630819,-3.35892,7.0,Lung,,,,No,0.2977148,,,2,M,RAS,OIS,No,,,Human,,chicas_1,H-rasV12,7d,shp107,none,Rshp107_RshRB,1,chicas_1_Rshp107_RshRB,"dicer 1, ribonuclease III",Inhibits,Stress-induced,26990999,no_change
526472,GSE40349,Limma,Affymetrix_U133A,IMR,,RAS,none,none,,RASshLuc,RAS,7d,OIS,none,PRJNA173792,10%,NEDD4,pRb_E2F7,none,No,,-1.044183,-148.7912,7.0,Lung,,,,No,0.006720826,,,2,M,RAS,OIS,No,,,Human,,aksoy_1,ER:RasV12,7d,shpRb_shE2F7,none,SshRBE2F7_R,1,aksoy_1_SshRBE2F7_R,NEDD4 E3 ubiquitin protein ligase,Inhibits,Oncogene-induced,23549616,downregulated
3702117,GSE2487,Limma,Affymetrix_U133A,IMR,,OIS,none,SmallT,,MEK_ER_SmallT,MEK,3d,OIS,none,PRJNA91885,,BNIP3L,none,E6_E7,Yes,hTERT,-973.9,-3167.049,,Lung,,,,No,0.0003157514,,,2,M,,,No,,,Human,,collado_1,,,E6_E7,none,RE67_Rst,1,collado_1_RE67_Rst,BCL2 interacting protein 3 like,Induces,Oncogene-induced,18267069,downregulated
2638273,GSE134747,Limma,Illumina_HT12V4,BJ,,OIS,none,none,,BRAF_24h_DMSO_2h,RAF,1d,OIS,none,PRJNA556258,,CDK4,RELA,none,Yes,hTERT,-952.946,-72.43753,1.0,Skin,,,,Yes,0.013805,,1000ng_ml,3,M,RAF,OIS,No,,,human,,carvalho_1,BRAF_doxycycline,1d,compoundA,2uM_2h,O24CpdA2_O24DMSO2,1,carvalho_1_O24CpdA2_O24DMSO2,cyclin dependent kinase 4,Inhibits,Replicative,12082615,downregulated
57419100,GSE190998,Limma,,WI38,5%,DDIS,none,none,,Etoposide_siCtrl,Etoposide,8d,DDIS,none,PRJNA789266,10%,MAPKAPK5,NTRK2,none,No,,0.233913815290181,88.4073113745275,8.0,Lung,,0.50%,,No,0.0113112816627079,,50uM,3,R,Etoposide,DDIS,No,Illumina_NovaSeq6000,Paired,Human,204,Anerillas_2,Etoposide,8d,siNTRK2,none,DN_D,,Anerillas_2_DN_D,MAPK activated protein kinase 5,Induces,Oncogene-induced,17254968,no_change
5885898,GSE122079,Limma,,IMR,,RAS_ouabain,IONpump,none,14.0,RAS16h_ouab,RAS,7d,OIS,none,PRJNA503415,10.00%,MVK,IONpump,none,No,,-1.504601,-6148193.0,7.0,Lung,,,14.0,No,1.626494e-07,,,3,R,RAS,OIS,No,Illumina_HiSeq_2500,Single,Human,50,herranz_2,ER_RAS,7d,ouabain,none,RASouab36_RASouab16,,herranz_2_RASouab36_RASouab16,mevalonate kinase,Induces,Unclear,26583757,downregulated
11100801,GSE144752,Limma,,BJ,,OIS,none,none,,BRAF_2d_1uM4OHT,BRAF,3d,OIS,none,PRJNA604779,10.00%,SERPINB2,MIR31HG,none,Yes,hTERT,-1.496773,-495587022.0,3.0,Skin,,,,Yes,2.017809e-09,,2d_1uM4OHT,3,R,RAF,OIS,No,NextSeq_500,Single,Human,75,montes,BRAFE600,3d,siMIR31HG,none,OMKD_O,,montes_OMKD_O,serpin family B member 2,Induces,Unclear,28794016,downregulated
8121589,GSE24810,Limma,Affymetrix_U133A,HMF3A,5%,OIS,none,none,,Inactive_SV40LT_EV,SV40,7d,OIS,none,PRJNA132307,0.25%,CCND1,p21,none,Yes,hTERT_SV40_LT,-1.398821,-447311.0,7.0,Skin,20%,Yes,,No,2.235581e-06,,,3,M,SV40,OIS,No,,,Human,,parmjit_1,SV40_LT,7d,shp21,none,SSVp21sh_SSVev,1,parmjit_1_SSVp21sh_SSVev,cyclin D1,Induces,Unclear,7698220,downregulated
5560898,GSE61130,Limma,,IMR,,RAS,none,none,15.0,RAS_EV,RAS,7d,OIS,none,PRJNA260300,,ENTPD7,none,ZFP36L1,No,,0.4967381,3070.183,7.0,Lung,,,15.0,No,0.0003257134,,,3,R,RAS,OIS,No,Illumina_HiSeq_2500,Paired,Human,200,herranz_1,ER_RAS,7d,ZFP36L1mut,none,RASZmut_RAS,,herranz_1_RASZmut_RAS,ectonucleoside triphosphate diphosphohydrolase 7,Induces,Oncogene-induced,27737960,no_change
6757613,GSE53379,Limma,Illumin_HWG6V3,IMR,,DDISshp53,p53,none,,Quiesce2dEtopshp53,Etoposide,7d,DDIS,none,PRJNA231867,10.00%,WNT2,p53,E1A,No,,-1.545101,-163657.0,,Lung,5.00%,Yes,,No,6.110339e-06,,,3,M,,,No,,,Human,,kirschner_1,,,shp53,none,Ishp53_QD48shp53,1,kirschner_1_Ishp53_QD48shp53,Wnt family member 2,Inhibits,Unclear,17643369,downregulated
4078092,GSE101766,Limma,,IMR,,RAS,none,none,14.0,RAS_shC,RAS,6d,OIS,none,PRJNA395386,,MAPK1,AKR1C1,none,No,,1.118927,36698.8,6.0,Lung,,,14.0,No,2.724885e-05,,,3,R,RAS,OIS,No,Illumina_HiSeq_2500,Single,Human,50,georgilis_1,ER_RAS,6d,AKR1C1,none,AKR1C1_RASc,,georgilis_1_AKR1C1_RASc,mitogen-activated protein kinase 1,Induces,Oncogene-induced,23599344,upregulated
8954079,GSE128711,Limma,,HFF,,Dox_sgpRb,pRb,none,,Dox_sgpRb,Dox,1d,DDIS,none,PRJNA528619,,IL1A,p130_pRb,none,No,,1.027534,65.45801,1.0,Skin,,,,Yes,0.01527697,,350nM,2,R,Doxorubicin,DDIS,No,NextSeq_500,Single,Human,75,schade_1,Dox,1d,sgp130pRb,none,Dp130pRb_DpRb,,schade_1_Dp130pRb_DpRb,interleukin 1 alpha,Induces,Unclear,2218499,upregulated
10152655,GSE132370,Limma,,IMR,5.00%,IR,none,none,,ProlifEV,IR,10d,DDIS,none,PRJNA547766,10.00%,DIRAS3,HDAC,none,No,,1.999841,1607.23,10.0,Lung,3.00%,Yes,,No,0.0006221883,,20Gy,3,R,IR,DDIS,No,NextSeq_500,Paired,Human,70,vizioli_2,Xrays,10d,TSA,100nM,It_I,,vizioli_2_It_I,DIRAS family GTPase 3,Inhibits,Unclear,28316325,upregulated
6633856,GSE53379,Limma,Illumin_HWG6V3,IMR,,OIS,none,none,,OIS,RAS,7d,OIS,none,PRJNA231867,10.00%,XAF1,p53,none,No,,1.088359,695821114.0,7.0,Lung,5.00%,Yes,,No,1.437151e-09,,100uM2d+5d,3,M,Etoposide,DDIS,No,,,Human,,kirschner_1,Etoposide,7d,shp53,none,Dshp53_R,1,kirschner_1_Dshp53_R,XIAP associated factor 1,Induces,Stress-induced,26802028,upregulated
2579380,GSE134747,Limma,Illumina_HT12V4,BJ,,OIS,none,none,,BRAF_48h_DMSO_2h,RAF,2d,OIS,none,PRJNA556258,,IGFBP7,none,GR,Yes,hTERT,31.47519,23.54186,2.0,Skin,,,,Yes,0.04247753,,1000ng_ml,4,M,RAF,OIS,No,,,human,,carvalho_1,BRAF_doxycycline,2d,clobetasol,2nM_2h,O48Clob2_O48DMSO2,1,carvalho_1_O48Clob2_O48DMSO2,insulin like growth factor binding protein 7,Induces,Oncogene-induced,18267069,upregulated
9786420,GSE74324,Limma,,IMR,,RASshp53,p53,none,,RASshp53,RAS,12d,OIS,none,PRJNA299683,10.00%,PPM1D,p16_p21,none,No,,1.170378,885541674528.0,12.0,Lung,,,,No,1.129252e-12,,,3,R,RAS,OIS,No,Illumina_HiSeq_2500,Single,Human,100,tasdemir,HRASG12V,12d,shp16p21,none,RASshp16p21_RASshp53,,tasdemir_RASshp16p21_RASshp53,"protein phosphatase, Mg2+/Mn2+ dependent 1D",Inhibits,Unclear,19544416,upregulated
3681999,GSE2487,Limma,Affymetrix_U133A,IMR,,OIS,none,none,,MEK_ER,MEK,3d,OIS,none,PRJNA91885,,MAPK12,none,E6_E7,Yes,hTERT,138.9,856.6813,,Lung,,,,No,0.001167295,,,2,M,,,No,,,Human,,collado_1,,,E6_E7,none,RE67_R,1,collado_1_RE67_R,mitogen-activated protein kinase 12,Induces,Unclear,26583757,upregulated
91719710,GSE212085,Limma,,IMR,5%,DDIS,none,none,,Doxorubicin_150nM,Doxorubicin,10d,DDIS,none,PRJNA873928,10%,HMGA2,none,none,No,,1.67498595391484,71404375.878875,10.0,Lung,,,,No,1.400474393469e-08,,150nM,3,R,Doxorubicin,DDIS,No,NextSeq_2000,Paired,Human,116,Marin,Doxorubicin,10d,MDL72527,50uM,DM_D,,Marin_DM_D,high mobility group AT-hook 2,Induces,Oncogene-induced,16901784,upregulated
9762716,GSE74324,Limma,,IMR,,RASshp53,p53,none,,RASshp53,RAS,12d,OIS,none,PRJNA299683,10.00%,RRM2B,BRD4,none,No,,1.001176,5.13522e+16,12.0,Lung,,,,No,1.947336e-17,,,3,R,RAS,OIS,No,Illumina_HiSeq_2500,Single,Human,100,tasdemir,HRASG12V,12d,shBRD4,none,RASshBRD4_RASshp53,,tasdemir_RASshBRD4_RASshp53,ribonucleotide reductase regulatory TP53 inducible subunit M2B,Inhibits,Unclear,23139867,upregulated
4547234,GSE101766,Limma,,IMR,,RAS,none,none,14.0,RAS_shC,RAS,6d,OIS,none,PRJNA395386,,HMGB2,p53,none,No,,1.856566,127.4603,6.0,Lung,,,14.0,No,0.007845578,,,3,R,RAS,OIS,No,Illumina_HiSeq_2500,Single,Human,50,georgilis_1,ER_RAS,6d,p53,none,P53_RASc,,georgilis_1_P53_RASc,high mobility group box 2,Inhibits,Oncogene-induced,27799366,upregulated
5343296,GSE127116,Limma,,IMR,,RAS,none,none,,RASd8,RAS,8d,OIS,none,PRJNA524181,10.00%,RB1,LTR10,none,No,,0.1013489,2.075447,8.0,Lung,,,,No,0.4818239,,,3,R,RAS,OIS,No,IonXpress,Single,Human,110,hari,ER:RAS,8d,siLTR10,none,R8siLTR10_R8,,hari_R8siLTR10_R8,RB transcriptional corepressor 1,Induces,Stress-induced,24231354,no_change
2633591,GSE134747,Limma,Illumina_HT12V4,BJ,,OIS,none,none,,BRAF_24h_DMSO_2h,RAF,1d,OIS,none,PRJNA556258,,SLC31A2,none,GR,Yes,hTERT,3.463279,3.287283,1.0,Skin,,,,Yes,0.3042026,,1000ng_ml,8,M,RAF,OIS,No,,,human,,carvalho_1,BRAF_doxycycline,1d,clobetasol,2nM_2h,O24Clob2_O24DMSO2,1,carvalho_1_O24Clob2_O24DMSO2,solute carrier family 31 member 2,Induces,Oncogene-induced,27737960,no_change
11589693,GSE178115,Limma,Agilent,HDF,,REP,ATM,none,,REP_3d,REP,3d,REP,none,PRJNA737497,10%,NUTF2,none,none,No,,-396.0,-20.21579,3.0,Skin,,,,Yes,0.04946629,,,3,M,REP,REP,No,,,Human,,Yang,REP,3d,KU60019,0.5uM,R3dATMi_R3d,1,Yang_R3dATMi_R3d,nuclear transport factor 2,Inhibits,Unclear,29970603,downregulated
83476,GSE103938,Limma,,IMR,,RAS,none,none,12.0,RAS10d,RAS,10d,OIS,none,PRJNA407729,,SFRP1,mTOR,none,No,,1.55025777258023,1264.40904565135,10.0,Lung,,,12.0,No,0.0007908833011273,,,3,R,RAS,OIS,No,Illumina_HiSeq_2500,Single,Human,50,aarts_1,RAS,10d,rapamycin,1nM,R1nMRap_R,,aarts_1_R1nMRap_R,secreted frizzled related protein 1,Induces,Stress-induced,22927647,upregulated
3795993,GSE76125,Limma,,MRC,5.00%,IR,none,none,,I10,IR,10d,DDIS,Parkin,PRJNA306369,10.00%,RAN,mitochondrial,Parkin,No,,-1.2422,-546357076.0,10.0,Lung,,Yes,,No,1.830305e-09,,20Gy,3,R,IR,DDIS,No,NextSeq_500,Paired,Human,70,correia_melo,X_rays,10d,CCCP,12.5uM_4d,I10CCCP_I10,,correia_melo_I10CCCP_I10,"RAN, member RAS oncogene family",Inhibits,Unclear,23160023,downregulated
198709,GSE103938,Limma,,IMR,,RAS,none,none,12.0,RAS10d,RAS,10d,OIS,none,PRJNA407729,,ARID3A,mTOR,none,No,,-0.766206810529412,-22.8264041035194,10.0,Lung,,,12.0,No,0.0438089151258748,,,3,R,OSKM,OSKM,No,Illumina_HiSeq_2500,Single,Human,50,aarts_1,OSKM,10d,rapamycin,10nM,OSKM10nMRap_R,,aarts_1_OSKM10nMRap_R,AT-rich interaction domain 3A,Inhibits,Oncogene-induced,11812999,no_change
9824135,GSE74324,Limma,,IMR,,RASshBRD4,BRD4,none,,RASshBRD4,RAS,12d,OIS,none,PRJNA299683,10.00%,RBBP4,p16_p21,none,No,,0.24784,462.3539,12.0,Lung,,,,No,0.002162845,,,3,R,RAS,OIS,No,Illumina_HiSeq_2500,Single,Human,100,tasdemir,HRASG12V,12d,shp16p21,none,RASshp16p21_RASshBRD4,,tasdemir_RASshp16p21_RASshBRD4,"RB binding protein 4, chromatin remodeling factor",Inhibits,Unclear,26491019,no_change
11673910,GSE178115,Limma,Agilent,HDF,,REP,ROCK_ATM,none,,REP_8d,REP,8d,REP,none,PRJNA737497,10%,NEK2,none,none,No,,11.33333,286.1171,8.0,Skin,,,,No,0.003495072,,,3,M,REP,REP,No,,,Human,,Yang,REP,8d,Y27632_KU60019,2.5uM_0.5uM,R8dCOMBOi_R8d,1,Yang_R8dCOMBOi_R8d,NIMA related kinase 2,Inhibits,Unclear,32264951,upregulated
184918,GSE103938,Limma,,IMR,,RAS_Rap10nM,mTOR,none,12.0,Ras_Rap10nM,RAS,10d,OIS,none,PRJNA407729,,XAF1,mTOR,none,No,,0.0,0.0,10.0,Lung,,,12.0,No,1.0,,,3,R,OSKM,OSKM,No,Illumina_HiSeq_2500,Single,Human,50,aarts_1,OSKM,10d,rapamycin,10nM,OSKM10nMRap_R10nMRap,,aarts_1_OSKM10nMRap_R10nMRap,XIAP associated factor 1,Induces,Stress-induced,26802028,no_change
4518941,GSE101766,Limma,,IMR,,RAS,none,none,14.0,RAS_shC,RAS,6d,OIS,none,PRJNA395386,,BAP1,p16,none,No,,-1.200921,-5748.345,6.0,Lung,,,14.0,No,0.0001739631,,,3,R,RAS,OIS,No,Illumina_HiSeq_2500,Single,Human,50,georgilis_1,ER_RAS,6d,CDKN2A,none,CDKN2A_RASc,,georgilis_1_CDKN2A_RASc,BRCA1 associated protein 1,Induces,Unclear,26416890,downregulated
4183023,GSE101766,Limma,,IMR,,RAS,none,none,14.0,RAS_shC,RAS,6d,OIS,none,PRJNA395386,,XPO1,DCAMKL3,none,No,,2.078256,403510.6,6.0,Lung,,,14.0,No,2.47825e-06,,,3,R,RAS,OIS,No,Illumina_HiSeq_2500,Single,Human,50,georgilis_1,ER_RAS,6d,DCAMKL3,none,DCAMKL3_RASc,,georgilis_1_DCAMKL3_RASc,exportin 1,Induces,Unclear,31305018,upregulated
4491758,GSE101766,Limma,,IMR,,RAS,none,none,14.0,RAS_shC,RAS,6d,OIS,none,PRJNA395386,,TRIM28,SKP1A,none,No,,-1.061972,-7138.977,6.0,Lung,,,14.0,No,0.0001400761,,,3,R,RAS,OIS,No,Illumina_HiSeq_2500,Single,Human,50,georgilis_1,ER_RAS,6d,SKP1A,none,SKP1A_RASc,,georgilis_1_SKP1A_RASc,tripartite motif containing 28,Induces,Oncogene-induced,25160591,downregulated
4354656,GSE101766,Limma,,IMR,,RAS,none,none,14.0,RAS_shC,RAS,6d,OIS,none,PRJNA395386,,STAG2,MAP3K6,none,No,,1.469106,4604.514,6.0,Lung,,,14.0,No,0.0002171782,,,3,R,RAS,OIS,No,Illumina_HiSeq_2500,Single,Human,50,georgilis_1,ER_RAS,6d,MAP3K6,none,MAP3K6_RASc,,georgilis_1_MAP3K6_RASc,stromal antigen 2,Induces,Replicative,28819029,upregulated
19508151,GSE224070,Limma,,IMR,5%,DDIS,COPB2,none,,50ugmL_Bleomycin_24hr,Bleomycin,10d,DDIS,none,PRJNA929513,10%,SMC2,COPB2,none,No,,-1.36082961467218,-21.0560648659494,10.0,Lung,,Yes,,No,0.0474922549092799,,100nM_4OHT,3,R,RAS,OIS,No,NextSeq_2000,Single,Human,71,McHugh_1,ER:RAS,10d,shCOPB2,1ugml_Doxycycline,Osh_Dsh,,McHugh_1_Osh_Dsh,structural maintenance of chromosomes 2,Inhibits,Unclear,25474630,downregulated
182423,GSE103938,Limma,,IMR,,RAS_Rap10nM,mTOR,none,12.0,Ras_Rap10nM,RAS,10d,OIS,none,PRJNA407729,,SENP7,mTOR,none,No,,2.04999032431824,200.107496862737,10.0,Lung,,,12.0,No,0.0049973140221025,,,3,R,OSKM,OSKM,No,Illumina_HiSeq_2500,Single,Human,50,aarts_1,OSKM,10d,rapamycin,10nM,OSKM10nMRap_R10nMRap,,aarts_1_OSKM10nMRap_R10nMRap,SUMO specific peptidase 7,Inhibits,Unclear,18616636,upregulated
4290935,GSE101766,Limma,,IMR,,RAS,none,none,14.0,RAS_shC,RAS,6d,OIS,none,PRJNA395386,,PTTG1,ITCH,none,No,,-1.008393,-4198.348,6.0,Lung,,,14.0,No,0.0002381889,,,3,R,RAS,OIS,No,Illumina_HiSeq_2500,Single,Human,50,georgilis_1,ER_RAS,6d,ITCH,none,ITCH_RASc,,georgilis_1_ITCH_RASc,"PTTG1 regulator of sister chromatid separation, securin",Induces,Unclear,20452981,downregulated
565320,GSE40349,Limma,Affymetrix_U133A,IMR,,RAS,E2F7,none,,RASshE2F7,RAS,7d,OIS,none,PRJNA173792,10%,RAF1,pRb,none,No,,-0.07602008,-1.362443,7.0,Lung,,,,No,0.7339759,,,2,M,RAS,OIS,No,,,Human,,aksoy_1,ER:RasV12,7d,shpRb,none,SshRB_SshE2F7,1,aksoy_1_SshRB_SshE2F7,"Raf-1 proto-oncogene, serine/threonine kinase",Induces,Oncogene-induced,9765202,no_change
11303478,GSE124609,Limma,,WI38,,REP,none,none,,Prolif,REP,4d,REP,none,PRJNA512837,,CBX8,none,none,No,,-1.504929,-1234.467,4.0,Lung,,1.00%,,No,0.0008100663,,,2,R,REP,REP,No,Illumina_HiSeq_2000,Single,Human,51,sabath,REP,4d,HeatShock,2hr_440C_onD4,RHS_R,,sabath_RHS_R,chromobox 8,Inhibits,Unclear,17332741,downregulated
13211810,GSE190998,Limma,,WI38,5%,Prolif,none,none,,Prolif_siCtrl,Etoposide,8d,DDIS,none,PRJNA789266,10%,HMGB2,NTRK2,none,No,,-2.49068830567848,-13095983102977.7,8.0,Lung,,0.50%,,No,7.63592921689574e-14,,50uM,3,R,Etoposide,DDIS,No,Illumina_NovaSeq6000,Paired,Human,204,Anerillas_2,Etoposide,8d,siNTRK2,none,DN_P,,Anerillas_2_DN_P,high mobility group box 2,Inhibits,Oncogene-induced,27799366,downregulated
10103182,GSE75207,Limma,Affymetrix_HuGene1,IMR,,OIS,none,none,,RAS,RAS,7d,OIS,none,PRJNA302803,10.00%,DMTF1,ARID1B,none,No,,0.0571098,1.646413,7.0,Lung,,,,No,0.6073809,,,3,M,RAS,OIS,No,,,Human,,tordella_1,ER_RAS,7d,shARID1B,none,RshA1B_R,1,tordella_1_RshA1B_R,cyclin D binding myb like transcription factor 1,Induces,Oncogene-induced,18267069,no_change
6635780,GSE53379,Limma,Illumin_HWG6V3,IMR,,DDISshp53,p53,none,,DDISshp53,Etoposide,7d,DDIS,none,PRJNA231867,10.00%,BUB1,p53,none,No,,-1.093803,-77.16785,7.0,Lung,5.00%,Yes,,No,0.01295876,,10dPuromycin,3,M,RAS,OIS,No,,,Human,,kirschner_1,H-RASG12V,7d,shp53,none,Rshp53_Dshp53,1,kirschner_1_Rshp53_Dshp53,BUB1 mitotic checkpoint serine/threonine kinase,Inhibits,Oncogene-induced,17488820,downregulated
9379444,GSE60652,Limma,Affymetrix_U133A,IMR,,OIS,none,none,,ER_RAS,RAS,6d,OIS,none,PRJNA259203,,SIK1,pRb,none,No,,-304.75,-178.8213,6.0,Lung,,,,No,0.005592176,,,2,M,RAS,OIS,No,,,Human,,takebayashi,ER_RAS,6d,sipRb,none,RshRb_R,1,takebayashi_RshRb_R,salt inducible kinase 1,Induces,Unclear,26583757,downregulated
1474115,GSE122918,Limma,Affymetrix_HTA2_0,WI38,,RAS,none,none,,R72_siCTRL,RAS,3d,OIS,none,PRJNA506911,,BRIP1,RELA,none,No,,-1.225,-1871625961.0,3.0,Lung,,,,Yes,5.342948e-10,,,4,M,RAS,OIS,No,,,human,,bischof_2,ER:RASv12,3d,siRELA1,20uM,R72relA1_R72jun1,1,bischof_2_R72relA1_R72jun1,BRCA1 interacting helicase 1,Inhibits,Oncogene-induced,22137763,downregulated
9707615,GSE74324,Limma,,IMR,,RAS,none,none,,RASshC,RAS,12d,OIS,none,PRJNA299683,10.00%,ESR1,RELA,none,No,,0.0,0.0,12.0,Lung,,,,No,1.0,,,3,R,RAS,OIS,No,Illumina_HiSeq_2500,Single,Human,100,tasdemir,HRASG12V,12d,shRELA,none,RASshRELA_RAS,,tasdemir_RASshRELA_RAS,estrogen receptor 1,Inhibits,Oncogene-induced,27259243,no_change
11715366,GSE178115,Limma,Agilent,HDF,,REP,ATM,none,,REP_15d,REP,15d,REP,none,PRJNA737497,10%,MIF,none,none,No,,20923.67,54.7014,15.0,Skin,,,,No,0.01828107,,,3,M,REP,REP,No,,,Human,,Yang,REP,15d,KU60019,0.5uM,R15dATMi_R15d,1,Yang_R15dATMi_R15d,macrophage migration inhibitory factor,Inhibits,Stress-induced,24274936,upregulated
4134589,GSE101766,Limma,,IMR,,RAS,none,none,14.0,RAS_shC,RAS,6d,OIS,none,PRJNA395386,,AKT1,C20,none,No,,-1.14602,-11377.11,6.0,Lung,,,14.0,No,8.789579e-05,,,3,R,RAS,OIS,No,Illumina_HiSeq_2500,Single,Human,50,georgilis_1,ER_RAS,6d,C20,none,C20_RASc,,georgilis_1_C20_RASc,AKT serine/threonine kinase 1,Induces,Oncogene-induced,17045205,downregulated
3607077,GSE19864,Limma,Affymetrix_U133A,IMR,,RAS_shp107,p107,none,,RAS_shp107,RAS,7d,OIS,none,PRJNA124029,10.0%,KDM2B,p130,none,No,,-1.030772,-1063.552,7.0,Lung,,,,No,0.0009402452,,,2,M,RAS,OIS,No,,,Human,,chicas_1,H-rasV12,7d,shp130,none,Rshp130_Rshp107,1,chicas_1_Rshp130_Rshp107,lysine demethylase 2B,Inhibits,Replicative,21757686,downregulated
17551231,GSE234417,Limma,,WI38,5%,DDIS,none,none,,12Gy,IR,20d,DDIS,none,PRJNA981207,10%,LIN9,none,none,No,,-1.59723145124805,-33.2900212239355,20.0,Lung,5%,Yes,,No,0.030039031614705,,12Gy,4,R,IR,DDIS,No,Illumina_NextSeq_500,Single,Human,85,Gulen,IR,20d,H151,0.5uM_FromD10PerDayFor10days,DH_D,,Gulen_DH_D,lin-9 DREAM MuvB core complex component,Inhibits,Oncogene-induced,21860417,downregulated
79439111,GSE213993,Limma,,WI38,5%,DDIS,none,none,,DDIS_siControl,IR,10d,DDIS,none,PRJNA883434,10%,XAF1,BAFF,none,No,,1.86876430748503,15018.4838887695,10.0,Lung,,1%,,No,6.65846171561818e-05,,10Gy_10days,2,R,IR,DDIS,No,NovaSeq_6000,Paired,Human,217-219,Rossi,IR,10d,siBAFF,none,Dsi_D,,Rossi_Dsi_D,XIAP associated factor 1,Induces,Stress-induced,26802028,upregulated
11654494,GSE178115,Limma,Agilent,HDF,,REP,ATM,none,,REP_8d,REP,8d,REP,none,PRJNA737497,10%,PIK3R5,none,none,No,,-8.666667,-470.2139,8.0,Skin,,,,No,0.002126692,,,3,M,REP,REP,No,,,Human,,Yang,REP,8d,KU60019,0.5uM,R8dATMi_R8d,1,Yang_R8dATMi_R8d,phosphoinositide-3-kinase regulatory subunit 5,Induces,Unclear,26583757,downregulated
11384952,GSE200479,Limma,,BJ,5%,OIS,none,none,,AKT1,AKT1,14d,OIS,none,PRJNA824798,15%,SFRP1,NF1,none,Yes,hTERT,1.188301,15532111.0,14.0,Skin,,,,No,6.438275e-08,,,3,R,AKT,OIS,No,Illumina_NextSeq_500,Single,Human,75,Zhu,myristoylated_AKT1,14d,shNF1,none,OshNF1_O,,Zhu_OshNF1_O,secreted frizzled related protein 1,Induces,Stress-induced,22927647,upregulated
8103513,GSE24810,Limma,Affymetrix_U133A,HMF3A,5%,OIS,none,none,,Inactive_SV40LT_EV,SV40,7d,OIS,none,PRJNA132307,0.25%,RAD51C,E2F,none,Yes,hTERT_SV40_LT,1.093167,3.78718e+17,7.0,Skin,20%,Yes,,No,2.640487e-18,,,3,M,SV40,OIS,No,,,Human,,parmjit_1,SV40_LT,7d,DB_DomNeg_E2F,none,SSVe2f_SSVev,1,parmjit_1_SSVe2f_SSVev,RAD51 paralog C,Inhibits,Stress-induced,26820992,upregulated
4374237,GSE101766,Limma,,IMR,,RAS,none,none,14.0,RAS_shC,RAS,6d,OIS,none,PRJNA395386,,ILF3,NRG1,none,No,,-0.3656434,-4.602602,6.0,Lung,,,14.0,No,0.2172684,,,3,R,RAS,OIS,No,Illumina_HiSeq_2500,Single,Human,50,georgilis_1,ER_RAS,6d,NRG1,none,NRG1_RASc,,georgilis_1_NRG1_RASc,interleukin enhancer binding factor 3,Inhibits,Unclear,23117626,no_change
10249741,GSE132369,Limma,,IMR,5.00%,IR_Parkin,none,Parkin,,IR_Parkin,IR,10d,DDIS,Parkin,PRJNA547764,10.00%,ASF1A,mitochondrial,Parkin,No,,1.36608,4094662000000.0,10.0,Lung,3.00%,Yes,,No,2.442204e-13,,20Gy,3,R,IR,DDIS,No,NextSeq_500,Paired,Human,71,vizioli,Xrays,10d,CCCP,48h12.5uMCCCP2daIR,ICP_IP,,vizioli_ICP_IP,anti-silencing function 1A histone chaperone,Induces,Replicative,15621527,upregulated
2735821,GSE134747,Limma,Illumina_HT12V4,BJ,,OIS,none,GR,,BRAF_24h_Clob_2h,RAF,1d,OIS,none,PRJNA556258,,AGT,none,GR,Yes,hTERT,-2038.068,-3274.058,2.0,Skin,,,,Yes,0.0003054313,,1000ng_ml,4,M,RAF,OIS,No,,,human,,carvalho_1,BRAF_doxycycline,2d,clobetasol,2nM_2h,O48Clob2_O24Clob2,1,carvalho_1_O48Clob2_O24Clob2,angiotensinogen,Induces,Stress-induced,16908765,downregulated
9789448,GSE74324,Limma,,IMR,,RASshp53,p53,none,,RASshp53,RAS,12d,OIS,none,PRJNA299683,10.00%,TP53INP1,p16_p21,none,No,,1.718105,4.8677309999999997e+30,12.0,Lung,,,,No,2.054345e-31,,,3,R,RAS,OIS,No,Illumina_HiSeq_2500,Single,Human,100,tasdemir,HRASG12V,12d,shp16p21,none,RASshp16p21_RASshp53,,tasdemir_RASshp16p21_RASshp53,tumor protein p53 inducible nuclear protein 1,Induces,Stress-induced,21093163,upregulated
12306510,GSE190998,Limma,,WI38,5%,Prolif,none,none,,Prolif_siCtrl,Etoposide,8d,DDIS,none,PRJNA789266,10%,AURKB,NTRK2,none,No,,-2.63660221091128,-208324390.797375,8.0,Lung,,0.50%,,No,4.80020604487278e-09,,50uM,3,R,Etoposide,DDIS,No,Illumina_NovaSeq6000,Paired,Human,204,Anerillas_2,Etoposide,8d,siNTRK2,none,DN_P,,Anerillas_2_DN_P,aurora kinase B,Inhibits,Unclear,22024481,downregulated
6731017,GSE53379,Limma,Illumin_HWG6V3,IMR,,DDISshp53,p53,none,,Quiesce2dEtopshp53,Etoposide,7d,DDIS,none,PRJNA231867,10.00%,SOD2,p53,none,No,,0.3895925,3.176332,7.0,Lung,5.00%,Yes,,No,0.3148285,,10dPuromycin,3,M,RAS,OIS,No,,,Human,,kirschner_1,H-RASG12V,7d,shp53,none,Rshp53_QD48shp53,1,kirschner_1_Rshp53_QD48shp53,superoxide dismutase 2,Induces,Unclear,12592389,no_change
6538131,GSE53379,Limma,Illumin_HWG6V3,IMR,,OIS,none,none,,OIS,RAS,0d,OIS,none,PRJNA231867,10.00%,DDB2,p53,none,No,,-1.409892,-638870800000000.0,7.0,Lung,5.00%,Yes,,No,1.565262e-15,,10dPuromycin,3,M,RAS,OIS,No,,,Human,,kirschner_1,H-RASG12V,7d,shp53,none,Rshp53_R,1,kirschner_1_Rshp53_R,damage specific DNA binding protein 2,Induces,Oncogene-induced,20351176,downregulated
4283584,GSE101766,Limma,,IMR,,RAS,none,none,14.0,RAS_shC,RAS,6d,OIS,none,PRJNA395386,,ATF7IP,ITCH,none,No,,1.591819,836019.5,6.0,Lung,,,14.0,No,1.196144e-06,,,3,R,RAS,OIS,No,Illumina_HiSeq_2500,Single,Human,50,georgilis_1,ER_RAS,6d,ITCH,none,ITCH_RASc,,georgilis_1_ITCH_RASc,activating transcription factor 7 interacting protein,Inhibits,Stress-induced,23935871,upregulated
8117193,GSE24810,Limma,Affymetrix_U133A,HMF3A,5%,OIS,none,none,,Inactive_SV40LT_EV,SV40,7d,OIS,none,PRJNA132307,0.25%,SMC2,p53,none,Yes,hTERT_SV40_LT,1.388994,3.744629e+16,7.0,Skin,20%,Yes,,No,2.6704910000000002e-17,,,3,M,SV40,OIS,No,,,Human,,parmjit_1,SV40_LT,7d,shp53,none,SSVp53sh_SSVev,1,parmjit_1_SSVp53sh_SSVev,structural maintenance of chromosomes 2,Inhibits,Unclear,25474630,upregulated
8939714,GSE128711,Limma,,HFF,,Dox_sgp130,p130,none,,Dox_sgp130,Dox,1d,DDIS,none,PRJNA528619,,DNMT1,p130_pRb,none,No,,1.139974,171.3433,1.0,Skin,,,,Yes,0.005836238,,350nM,2,R,Doxorubicin,DDIS,No,NextSeq_500,Single,Human,75,schade_1,Dox,1d,sgp130pRb,none,Dp130pRb_Dp130,,schade_1_Dp130pRb_Dp130,DNA methyltransferase 1,Inhibits,Unclear,21572997,upregulated
4448456,GSE101766,Limma,,IMR,,RAS,none,none,14.0,RAS_shC,RAS,6d,OIS,none,PRJNA395386,,IGFBP5,PTPN14,none,No,,-2.066948,-372932.7,6.0,Lung,,,14.0,No,2.681449e-06,,,3,R,RAS,OIS,No,Illumina_HiSeq_2500,Single,Human,50,georgilis_1,ER_RAS,6d,PTPN14,none,PTPN14_RASc,,georgilis_1_PTPN14_RASc,insulin like growth factor binding protein 5,Induces,Replicative,17804819,downregulated
4549028,GSE101766,Limma,,IMR,,RAS,none,none,14.0,RAS_shC,RAS,6d,OIS,none,PRJNA395386,,MTHFD2,p53,none,No,,0.4748233,12.09219,6.0,Lung,,,14.0,No,0.082698,,,3,R,RAS,OIS,No,Illumina_HiSeq_2500,Single,Human,50,georgilis_1,ER_RAS,6d,p53,none,P53_RASc,,georgilis_1_P53_RASc,"methylenetetrahydrofolate dehydrogenase (NADP+ dependent) 2, methenyltetrahydrofolate cyclohydrolase",Inhibits,Unclear,32264951,no_change
8368700,GSE24810,Limma,Affymetrix_U133A,HMF3A,5%,OISshp53,p53,none,,Active_SV40LT_shp53,SV40,7d,OIS,none,PRJNA132307,0.25%,BUB1,laminA,none,Yes,hTERT_SV40_LT,-3.179011,-6.368425e+21,7.0,Skin,20%,Yes,,No,1.570247e-22,,,3,M,SV40,OIS,No,,,Human,,parmjit_1,SV40_LT,7d,shLaminA,none,SSVLA_SSVp53sh,1,parmjit_1_SSVLA_SSVp53sh,BUB1 mitotic checkpoint serine/threonine kinase,Inhibits,Oncogene-induced,17488820,downregulated
5208762,GSE98216,Limma,Affymetrix_HuGene2,IMR,,E7,none,none,,E7STAT5A,E7_STAT5A,8d,OIS,none,PRJNA384317,10.00%,STAT5A,none,none,No,,0.23111,16.40172,8.0,Lung,,1.00%,,No,0.06096923,,,3,M,E7_STAT5A,OIS,No,,,Human,,germain_1,E7_STAT5A,8d,shSOCS1,none,EshSOCS1_E,1,germain_1_EshSOCS1_E,signal transducer and activator of transcription 5A,Induces,Oncogene-induced,17913706,no_change
8049422,GSE24810,Limma,Affymetrix_U133A,HMF3A,5%,OIS,none,none,,Inactive_SV40LT_EV,SV40,7d,OIS,none,PRJNA132307,0.25%,FOS,laminA,none,Yes,hTERT_SV40_LT,-0.6323965,-30233.11,7.0,Skin,20%,Yes,,No,3.307632e-05,,,3,M,SV40,OIS,No,,,Human,,parmjit_1,SV40_LT,7d,shLaminA,none,SSVLA_SSVev,1,parmjit_1_SSVLA_SSVev,"Fos proto-oncogene, AP-1 transcription factor subunit",Inhibits,Unclear,1560044,no_change
4216164,GSE101766,Limma,,IMR,,RAS,none,none,14.0,RAS_shC,RAS,6d,OIS,none,PRJNA395386,,PML,ERCC3,none,No,,-1.300841,-3183.464,6.0,Lung,,,14.0,No,0.0003141232,,,3,R,RAS,OIS,No,Illumina_HiSeq_2500,Single,Human,50,georgilis_1,ER_RAS,6d,ERCC3,none,ERCC3_RASc,,georgilis_1_ERCC3_RASc,PML nuclear body scaffold,Induces,Oncogene-induced,10910364,downregulated
5986884,GSE42368,Limma,Illumina_HT12V3,FL2,,DDIS,none,none,,Dox,Dox,1d,DDIS,none,PRJNA181197,,RAF1,DINO,none,No,,-147.2418,-86.44148,1.0,Lung,,,,Yes,0.01156852,,200ng/ml_1d,3,M,Doxorubicin,DDIS,No,,,Human,,hung_1,Dox,1d,shDINO,none,DshDINO_D,1,hung_1_DshDINO_D,"Raf-1 proto-oncogene, serine/threonine kinase",Induces,Oncogene-induced,9765202,downregulated
537006,GSE40349,Limma,Affymetrix_U133A,IMR,,RAS,pRb,none,,RASshRB,RAS,7d,OIS,none,PRJNA173792,10%,IGFBP3,E2F7,none,No,,-0.4162319,-8.4389,7.0,Lung,,,,No,0.1184989,,,2,M,RAS,OIS,No,,,Human,,aksoy_1,ER:RasV12,7d,ShE2F7,none,SshE2F7_SshRB,1,aksoy_1_SshE2F7_SshRB,insulin like growth factor binding protein 3,Induces,Stress-induced,18329388,no_change
9718485,GSE74324,Limma,,IMR,,RAS,none,none,,RASshC,RAS,12d,OIS,none,PRJNA299683,10.00%,CDK2,p16_p21,none,No,,1.146622,175197113190.0,12.0,Lung,,,,No,5.707857e-12,,,3,R,RAS,OIS,No,Illumina_HiSeq_2500,Single,Human,100,tasdemir,HRASG12V,12d,shp16p21,none,RASshp16p21_RAS,,tasdemir_RASshp16p21_RAS,cyclin dependent kinase 2,Inhibits,Replicative,25149358,upregulated
10277024,GSE140961,Limma,,Tig3,,Dox,none,none,,Dox10d,Dox,,DDIS,none,PRJNA591563,,ETV6,BRD4,none,No,,-1.026852,-20.75645,12.0,Lung,,Yes,,No,0.04817779,,250ng/ml10d,3,R,Doxorubicin,DDIS,No,Illumina_HiSeq_2500,Single,Human,75,wakita,Dox,12d,ARV825,10nM_2d,DA_D,,wakita_DA_D,ETS variant transcription factor 6,Induces,Unclear,30088951,downregulated
9770619,GSE74324,Limma,,IMR,,RASshp53,p53,none,,RASshp53,RAS,12d,OIS,none,PRJNA299683,10.00%,HELLS,RELA,none,No,,-1.001097,-335.7819,12.0,Lung,,,,No,0.002978124,,,3,R,RAS,OIS,No,Illumina_HiSeq_2500,Single,Human,100,tasdemir,HRASG12V,12d,shRELA,none,RASshRELA_RASshp53,,tasdemir_RASshRELA_RASshp53,"helicase, lymphoid specific",Inhibits,Replicative,19561196,downregulated
42132510,GSE214409,Limma,,IMR,,OIS,none,none,,RAS,RAS,7d,OIS,,PRJNA885153,10%,ATG4D,none,WSTF,No,,-1.39130523238761,-21586295.6423968,7.0,Lung,3%,,,No,4.63256881387253e-08,,,3,R,Prolif,,No,Illumina_HiSeq_2500,Single,Human,51,Dou,Prolif_WSTFOE,7d,WSTF,none,PW_O,,Dou_PW_O,autophagy related 4D cysteine peptidase,Inhibits,Unclear,30352807,downregulated
2744853,GSE134747,Limma,Illumina_HT12V4,BJ,,OIS,none,GR,,BRAF_24h_Clob_2h,RAF,1d,OIS,none,PRJNA556258,,SIRT2,none,GR,Yes,hTERT,33.47202,2406.036,2.0,Skin,,,,Yes,0.0004156214,,1000ng_ml,4,M,RAF,OIS,No,,,human,,carvalho_1,BRAF_doxycycline,2d,clobetasol,2nM_2h,O48Clob2_O24Clob2,1,carvalho_1_O48Clob2_O24Clob2,sirtuin 2,Inhibits,Unclear,25924011,upregulated
1416048,GSE122918,Limma,Affymetrix_HTA2_0,WI38,,RAS,none,none,,R72_siCTRL,RAS,3d,OIS,none,PRJNA506911,,ITPR1,RELA,none,No,,1.1,262127.2,3.0,Lung,,,,Yes,3.814941e-06,,,4,M,RAS,OIS,No,,,human,,bischof_2,ER:RASv12,3d,siRELA1,20uM,R72relA1_R72ctrl,1,bischof_2_R72relA1_R72ctrl,"inositol 1,4,5-trisphosphate receptor type 1",Induces,Oncogene-induced,24797322,upregulated
2750007,GSE134747,Limma,Illumina_HT12V4,BJ,,OIS,none,GR,,BRAF_24h_Clob_2h,RAF,1d,OIS,none,PRJNA556258,,CNOT6,none,GR,Yes,hTERT,-93.82696,-33514763264.0,3.0,Skin,,,,Yes,2.98376e-11,,1000ng_ml,4,M,RAF,OIS,No,,,human,,carvalho_1,BRAF_doxycycline,3d,clobetasol,2nM_2h,O72Clob2_O24Clob2,1,carvalho_1_O72Clob2_O24Clob2,CCR4-NOT transcription complex subunit 6,Inhibits,Unclear,26792405,downregulated
3667064,GSE2487,Limma,Affymetrix_U133A,IMR,,OIS,none,none,,MEK_ER,MEK,3d,OIS,none,PRJNA91885,,ENTPD7,none,SmallT,Yes,hTERT,-60.35,-91.45876,3.0,Lung,,,,Yes,0.01093389,,,2,M,MEK,OIS,No,,,Human,,collado_1,MEK_ER,3d,SmallT,none,Rst_R,1,collado_1_Rst_R,ectonucleoside triphosphate diphosphohydrolase 7,Induces,Oncogene-induced,27737960,downregulated
9839565,GSE74324,Limma,,IMR,,RASshBRD4,BRD4,none,,RASshBRD4,RAS,12d,OIS,none,PRJNA299683,10.00%,VEGFA,p53_pRb,none,No,,2.599369,1.612642e+28,12.0,Lung,,,,No,6.201004e-29,,,3,R,RAS,OIS,No,Illumina_HiSeq_2500,Single,Human,100,tasdemir,HRASG12V,12d,shp53pRb,none,RASshp53pRb_RASshBRD4,,tasdemir_RASshp53pRb_RASshBRD4,vascular endothelial growth factor A,Inhibits,Replicative,9160882,upregulated
4254352,GSE101766,Limma,,IMR,,RAS,none,none,14.0,RAS_shC,RAS,6d,OIS,none,PRJNA395386,,ROMO1,IFNA17,none,No,,-1.451182,-4877509734.0,6.0,Lung,,,14.0,No,2.050227e-10,,,3,R,RAS,OIS,No,Illumina_HiSeq_2500,Single,Human,50,georgilis_1,ER_RAS,6d,IFNA17,none,IFNA17_RASc,,georgilis_1_IFNA17_RASc,reactive oxygen species modulator 1,Induces,Replicative,18836179,downregulated
6889461,GSE108278,Limma,,IMR,,RAS,none,none,,RAS_shC,RAS,4d,OIS,none,PRJNA423028,,PDIK1L,IL1R,none,Yes,hTERT,0.309306,4.845699,4.0,Lung,,,,No,0.2063686,,,2,R,RAS,OIS,No,Illumina_HiSeq_2500,Paired,Human,51,lau,ERT2_RASG12V,4d,shIL1R,none,R4IL_R4,,lau_R4IL_R4,PDLIM1 interacting kinase 1 like,Induces,Unclear,26583757,no_change
8093662,GSE24810,Limma,Affymetrix_U133A,HMF3A,5%,OIS,none,none,,Inactive_SV40LT_EV,SV40,7d,OIS,none,PRJNA132307,0.25%,TP53INP1,none,E7,Yes,hTERT_SV40_LT,-0.417344,-766.6012,7.0,Skin,20%,Yes,,No,0.001304459,,,3,M,,,No,,,Human,,parmjit_1,,7d,HPV16_E7,none,ISVe7_SSVev,1,parmjit_1_ISVe7_SSVev,tumor protein p53 inducible nuclear protein 1,Induces,Stress-induced,21093163,no_change
4070085,GSE101766,Limma,,IMR,,RAS,none,none,14.0,RAS_shC,RAS,6d,OIS,none,PRJNA395386,,SUMO3,ABCD4,none,No,,0.07943794,1.588838,6.0,Lung,,,14.0,No,0.629391,,,3,R,RAS,OIS,No,Illumina_HiSeq_2500,Single,Human,50,georgilis_1,ER_RAS,6d,ABCD4,none,ABCD4_RASc,,georgilis_1_ABCD4_RASc,small ubiquitin like modifier 3,Induces,Unclear,17012228,no_change
57337100,GSE190998,Limma,,WI38,5%,DDIS,none,none,,Etoposide_siCtrl,Etoposide,8d,DDIS,none,PRJNA789266,10%,MAP2K2,NTRK2,none,No,,-0.0258586417331879,-1.4905259175512,8.0,Lung,,0.50%,,No,0.670904134054182,,50uM,3,R,Etoposide,DDIS,No,Illumina_NovaSeq6000,Paired,Human,204,Anerillas_2,Etoposide,8d,siNTRK2,none,DN_D,,Anerillas_2_DN_D,mitogen-activated protein kinase kinase 2,Induces,Oncogene-induced,9765203,no_change
11745825,GSE178115,Limma,Agilent,HDF,,REP,ROCK_ATM,none,,REP_15d,REP,15d,REP,none,PRJNA737497,10%,WWP1,none,none,No,,-301.0,-2345128.0,15.0,Skin,,,,No,4.264159e-07,,,3,M,REP,REP,No,,,Human,,Yang,REP,15d,Y27632_KU60019,2.5uM_0.5uM,R15dCOMBOi_R15d,1,Yang_R15dCOMBOi_R15d,WW domain containing E3 ubiquitin protein ligase 1,Inhibits,Replicative,21795702,downregulated
5376081,GSE127116,Limma,,IMR,,RAS_siLTR2,LTR2,none,,RASd8_siLTR2,RAS,8d,OIS,none,PRJNA524181,10.00%,GMNN,LTR10,none,No,,0.0,0.0,5.0,Lung,,,,No,1.0,,,3,R,RAS,OIS,No,IonXpress,Single,Human,110,hari,ER:RAS,5d,siLTR10,none,R5siLTR10_R5siLTR2,,hari_R5siLTR10_R5siLTR2,geminin DNA replication inhibitor,Inhibits,Replicative,23142824,no_change
3695240,GSE2487,Limma,Affymetrix_U133A,IMR,,OIS,none,none,,MEK_ER,MEK,3d,OIS,none,PRJNA91885,,NEDD4,none,SmallT_E6_E7,Yes,hTERT,125.15,26.63027,,Lung,,,,No,0.03755126,,,2,M,,,No,,,Human,,collado_1,,,SmallT_E6_E7,none,RstE67_R,1,collado_1_RstE67_R,NEDD4 E3 ubiquitin protein ligase,Inhibits,Oncogene-induced,23549616,upregulated
9793936,GSE74324,Limma,,IMR,,RASshp53,p53,none,,RASshp53,RAS,12d,OIS,none,PRJNA299683,10.00%,E2F1,p53_pRb,none,No,,1.626665,559470000000000.0,12.0,Lung,,,,No,1.787406e-15,,,3,R,RAS,OIS,No,Illumina_HiSeq_2500,Single,Human,100,tasdemir,HRASG12V,12d,shp53pRb,none,RASshp53pRb_RASshp53,,tasdemir_RASshp53pRb_RASshp53,E2F transcription factor 1,Induces,Unclear,10594030,upregulated
11466609,GSE145650,Limma,,IMR,5.00%,OIS,none,none,,ER_RAS_G12V,RAS,6d,OIS,none,PRJNA607798,10.00%,NEK4,COX2,none,No,,1.048977,75916922.0,6.0,Lung,5.00%,,,No,1.317229e-08,,6d_100nM4OHT,8,R,RAS,OIS,No,Illumina_HiSeq_4000,Paired,Human,,hoare_3,ER_RAS_G12V,6d,Celecoxib,6d_40uM,OC_O,,hoare_3_OC_O,NIMA related kinase 4,Induces,Replicative,22851694,upregulated
4271330,GSE101766,Limma,,IMR,,RAS,none,none,14.0,RAS_shC,RAS,6d,OIS,none,PRJNA395386,,AXL,IL17RE,none,No,,1.511866,1841473.0,6.0,Lung,,,14.0,No,5.430436e-07,,,3,R,RAS,OIS,No,Illumina_HiSeq_2500,Single,Human,50,georgilis_1,ER_RAS,6d,IL17RE,none,IL17RE_RASc,,georgilis_1_IL17RE_RASc,AXL receptor tyrosine kinase,Induces,Unclear,26583757,upregulated
8900601,GSE128711,Limma,,HFF,,Dox,none,none,,Dox,Dox,1d,DDIS,none,PRJNA528619,,ATM,pRb,none,No,,-1.122323,-668.7104,1.0,Skin,,,,Yes,0.001495416,,350nM,2,R,Doxorubicin,DDIS,No,NextSeq_500,Single,Human,75,schade_1,Dox,1d,sgpRb,none,DpRb_D,,schade_1_DpRb_D,ATM serine/threonine kinase,Inhibits,Replicative,9312059,downregulated
6698119,GSE53379,Limma,Illumin_HWG6V3,IMR,,DDISshp53,p53,none,,Quiesce1dEtopshp53,Etoposide,7d,DDIS,none,PRJNA231867,10.00%,CCND1,p53,none,No,,1.091522,44028263678.0,7.0,Lung,5.00%,Yes,,No,2.271268e-11,,100uM2d+5d,3,M,Etoposide,DDIS,No,,,Human,,kirschner_1,Etoposide,7d,shp53,none,Dshp53_QD24shp53,1,kirschner_1_Dshp53_QD24shp53,cyclin D1,Induces,Unclear,7698220,upregulated
6611628,GSE53379,Limma,Illumin_HWG6V3,IMR,,DDIS,none,none,,DDIS,Etoposide,7d,DDIS,none,PRJNA231867,10.00%,CDKN2A,p53,none,No,,1.733854,113386600000000.0,7.0,Lung,5.00%,Yes,,No,8.819384e-15,,10dPuromycin,3,M,RAS,OIS,No,,,Human,,kirschner_1,H-RASG12V,7d,shp53,none,Rshp53_D,1,kirschner_1_Rshp53_D,cyclin dependent kinase inhibitor 2A,Induces,Replicative,9607312,upregulated
5564889,GSE61130,Limma,,IMR,,RAS,none,none,15.0,RAS_EV,RAS,7d,OIS,none,PRJNA260300,,PATZ1,none,ZFP36L1,No,,0.9625663,377048.5,7.0,Lung,,,15.0,No,2.652179e-06,,,3,R,RAS,OIS,No,Illumina_HiSeq_2500,Paired,Human,200,herranz_1,ER_RAS,7d,ZFP36L1mut,none,RASZmut_RAS,,herranz_1_RASZmut_RAS,POZ/BTB and AT hook containing zinc finger 1,Inhibits,Unclear,22052190,no_change
6612397,GSE53379,Limma,Illumin_HWG6V3,IMR,,DDIS,none,none,,DDIS,Etoposide,7d,DDIS,none,PRJNA231867,10.00%,DDAH2,p53,none,No,,-1.027223,-83123.84,7.0,Lung,5.00%,Yes,,No,1.203024e-05,,10dPuromycin,3,M,RAS,OIS,No,,,Human,,kirschner_1,H-RASG12V,7d,shp53,none,Rshp53_D,1,kirschner_1_Rshp53_D,dimethylarginine dimethylaminohydrolase 2,Inhibits,Unclear,24764313,downregulated
8900055,GSE128711,Limma,,HFF,,Dox,none,none,,Dox,Dox,1d,DDIS,none,PRJNA528619,,AGO2,pRb,none,No,,1.415336,24.26595,1.0,Skin,,,,Yes,0.04121001,,350nM,2,R,Doxorubicin,DDIS,No,NextSeq_500,Single,Human,75,schade_1,Dox,1d,sgpRb,none,DpRb_D,,schade_1_DpRb_D,argonaute RISC catalytic component 2,Inhibits,Oncogene-induced,25175024,upregulated
8074279,GSE24810,Limma,Affymetrix_U133A,HMF3A,5%,OIS,none,none,,Inactive_SV40LT_EV,SV40,7d,OIS,none,PRJNA132307,0.25%,G6PD,none,E1A,Yes,hTERT_SV40_LT,-1.307217,-2621633046.0,7.0,Skin,20%,Yes,,No,3.814416e-10,,,3,M,,,No,,,Human,,parmjit_1,,7d,Ad5_E1A_12S,none,ISVe1a_SSVev,1,parmjit_1_ISVe1a_SSVev,glucose-6-phosphate dehydrogenase,Inhibits,Stress-induced,10980404,downregulated
5136114,GSE101750,Limma,,IMR,,RAS,none,none,15.0,RAS_EV_no_sh,RAS,6d,OIS,none,PRJNA395363,10.00%,WWP1,PTBP1,none,No,,0.05339907,1.567182,6.0,Lung,,,15.0,No,0.6380881,,,3,R,RAS,OIS,No,Illumina_HiSeq_2500,Paired,Human,201,georgilis_2,ER:RAS,6d,shPTBP1,none,RASshPTBP1_RAS,,georgilis_2_RASshPTBP1_RAS,WW domain containing E3 ubiquitin protein ligase 1,Inhibits,Replicative,21795702,no_change
3694342,GSE2487,Limma,Affymetrix_U133A,IMR,,OIS,none,none,,MEK_ER,MEK,3d,OIS,none,PRJNA91885,,MAP2K1,none,SmallT_E6_E7,Yes,hTERT,574.2,2751.482,,Lung,,,,No,0.0003634405,,,2,M,,,No,,,Human,,collado_1,,,SmallT_E6_E7,none,RstE67_R,1,collado_1_RstE67_R,mitogen-activated protein kinase kinase 1,Induces,Unclear,14701721,upregulated
8902580,GSE128711,Limma,,HFF,,Dox,none,none,,Dox,Dox,1d,DDIS,none,PRJNA528619,,DNMT1,pRb,none,No,,0.4585225,4.902681,1.0,Skin,,,,Yes,0.20397,,350nM,2,R,Doxorubicin,DDIS,No,NextSeq_500,Single,Human,75,schade_1,Dox,1d,sgpRb,none,DpRb_D,,schade_1_DpRb_D,DNA methyltransferase 1,Inhibits,Unclear,21572997,no_change
11463122,GSE145650,Limma,,IMR,5.00%,OIS,none,none,,ER_RAS_G12V,RAS,6d,OIS,none,PRJNA607798,10.00%,CUX1,COX2,none,No,,1.010694,2184208000000000.0,6.0,Lung,5.00%,,,No,4.578318e-16,,6d_100nM4OHT,8,R,RAS,OIS,No,Illumina_HiSeq_4000,Paired,Human,,hoare_3,ER_RAS_G12V,6d,Celecoxib,6d_40uM,OC_O,,hoare_3_OC_O,cut like homeobox 1,Inhibits,Oncogene-induced,24618719,upregulated
1520240,GSE122918,Limma,Affymetrix_HTA2_0,WI38,,RAS,JUN,none,,R72_siJUN1,RAS,3d,OIS,none,PRJNA506911,,SUZ12,RELA,none,No,,-0.175,-57.47258,6.0,Lung,,,,No,0.0173996,,,4,M,RAS,OIS,No,,,human,,bischof_2,ER:RASv12,6d,siRELA1,20uM,R144relA1_R72jun1,1,bischof_2_R144relA1_R72jun1,SUZ12 polycomb repressive complex 2 subunit,Inhibits,Replicative,23455154,no_change
188713,GSE103938,Limma,,IMR,,RAS,none,none,12.0,RAS10d,RAS,10d,OIS,none,PRJNA407729,,EIF2AK2,mTOR,none,No,,-1.06335047937094,-88.7527712527858,10.0,Lung,,,12.0,No,0.0112672538094816,,,3,R,OSKM,OSKM,No,Illumina_HiSeq_2500,Single,Human,50,aarts_1,OSKM,10d,rapamycin,1nM,OSKM1nMRap_R,,aarts_1_OSKM1nMRap_R,eukaryotic translation initiation factor 2 alpha kinase 2,Induces,Stress-induced,29906232,downregulated
10993047,GSE156648,Limma,,IMR,,OIS,none,none,,pBABEHRASG12V,RAS,4d,OIS,none,PRJNA658579,10.00%,SLC13A3,none,DOT1L,No,,-1.800563,-289619.8,4.0,Lung,2.00%,,,No,3.452803e-06,,,3,R,,,No,Illumina_NovaSeq6000,Paired,Human,150,leon,,4d,MSCB-hDot1lwt,none,POE_O,,leon_POE_O,solute carrier family 13 member 3,Induces,Stress-induced,25384549,downregulated
8372985,GSE24810,Limma,Affymetrix_U133A,HMF3A,5%,OISshp53,p53,none,,Active_SV40LT_shp53,SV40,7d,OIS,none,PRJNA132307,0.25%,LMNA,laminA,none,Yes,hTERT_SV40_LT,-1.981159,-1061597000000000.0,7.0,Skin,20%,Yes,,No,9.419775e-16,,,3,M,SV40,OIS,No,,,Human,,parmjit_1,SV40_LT,7d,shLaminA,none,SSVLA_SSVp53sh,1,parmjit_1_SSVLA_SSVp53sh,lamin A/C,Unclear,Unclear,28483909,downregulated
3665361,GSE2487,Limma,Affymetrix_U133A,IMR,,OIS,none,none,,MEK_ER,MEK,3d,OIS,none,PRJNA91885,,CARM1,none,SmallT,Yes,hTERT,88.95,28.98652,3.0,Lung,,,,Yes,0.0344988,,,2,M,MEK,OIS,No,,,Human,,collado_1,MEK_ER,3d,SmallT,none,Rst_R,1,collado_1_Rst_R,coactivator associated arginine methyltransferase 1,Inhibits,Replicative,23837869,upregulated
5375305,GSE127116,Limma,,IMR,,RAS_siLTR2,LTR2,none,,RASd8_siLTR2,RAS,8d,OIS,none,PRJNA524181,10.00%,ERRFI1,LTR10,none,No,,-0.2137313,-2.002714,5.0,Lung,,,,No,0.4993225,,,3,R,RAS,OIS,No,IonXpress,Single,Human,110,hari,ER:RAS,5d,siLTR10,none,R5siLTR10_R5siLTR2,,hari_R5siLTR10_R5siLTR2,ERBB receptor feedback inhibitor 1,Induces,Unclear,24815188,no_change
10956982,GSE156648,Limma,,IMR,,OIS,none,none,,RAS,RAS,4d,OIS,none,PRJNA658579,10.00%,PDGFB,DOT1L,none,No,,1.02556,307.792,4.0,Lung,2.00%,,,No,0.003248947,,,3,R,RAS,OIS,No,Illumina_NovaSeq6000,Paired,Human,150,leon,pBABEHRASG12V,4d,pLKO.1_shDOT1L,none,OKD_O,,leon_OKD_O,platelet derived growth factor subunit B,Induces,Oncogene-induced,23934686,upregulated
4297402,GSE101766,Limma,,IMR,,RAS,none,none,14.0,RAS_shC,RAS,6d,OIS,none,PRJNA395386,,CPEB1,KCNA5,none,No,,1.272713,790.9632,6.0,Lung,,,14.0,No,0.001264281,,,3,R,RAS,OIS,No,Illumina_HiSeq_2500,Single,Human,50,georgilis_1,ER_RAS,6d,KCNA5,none,KCNA5_RASc,,georgilis_1_KCNA5_RASc,cytoplasmic polyadenylation element binding protein 1,Induces,Replicative,19141477,upregulated
4493802,GSE101766,Limma,,IMR,,RAS,none,none,14.0,RAS_shC,RAS,6d,OIS,none,PRJNA395386,,AR,TMEM219,none,No,,0.0,0.0,6.0,Lung,,,14.0,No,1.0,,,3,R,RAS,OIS,No,Illumina_HiSeq_2500,Single,Human,50,georgilis_1,ER_RAS,6d,TMEM219,none,TMEM219_RASc,,georgilis_1_TMEM219_RASc,androgen receptor,Induces,Unclear,24244503,no_change
11691057,GSE178115,Limma,Agilent,HDF,,REP,ROCK,none,,REP_15d,REP,15d,REP,none,PRJNA737497,10%,HSPB1,none,none,No,,-8901.0,-26.70926,15.0,Skin,,,,No,0.0374402,,,3,M,REP,REP,No,,,Human,,Yang,REP,15d,Y27632,2.5uM,R15dROCKi_R15d,1,Yang_R15dROCKi_R15d,heat shock protein family B (small) member 1,Inhibits,Stress-induced,18089808,downregulated
3603114,GSE19864,Limma,Affymetrix_U133A,IMR,,RAS_shp107,p107,none,,RAS_shp107,RAS,7d,OIS,none,PRJNA124029,10.0%,BRAF,p130,none,No,,-1.101353,-1191.29,7.0,Lung,,,,No,0.0008394261,,,2,M,RAS,OIS,No,,,Human,,chicas_1,H-rasV12,7d,shp130,none,Rshp130_Rshp107,1,chicas_1_Rshp130_Rshp107,"B-Raf proto-oncogene, serine/threonine kinase",Induces,Oncogene-induced,16079850,downregulated
3789397,GSE76125,Limma,,MRC,5.00%,IR,none,none,,I10,IR,10d,DDIS,Parkin,PRJNA306369,10.00%,CDCA4,mitochondrial,Parkin,No,,-1.374796,-2336692.0,10.0,Lung,,Yes,,No,4.279555e-07,,20Gy,3,R,IR,DDIS,No,NextSeq_500,Paired,Human,70,correia_melo,X_rays,10d,CCCP,12.5uM_4d,I10CCCP_I10,,correia_melo_I10CCCP_I10,cell division cycle associated 4,Inhibits,Unclear,32264951,downregulated
11712241,GSE178115,Limma,Agilent,HDF,,REP,ATM,none,,REP_15d,REP,15d,REP,none,PRJNA737497,10%,HSPB1,none,none,No,,10789.33,75.6459,15.0,Skin,,,,No,0.01321949,,,3,M,REP,REP,No,,,Human,,Yang,REP,15d,KU60019,0.5uM,R15dATMi_R15d,1,Yang_R15dATMi_R15d,heat shock protein family B (small) member 1,Inhibits,Stress-induced,18089808,upregulated
9845295,GSE74324,Limma,,IMR,,RASshRELA,RELA,none,,RASshRELA,RAS,12d,OIS,none,PRJNA299683,10.00%,IL1A,p16_p21,none,No,,0.0,0.0,12.0,Lung,,,,No,1.0,,,3,R,RAS,OIS,No,Illumina_HiSeq_2500,Single,Human,100,tasdemir,HRASG12V,12d,shp16p21,none,RASshp16p21_RASshRELA,,tasdemir_RASshp16p21_RASshRELA,interleukin 1 alpha,Induces,Unclear,2218499,no_change
5837529,GSE122079,Limma,,IMR,,RAS_ouabain_caspase_inhibitor,iONpump_caspase,none,14.0,RAS36h_ouabCI,RAS,7d,OIS,none,PRJNA503415,10.00%,PIK3CA,IONpump,none,No,,0.244845,3.932776,7.0,Lung,,,14.0,No,0.2542733,,,3,R,RAS,OIS,No,Illumina_HiSeq_2500,Single,Human,50,herranz_2,ER_RAS,7d,digoxin_caspase_inhibitor,none,RASdig36CI_RASouab36CI,,herranz_2_RASdig36CI_RASouab36CI,"phosphatidylinositol-4,5-bisphosphate 3-kinase catalytic subunit alpha",Unclear,Oncogene-induced,21909130,no_change
10952256,GSE156648,Limma,,IMR,,OIS,none,none,,RAS,RAS,4d,OIS,none,PRJNA658579,10.00%,CKB,DOT1L,none,No,,-1.423589,-4097992774.0,4.0,Lung,2.00%,,,No,2.440219e-10,,,3,R,RAS,OIS,No,Illumina_NovaSeq6000,Paired,Human,150,leon,pBABEHRASG12V,4d,pLKO.1_shDOT1L,none,OKD_O,,leon_OKD_O,creatine kinase B,Induces,Unclear,26583757,downregulated
5788907,GSE122079,Limma,,IMR,,RAS,none,none,14.0,RAS_EV36h,RAS,7d,OIS,none,PRJNA503415,10.00%,RBBP4,IONpump,none,No,,0.4314518,103939.2,7.0,Lung,,,14.0,No,9.621011e-06,,,3,R,RAS,OIS,No,Illumina_HiSeq_2500,Single,Human,50,herranz_2,ER_RAS,7d,ouabain,none,RASouab36_RAS36,,herranz_2_RASouab36_RAS36,"RB binding protein 4, chromatin remodeling factor",Inhibits,Unclear,26491019,no_change
10956095,GSE156648,Limma,,IMR,,OIS,none,none,,RAS,RAS,4d,OIS,none,PRJNA658579,10.00%,MTHFD2,DOT1L,none,No,,1.01749,5039926.0,4.0,Lung,2.00%,,,No,1.984156e-07,,,3,R,RAS,OIS,No,Illumina_NovaSeq6000,Paired,Human,150,leon,pBABEHRASG12V,4d,pLKO.1_shDOT1L,none,OKD_O,,leon_OKD_O,"methylenetetrahydrofolate dehydrogenase (NADP+ dependent) 2, methenyltetrahydrofolate cyclohydrolase",Inhibits,Unclear,32264951,upregulated
3723524,GSE2487,Limma,Affymetrix_U133A,IMR,,OIS,none,SmallT,,MEK_ER_SmallT,MEK,3d,OIS,none,PRJNA91885,,SUZ12,none,SmallT_E6_E7,Yes,hTERT,467.85,282.7046,,Lung,,,,No,0.003537262,,,2,M,,,No,,,Human,,collado_1,,,SmallT_E6_E7,none,RstE67_Rst,1,collado_1_RstE67_Rst,SUZ12 polycomb repressive complex 2 subunit,Inhibits,Replicative,23455154,upregulated
5327862,GSE127116,Limma,,IMR,,RAS,none,none,,RASd8,RAS,8d,OIS,none,PRJNA524181,10.00%,LAYN,LTR2,none,No,,1.163104,71395.46,8.0,Lung,,,,No,1.400649e-05,,,3,R,RAS,OIS,No,IonXpress,Single,Human,110,hari,ER:RAS,8d,siLTR2,none,R8siLTR2_R8,,hari_R8siLTR2_R8,layilin,Induces,Unclear,21740549,upregulated
5796649,GSE122079,Limma,,IMR,,RAS_caspase_inhibitor,caspase,none,14.0,RAS_EV36hCI,RAS,7d,OIS,none,PRJNA503415,10.00%,FOXP1,IONpump,none,No,,-1.444995,-376178.7,7.0,Lung,,,14.0,No,2.658311e-06,,,3,R,RAS,OIS,No,Illumina_HiSeq_2500,Single,Human,50,herranz_2,ER_RAS,7d,ouabain_caspase_inhibitor,none,RASouab36CI_RAS36CI,,herranz_2_RASouab36CI_RAS36CI,forkhead box P1,Inhibits,Replicative,28240601,downregulated
3718225,GSE2487,Limma,Affymetrix_U133A,IMR,,OIS,none,SmallT,,MEK_ER_SmallT,MEK,3d,OIS,none,PRJNA91885,,ING2,none,SmallT_E6_E7,Yes,hTERT,84.05,200.8383,,Lung,,,,No,0.00497913,,,2,M,,,No,,,Human,,collado_1,,,SmallT_E6_E7,none,RstE67_Rst,1,collado_1_RstE67_Rst,inhibitor of growth family member 2,Induces,Replicative,16024799,upregulated
4441302,GSE101766,Limma,,IMR,,RAS,none,none,14.0,RAS_shC,RAS,6d,OIS,none,PRJNA395386,,STAG2,PTBP1,none,No,,0.9458014,61.32952,6.0,Lung,,,14.0,No,0.01630536,,,3,R,RAS,OIS,No,Illumina_HiSeq_2500,Single,Human,50,georgilis_1,ER_RAS,6d,PTBP1,none,PTBP1_RASc,,georgilis_1_PTBP1_RASc,stromal antigen 2,Induces,Replicative,28819029,no_change
5568485,GSE61130,Limma,,IMR,,RAS,none,none,15.0,RAS_EV,RAS,7d,OIS,none,PRJNA260300,,TNFSF15,none,ZFP36L1,No,,-1.384226,-11555745.0,7.0,Lung,,,15.0,No,8.653704e-08,,,3,R,RAS,OIS,No,Illumina_HiSeq_2500,Paired,Human,200,herranz_1,ER_RAS,7d,ZFP36L1mut,none,RASZmut_RAS,,herranz_1_RASZmut_RAS,TNF superfamily member 15,Induces,Replicative,20675618,downregulated
4464227,GSE101766,Limma,,IMR,,RAS,none,none,14.0,RAS_shC,RAS,6d,OIS,none,PRJNA395386,,PTTG1,RNF6,none,No,,-1.125774,-22945.89,6.0,Lung,,,14.0,No,4.358079e-05,,,3,R,RAS,OIS,No,Illumina_HiSeq_2500,Single,Human,50,georgilis_1,ER_RAS,6d,RNF6,none,RNF6_RASc,,georgilis_1_RNF6_RASc,"PTTG1 regulator of sister chromatid separation, securin",Induces,Unclear,20452981,downregulated
9718715,GSE74324,Limma,,IMR,,RAS,none,none,,RASshC,RAS,12d,OIS,none,PRJNA299683,10.00%,CKB,p16_p21,none,No,,-0.6038266,-2932.069,12.0,Lung,,,,No,0.0003410561,,,3,R,RAS,OIS,No,Illumina_HiSeq_2500,Single,Human,100,tasdemir,HRASG12V,12d,shp16p21,none,RASshp16p21_RAS,,tasdemir_RASshp16p21_RAS,creatine kinase B,Induces,Unclear,26583757,no_change
4545273,GSE101766,Limma,,IMR,,RAS,none,none,14.0,RAS_shC,RAS,6d,OIS,none,PRJNA395386,,DDB2,p53,none,No,,-1.178701,-108.3827,6.0,Lung,,,14.0,No,0.009226568,,,3,R,RAS,OIS,No,Illumina_HiSeq_2500,Single,Human,50,georgilis_1,ER_RAS,6d,p53,none,P53_RASc,,georgilis_1_P53_RASc,damage specific DNA binding protein 2,Induces,Oncogene-induced,20351176,downregulated
3976449,GSE151745,Limma,,WI38,,DDIS,none,none,,IR_10Gy,IR,8d,DDIS,none,PRJNA637079,,ELOA,G3BP1,none,No,,-1.17701,-34.41124,8.0,Lung,,,,No,0.02906027,,10Gy,2,R,IR,DDIS,No,NextSeq_500,Single,Human,85,gallouzi,IR,8d,siG3BP1,none,IsiG3BP1_I,,gallouzi_IsiG3BP1_I,elongin A,Inhibits,Unclear,32264951,downregulated
6715485,GSE53379,Limma,Illumin_HWG6V3,IMR,,DDISshp53,p53,none,,Quiesce1dEtopshp53,Etoposide,7d,DDIS,none,PRJNA231867,10.00%,NEK2,p53,E1A,No,,1.012186,823.929,,Lung,5.00%,Yes,,No,0.001213697,,,3,M,,,No,,,Human,,kirschner_1,,,shp53,none,Ishp53_QD24shp53,1,kirschner_1_Ishp53_QD24shp53,NIMA related kinase 2,Inhibits,Unclear,32264951,upregulated
3546207,GSE19864,Limma,Affymetrix_U133A,IMR,,RAS,none,none,,RAS,RAS,7d,OIS,none,PRJNA124029,10.0%,MORF4L1,pRb,none,No,,0.08710956,2.985993,7.0,Lung,,,,No,0.3348969,,,2,M,RAS,OIS,No,,,Human,,chicas_1,H-rasV12,7d,shpRb,none,RshRB_R,1,chicas_1_RshRB_R,mortality factor 4 like 1,Inhibits,Stress-induced,31219803,no_change
11671198,GSE178115,Limma,Agilent,HDF,,REP,ROCK_ATM,none,,REP_8d,REP,8d,REP,none,PRJNA737497,10%,LATS2,none,none,No,,-206.8333,-34.33779,8.0,Skin,,,,No,0.02912243,,,3,M,REP,REP,No,,,Human,,Yang,REP,8d,Y27632_KU60019,2.5uM_0.5uM,R8dCOMBOi_R8d,1,Yang_R8dCOMBOi_R8d,large tumor suppressor kinase 2,Induces,Replicative,30755404,downregulated
9004281,GSE105591,Limma,,IMR,,REP,none,none,77.0,REP_shC,REP,,REP,none,PRJNA415490,10.00%,LOXL2,p300,none,No,,-0.3857223,-2.39973,,Lung,3.00%,1.00%,77.0,No,0.4167135,,,2,R,REP,REP,No,NextSeq_500,Single,Human,47,sen,REP,,shp300,none,REPshp300_REPshCON,,sen_REPshp300_REPshCON,lysyl oxidase like 2,Inhibits,Oncogene-induced,24113189,no_change
15404110,GSE190998,Limma,,WI38,5%,Prolif,none,none,,Prolif_siCtrl,Etoposide,8d,DDIS,none,PRJNA789266,10%,SIK1,NTRK2,none,No,,1.2072407732791,33407.396135187,8.0,Lung,,0.50%,,No,2.99334912530561e-05,,50uM,3,R,Etoposide,DDIS,No,Illumina_NovaSeq6000,Paired,Human,204,Anerillas_2,Etoposide,8d,siNTRK2,none,DN_P,,Anerillas_2_DN_P,salt inducible kinase 1,Induces,Unclear,26583757,upregulated
8087588,GSE24810,Limma,Affymetrix_U133A,HMF3A,5%,OIS,none,none,,Inactive_SV40LT_EV,SV40,7d,OIS,none,PRJNA132307,0.25%,IGFBP5,none,E7,Yes,hTERT_SV40_LT,-1.616503,-47071502.0,7.0,Skin,20%,Yes,,No,2.124428e-08,,,3,M,,,No,,,Human,,parmjit_1,,7d,HPV16_E7,none,ISVe7_SSVev,1,parmjit_1_ISVe7_SSVev,insulin like growth factor binding protein 5,Induces,Replicative,17804819,downregulated
5889590,GSE122079,Limma,,IMR,,RAS_ouabain,IONpump,none,14.0,RAS16h_ouab,RAS,7d,OIS,none,PRJNA503415,10.00%,STN1,IONpump,none,No,,-1.036168,-96159.15,7.0,Lung,,,14.0,No,1.039943e-05,,,3,R,RAS,OIS,No,Illumina_HiSeq_2500,Single,Human,50,herranz_2,ER_RAS,7d,ouabain,none,RASouab36_RASouab16,,herranz_2_RASouab36_RASouab16,STN1 subunit of CST complex,Inhibits,Replicative,22964711,downregulated
3591323,GSE19864,Limma,Affymetrix_U133A,IMR,,RAS_shpRb,pRb,none,,RAS_shpRb,RAS,7d,OIS,none,PRJNA124029,10.0%,CDC25A,p130,none,No,,-1.304588,-17612.79,7.0,Lung,,,,No,5.677691e-05,,,2,M,RAS,OIS,No,,,Human,,chicas_1,H-rasV12,7d,shp130,none,Rshp130_RshRB,1,chicas_1_Rshp130_RshRB,cell division cycle 25A,Inhibits,Unclear,32264951,downregulated
4213416,GSE101766,Limma,,IMR,,RAS,none,none,14.0,RAS_shC,RAS,6d,OIS,none,PRJNA395386,,IRF1,ERCC3,none,No,,-1.183548,-789.9615,6.0,Lung,,,14.0,No,0.001265884,,,3,R,RAS,OIS,No,Illumina_HiSeq_2500,Single,Human,50,georgilis_1,ER_RAS,6d,ERCC3,none,ERCC3_RASc,,georgilis_1_ERCC3_RASc,interferon regulatory factor 1,Induces,Oncogene-induced,18267069,downregulated
577149,GSE40349,Limma,Affymetrix_U133A,IMR,,RAS,E2F7,none,,RASshE2F7,RAS,7d,OIS,none,PRJNA173792,10%,POT1,pRb_E2F7,none,No,,1.547972,692667.2,7.0,Lung,,,,No,1.443695e-06,,,2,M,RAS,OIS,No,,,Human,,aksoy_1,ER:RasV12,7d,shpRb_shE2F7,none,SshRBE2F7_SshE2F7,1,aksoy_1_SshRBE2F7_SshE2F7,protection of telomeres 1,Inhibits,Replicative,15657433,upregulated
9896673,GSE74324,Limma,,IMR,,RASwJQ1,BRD4,none,,RASwJQ1,RAS,12d,OIS,none,PRJNA299683,10.00%,NFKB2,BRD4,none,No,,-1.127529,-100048400000000.0,12.0,Lung,,,,No,9.995158e-15,,,3,R,RAS,OIS,No,Illumina_HiSeq_2500,Single,Human,100,tasdemir,HRASG12V,12d,shBRD4,none,RASshBRD4_RASwJQ1,,tasdemir_RASshBRD4_RASwJQ1,nuclear factor kappa B subunit 2,Inhibits,Unclear,25255445,downregulated
18746151,GSE224070,Limma,,IMR,5%,DDIS,COPB2,none,,50ugmL_Bleomycin_24hr,Bleomycin,10d,DDIS,none,PRJNA929513,10%,RAD23B,COPB2,none,No,,-1.17045934748761,-14217.4858198674,10.0,Lung,,Yes,,No,7.03359238524867e-05,,100nM_4OHT,3,R,RAS,OIS,No,NextSeq_2000,Single,Human,71,McHugh_1,ER:RAS,10d,shCOPB2,1ugml_Doxycycline,Osh_Dsh,,McHugh_1_Osh_Dsh,"RAD23 homolog B, nucleotide excision repair protein",Inhibits,Unclear,24823364,downregulated
5178802,GSE101758,Limma,,IMR,,RAS,none,none,14.0,RAS_siC,RAS,5d,OIS,none,PRJNA395378,,IL6,EXOC7,none,No,,-1.713628,-50873.15,5.0,Lung,,,14.0,No,1.965673e-05,,,3,R,RAS,OIS,No,Illumina_HiSeq_2500,Single,Human,50,georgilis_3,ER_RAS,5d,shEXOC7,none,RASsiEXOC7_RAS,,georgilis_3_RASsiEXOC7_RAS,interleukin 6,Induces,Oncogene-induced,18555778,downregulated
9717530,GSE74324,Limma,,IMR,,RAS,none,none,,RASshC,RAS,12d,OIS,none,PRJNA299683,10.00%,ATG12,p16_p21,none,No,,-0.1180877,-4.746086,12.0,Lung,,,,No,0.2106999,,,3,R,RAS,OIS,No,Illumina_HiSeq_2500,Single,Human,100,tasdemir,HRASG12V,12d,shp16p21,none,RASshp16p21_RAS,,tasdemir_RASshp16p21_RAS,autophagy related 12,Inhibits,Unclear,21858089,no_change
10275517,GSE140961,Limma,,Tig3,,Dox,none,none,,Dox10d,Dox,,DDIS,none,PRJNA591563,,CDKN2AIP,BRD4,none,No,,0.2773225,1.654363,12.0,Lung,,Yes,,No,0.6044622,,250ng/ml10d,3,R,Doxorubicin,DDIS,No,Illumina_HiSeq_2500,Single,Human,75,wakita,Dox,12d,ARV825,10nM_2d,DA_D,,wakita_DA_D,CDKN2A interacting protein,Induces,Replicative,19001376,no_change
6734428,GSE53379,Limma,Illumin_HWG6V3,IMR,,DDISshp53,p53,none,,Quiesce2dEtopshp53,Etoposide,7d,DDIS,none,PRJNA231867,10.00%,ATF7IP,p53,none,No,,0.137697,5.306769,7.0,Lung,5.00%,Yes,,No,0.1884386,,100uM2d+5d,3,M,Etoposide,DDIS,No,,,Human,,kirschner_1,Etoposide,7d,shp53,none,Dshp53_QD48shp53,1,kirschner_1_Dshp53_QD48shp53,activating transcription factor 7 interacting protein,Inhibits,Stress-induced,23935871,no_change
4251655,GSE101766,Limma,,IMR,,RAS,none,none,14.0,RAS_shC,RAS,6d,OIS,none,PRJNA395386,,MIF,IFNA17,none,No,,-1.379334,-1040598810.0,6.0,Lung,,,14.0,No,9.609851e-10,,,3,R,RAS,OIS,No,Illumina_HiSeq_2500,Single,Human,50,georgilis_1,ER_RAS,6d,IFNA17,none,IFNA17_RASc,,georgilis_1_IFNA17_RASc,macrophage migration inhibitory factor,Inhibits,Stress-induced,24274936,downregulated
9893177,GSE74324,Limma,,IMR,,RASwJQ1,BRD4,none,,RASwJQ1,RAS,12d,OIS,none,PRJNA299683,10.00%,ENDOG,BRD4,none,No,,-1.580958,-1509009000000.0,12.0,Lung,,,,No,6.626867e-13,,,3,R,RAS,OIS,No,Illumina_HiSeq_2500,Single,Human,100,tasdemir,HRASG12V,12d,shBRD4,none,RASshBRD4_RASwJQ1,,tasdemir_RASshBRD4_RASwJQ1,endonuclease G,Inhibits,Unclear,20211237,downregulated
3721725,GSE2487,Limma,Affymetrix_U133A,IMR,,OIS,none,SmallT,,MEK_ER_SmallT,MEK,3d,OIS,none,PRJNA91885,,RAN,none,SmallT_E6_E7,Yes,hTERT,426.85,218.6689,,Lung,,,,No,0.004573123,,,2,M,,,No,,,Human,,collado_1,,,SmallT_E6_E7,none,RstE67_Rst,1,collado_1_RstE67_Rst,"RAN, member RAS oncogene family",Inhibits,Unclear,23160023,upregulated
11107006,GSE144752,Limma,,BJ,,OIS,none,none,,BRAF_2d_1uM4OHT,BRAF,3d,OIS,none,PRJNA604779,10.00%,IRF3,YBX1,none,Yes,hTERT,-0.4868298,-18.22851,3.0,Skin,,,,Yes,0.05485911,,2d_1uM4OHT,3,R,RAF,OIS,No,NextSeq_500,Single,Human,75,montes,BRAFE600,3d,siYBX1,none,OYKD_O,,montes_OYKD_O,interferon regulatory factor 3,Induces,Unclear,16513254,no_change
195272,GSE103938,Limma,,IMR,,RAS,none,none,12.0,RAS10d,RAS,10d,OIS,none,PRJNA407729,,SMC1A,mTOR,none,No,,-0.442275554000142,-2.99059473910657,10.0,Lung,,,12.0,No,0.334381648881903,,,3,R,OSKM,OSKM,No,Illumina_HiSeq_2500,Single,Human,50,aarts_1,OSKM,10d,rapamycin,1nM,OSKM1nMRap_R,,aarts_1_OSKM1nMRap_R,structural maintenance of chromosomes 1A,Inhibits,Unclear,27731420,no_change
10993423,GSE156648,Limma,,IMR,,OIS,none,none,,pBABEHRASG12V,RAS,4d,OIS,none,PRJNA658579,10.00%,SOD2,none,DOT1L,No,,-1.751702,-116603573552.0,4.0,Lung,2.00%,,,No,8.576066e-12,,,3,R,,,No,Illumina_NovaSeq6000,Paired,Human,150,leon,,4d,MSCB-hDot1lwt,none,POE_O,,leon_POE_O,superoxide dismutase 2,Induces,Unclear,12592389,downregulated
5346209,GSE127116,Limma,,IMR,,RAS,none,none,,RASd8,RAS,8d,OIS,none,PRJNA524181,10.00%,ULK3,LTR10,none,No,,-1.16272,-3890.866,8.0,Lung,,,,No,0.0002570122,,,3,R,RAS,OIS,No,IonXpress,Single,Human,110,hari,ER:RAS,8d,siLTR10,none,R8siLTR10_R8,,hari_R8siLTR10_R8,unc-51 like kinase 3,Induces,Unclear,19279323,downregulated
10157265,GSE132370,Limma,,IMR,5.00%,IR,none,none,,ProlifEV,IR,10d,DDIS,none,PRJNA547766,10.00%,PDPK1,HDAC,none,No,,0.1143724,2.634663,10.0,Lung,3.00%,Yes,,No,0.3795551,,20Gy,3,R,IR,DDIS,No,NextSeq_500,Paired,Human,70,vizioli_2,Xrays,10d,TSA,100nM,It_I,,vizioli_2_It_I,3-phosphoinositide dependent protein kinase 1,Induces,Unclear,26583757,no_change
4334281,GSE101766,Limma,,IMR,,RAS,none,none,14.0,RAS_shC,RAS,6d,OIS,none,PRJNA395386,,CKAP2,LOC51136,none,No,,1.381957,6791.523,6.0,Lung,,,14.0,No,0.0001472424,,,3,R,RAS,OIS,No,Illumina_HiSeq_2500,Single,Human,50,georgilis_1,ER_RAS,6d,LOC51136,none,LOC51136_RASc,,georgilis_1_LOC51136_RASc,cytoskeleton associated protein 2,Inhibits,Unclear,32264951,upregulated
9683649,GSE74324,Limma,,IMR,,RAS,none,none,,RASshC,RAS,12d,OIS,none,PRJNA299683,10.00%,GNG11,p53,none,No,,0.1088827,5.752069,12.0,Lung,,,,No,0.1738505,,,3,R,RAS,OIS,No,Illumina_HiSeq_2500,Single,Human,100,tasdemir,HRASG12V,12d,shp53,none,RASshp53_RAS,,tasdemir_RASshp53_RAS,G protein subunit gamma 11,Induces,Stress-induced,17092487,no_change
5760594,GSE122079,Limma,,IMR,,RAS_caspase_inhibitor,caspase,none,14.0,RAS_EV36hCI,RAS,7d,OIS,none,PRJNA503415,10.00%,ING1,IONpump,none,No,,1.06215,804069.4,7.0,Lung,,,14.0,No,1.243674e-06,,,3,R,RAS,OIS,No,Illumina_HiSeq_2500,Single,Human,50,herranz_2,ER_RAS,7d,digoxin_caspase_inhibitor,none,RASdig36CI_RAS36CI,,herranz_2_RASdig36CI_RAS36CI,inhibitor of growth family member 1,Induces,Unclear,18691180,upregulated
1615774,GSE122918,Limma,Affymetrix_HTA2_0,WI38,,RAS,ETS1,none,,R144_siETS1,RAS,6d,OIS,none,PRJNA506911,,NF1,RELA,none,No,,1.5,1311441265.0,6.0,Lung,,,,No,7.625199e-10,,,4,M,RAS,OIS,No,,,human,,bischof_2,ER:RASv12,6d,siRELA1,20uM,R144relA1_R144ets11,1,bischof_2_R144relA1_R144ets11,neurofibromin 1,Inhibits,Oncogene-induced,25824590,upregulated
7027642,GSE75643,Limma,,Tig3,,BRAF,none,none,,BRAF4d,RAF,4d,OIS,none,PRJNA302675,9.00%,SIRT3,none,SV40smallT,Yes,hTERT,0.2034454,1.977373,4.0,Lung,,,,No,0.5057214,,,3,R,RAF,OIS,No,Illumina_HiSeq_2000,Single,Human,51,lenain,BRAFE600,4d,SV40smallT,none,BRAF4SV40_4,,lenain_BRAF4SV40_4,sirtuin 3,Inhibits,Stress-induced,23494737,no_change
1544871,GSE122918,Limma,Affymetrix_HTA2_0,WI38,,RAS,RELA,none,,R72_siRELA1,RAS,3d,OIS,none,PRJNA506911,,STAT1,JUN,none,No,,1.15,22878407949.0,6.0,Lung,,,,No,4.370934e-11,,,4,M,RAS,OIS,No,,,human,,bischof_2,ER:RASv12,6d,siJUN1,20uM,R144jun1_R72relA1,1,bischof_2_R144jun1_R72relA1,signal transducer and activator of transcription 1,Induces,Unclear,22217266,upregulated
102545,GSE103938,Limma,,IMR,,RAS_Rap1nM,mTOR,none,12.0,RAS10d_Rap1nM,RAS,10d,OIS,none,PRJNA407729,,FASN,mTOR,none,No,,0.548967014665909,1.79879699381444,10.0,Lung,,,12.0,No,0.55592710207918,,,3,R,RAS,OIS,No,Illumina_HiSeq_2500,Single,Human,50,aarts_1,RAS,10d,rapamycin,10nM,R10nMRap_R1nMRap,,aarts_1_R10nMRap_R1nMRap,fatty acid synthase,Induces,Oncogene-induced,30962418,no_change
11597502,GSE178115,Limma,Agilent,HDF,,REP,ATM,none,,REP_3d,REP,3d,REP,none,PRJNA737497,10%,WNT2,none,none,No,,77.83333,1240.604,3.0,Skin,,,,Yes,0.0008060591,,,3,M,REP,REP,No,,,Human,,Yang,REP,3d,KU60019,0.5uM,R3dATMi_R3d,1,Yang_R3dATMi_R3d,Wnt family member 2,Inhibits,Unclear,17643369,upregulated
2742291,GSE134747,Limma,Illumina_HT12V4,BJ,,OIS,none,GR,,BRAF_24h_Clob_2h,RAF,1d,OIS,none,PRJNA556258,,NOLC1,none,GR,Yes,hTERT,2623.816,1121472.0,2.0,Skin,,,,Yes,8.916855e-07,,1000ng_ml,4,M,RAF,OIS,No,,,human,,carvalho_1,BRAF_doxycycline,2d,clobetasol,2nM_2h,O48Clob2_O24Clob2,1,carvalho_1_O48Clob2_O24Clob2,nucleolar and coiled-body phosphoprotein 1,Induces,Unclear,28493459,upregulated
528254,GSE40349,Limma,Affymetrix_U133A,IMR,,RAS,none,none,,RASshLuc,RAS,7d,OIS,none,PRJNA173792,10%,RB1,pRb_E2F7,none,No,,-3.723161,-402455289.0,7.0,Lung,,,,No,2.484748e-09,,,2,M,RAS,OIS,No,,,Human,,aksoy_1,ER:RasV12,7d,shpRb_shE2F7,none,SshRBE2F7_R,1,aksoy_1_SshRBE2F7_R,RB transcriptional corepressor 1,Induces,Stress-induced,24231354,downregulated
5985867,GSE42368,Limma,Illumina_HT12V3,FL2,,DDIS,none,none,,Dox,Dox,1d,DDIS,none,PRJNA181197,,PDIK1L,DINO,none,No,,16.55115,23.15301,1.0,Lung,,,,Yes,0.04319093,,200ng/ml_1d,3,M,Doxorubicin,DDIS,No,,,Human,,hung_1,Dox,1d,shDINO,none,DshDINO_D,1,hung_1_DshDINO_D,PDLIM1 interacting kinase 1 like,Induces,Unclear,26583757,upregulated
4325620,GSE101766,Limma,,IMR,,RAS,none,none,14.0,RAS_shC,RAS,6d,OIS,none,PRJNA395386,,MAP2K1,LOC399818,none,No,,-1.056475,-128709.6,6.0,Lung,,,14.0,No,7.769431e-06,,,3,R,RAS,OIS,No,Illumina_HiSeq_2500,Single,Human,50,georgilis_1,ER_RAS,6d,LOC399818,none,LOC399818_RASc,,georgilis_1_LOC399818_RASc,mitogen-activated protein kinase kinase 1,Induces,Unclear,14701721,downregulated
4201840,GSE101766,Limma,,IMR,,RAS,none,none,14.0,RAS_shC,RAS,6d,OIS,none,PRJNA395386,,MAP2K1,EMR4,none,No,,-1.037984,-90890.12,6.0,Lung,,,14.0,No,1.10023e-05,,,3,R,RAS,OIS,No,Illumina_HiSeq_2500,Single,Human,50,georgilis_1,ER_RAS,6d,EMR4,none,EMR4_RASc,,georgilis_1_EMR4_RASc,mitogen-activated protein kinase kinase 1,Induces,Unclear,14701721,downregulated
8939993,GSE128711,Limma,,HFF,,Dox_sgp130,p130,none,,Dox_sgp130,Dox,1d,DDIS,none,PRJNA528619,,EIF4EBP1,p130_pRb,none,No,,1.015924,178.5817,1.0,Skin,,,,Yes,0.005599676,,350nM,2,R,Doxorubicin,DDIS,No,NextSeq_500,Single,Human,75,schade_1,Dox,1d,sgp130pRb,none,Dp130pRb_Dp130,,schade_1_Dp130pRb_Dp130,eukaryotic translation initiation factor 4E binding protein 1,Inhibits,Oncogene-induced,19878875,upregulated
4283759,GSE101766,Limma,,IMR,,RAS,none,none,14.0,RAS_shC,RAS,6d,OIS,none,PRJNA395386,,BAP1,ITCH,none,No,,-1.109745,-42906.8,6.0,Lung,,,14.0,No,2.330633e-05,,,3,R,RAS,OIS,No,Illumina_HiSeq_2500,Single,Human,50,georgilis_1,ER_RAS,6d,ITCH,none,ITCH_RASc,,georgilis_1_ITCH_RASc,BRCA1 associated protein 1,Induces,Unclear,26416890,downregulated
6586870,GSE53379,Limma,Illumin_HWG6V3,IMR,,DDIS,none,none,,Quiesce1dEtop,Etoposide,7d,DDIS,none,PRJNA231867,10.00%,CDKN1B,p53,none,No,,0.2205621,4.187663,,Lung,5.00%,Yes,,Yes,0.2387967,,100uM1d,3,M,Etoposide,DDIS,No,,,Human,,kirschner_1,Etoposide,,shp53,none,QD24shp53_QD24,1,kirschner_1_QD24shp53_QD24,cyclin dependent kinase inhibitor 1B,Induces,Unclear,9512419,no_change
10167090,GSE132370,Limma,,IMR,5.00%,IR_TSA,HDAC,none,,ProlifEV_TSA,IR,10d,DDIS,none,PRJNA547766,10.00%,IGFBP3,HDAC,none,No,,2.801429,79047.79,,Lung,3.00%,Yes,,No,1.265057e-05,,,3,R,,,No,NextSeq_500,Paired,Human,70,vizioli_2,,,TSA,100nM,Pt_P,,vizioli_2_Pt_P,insulin like growth factor binding protein 3,Induces,Stress-induced,18329388,upregulated
8943414,GSE128711,Limma,,HFF,,Dox_sgp130,p130,none,,Dox_sgp130,Dox,1d,DDIS,none,PRJNA528619,,NCAPG2,p130_pRb,none,No,,1.493447,245.5944,1.0,Skin,,,,Yes,0.004071754,,350nM,2,R,Doxorubicin,DDIS,No,NextSeq_500,Single,Human,75,schade_1,Dox,1d,sgp130pRb,none,Dp130pRb_Dp130,,schade_1_Dp130pRb_Dp130,non-SMC condensin II complex subunit G2,Inhibits,Unclear,25474630,upregulated
552035,GSE40349,Limma,Affymetrix_U133A,IMR,,RAS,pRb,none,,RASshRB,RAS,7d,OIS,none,PRJNA173792,10%,PHB2,pRb_E2F7,none,No,,1.184038,347.4491,7.0,Lung,,,,No,0.00287812,,,2,M,RAS,OIS,No,,,Human,,aksoy_1,ER:RasV12,7d,shpRb_shE2F7,none,SshRBE2F7_SshRB,1,aksoy_1_SshRBE2F7_SshRB,prohibitin 2,Inhibits,Unclear,29307834,upregulated
1625863,GSE122918,Limma,Affymetrix_HTA2_0,WI38,,RAS,JUN,none,,R144_siJUN1,RAS,6d,OIS,none,PRJNA506911,,HDAC4,RELA,none,No,,0.325,45338265.0,6.0,Lung,,,,No,2.205642e-08,,,4,M,RAS,OIS,No,,,human,,bischof_2,ER:RASv12,6d,siRELA1,20uM,R144relA1_R144jun1,1,bischof_2_R144relA1_R144jun1,histone deacetylase 4,Inhibits,Replicative,26414199,no_change
11618686,GSE178115,Limma,Agilent,HDF,,REP,ROCK_ATM,none,,REP_3d,REP,3d,REP,none,PRJNA737497,10%,WNT2,none,none,No,,44.0,23.80757,3.0,Skin,,,,Yes,0.04200345,,,3,M,REP,REP,No,,,Human,,Yang,REP,3d,Y27632_KU60019,2.5uM_0.5uM,R3dCOMBOi_R3d,1,Yang_R3dCOMBOi_R3d,Wnt family member 2,Inhibits,Unclear,17643369,upregulated
2727213,GSE134747,Limma,Illumina_HT12V4,BJ,,OIS,none,GR,,BRAF_24h_Clob_2h,RAF,1d,OIS,none,PRJNA556258,,GNG11,RELA,none,Yes,hTERT,-536.1259,-2173598.0,1.0,Skin,,,,Yes,4.600668e-07,,1000ng_ml,3,M,RAF,OIS,No,,,human,,carvalho_1,BRAF_doxycycline,1d,compoundA,2uM_2h,O24CpdA2_O24Clob2,1,carvalho_1_O24CpdA2_O24Clob2,G protein subunit gamma 11,Induces,Stress-induced,17092487,downregulated
3593239,GSE19864,Limma,Affymetrix_U133A,IMR,,RAS_shpRb,pRb,none,,RAS_shpRb,RAS,7d,OIS,none,PRJNA124029,10.0%,FERMT1,p130,none,No,,-0.6112578,-8.097939,7.0,Lung,,,,No,0.1234882,,,2,M,RAS,OIS,No,,,Human,,chicas_1,H-rasV12,7d,shp130,none,Rshp130_RshRB,1,chicas_1_Rshp130_RshRB,FERM domain containing kindlin 1,Inhibits,Unclear,23278235,no_change
15375681,GSE180406,Limma,,MRC,5%,REP,none,none,71.0,REP_PD75,REP,,REP,none,PRJNA748072,10%,SERPINE1,none,TRF2,No,,-0.230711359435881,-13.5818733881347,,Lung,5%,Yes,75.0,,0.0736275454366708,,,3,R,REP,REP,No,Illumina_HiSeq_2000,Paired,human,300,Rey_Millet,REP_reanalysis,,TRF2_OE,none,RTRF2_R,,Rey_Millet_RTRF2_R,serpin family E member 1,Induces,Replicative,16862142,no_change
5538342,GSE61130,Limma,,IMR,,RAS_Zwt,none,ZFP36L1,15.0,RAS_Zwt,RAS,7d,OIS,none,PRJNA260300,,LIMA1,none,ZFP36L1,No,,1.142281,1376736264.0,7.0,Lung,,,15.0,No,7.263555e-10,,,3,R,RAS,OIS,No,Illumina_HiSeq_2500,Paired,Human,200,herranz_1,ER_RAS,7d,ZFP36L1mut,none,RASZmut_RASZwt,,herranz_1_RASZmut_RASZwt,LIM domain and actin binding 1,Inhibits,Replicative,26206181,upregulated
11986917,GSE190998,Limma,,WI38,5%,DDIS,none,none,,Etoposide_siCtrl,Etoposide,8d,DDIS,none,PRJNA789266,10%,YAP1,BDNF,none,No,,0.185383111682495,971.619196202222,8.0,Lung,,0.50%,,No,0.0010292098014414,,50uM,3,R,Etoposide,DDIS,No,Illumina_NovaSeq6000,Paired,Human,204,Anerillas_2,Etoposide,8d,siBDNF,none,DB_D,,Anerillas_2_DB_D,Yes1 associated transcriptional regulator,Inhibits,Replicative,23576552,no_change
13383613,GSE196610,Limma,,IMR,5%,DDIS,none,Parkin,,IR_ParkinYFP,IR,10d,DDIS,none,PRJNA806156,10.00%,ITPR2,none,Parkin,No,,-1.04773751257807,-589.414979925916,10.0,Lung,3%,,,No,0.0016965975315484,,20Gy,3,R,IR,DDIS,No,Illumina_NovaSeq6000,Paired,Human,202,Victorelli,IR,10d,CCCP,12uM,DPC_DP,,Victorelli_DPC_DP,"inositol 1,4,5-trisphosphate receptor type 2",Induces,Oncogene-induced,24797322,downregulated
4254756,GSE101766,Limma,,IMR,,RAS,none,none,14.0,RAS_shC,RAS,6d,OIS,none,PRJNA395386,,SELENOH,IFNA17,none,No,,-1.134264,-1650383.0,6.0,Lung,,,14.0,No,6.059198e-07,,,3,R,RAS,OIS,No,Illumina_HiSeq_2500,Single,Human,50,georgilis_1,ER_RAS,6d,IFNA17,none,IFNA17_RASc,,georgilis_1_IFNA17_RASc,selenoprotein H,Inhibits,Stress-induced,25336634,downregulated
11695435,GSE178115,Limma,Agilent,HDF,,REP,ROCK,none,,REP_15d,REP,15d,REP,none,PRJNA737497,10%,NR2E1,none,none,No,,2.833333,4.915543,15.0,Skin,,,,No,0.2034363,,,3,M,REP,REP,No,,,Human,,Yang,REP,15d,Y27632,2.5uM,R15dROCKi_R15d,1,Yang_R15dROCKi_R15d,nuclear receptor subfamily 2 group E member 1,Unclear,Oncogene-induced,25328137,no_change
6818022,GSE93535,Limma,,HDF161,7.00%,H2O2,none,none,15.0,H2O2,H2O2,15d,DDIS,none,PRJNA361062,10.00%,SUV39H1,unknown,unknown,No,,0.1561393,1.443037,15.0,Skin,Ambient,,15.0,No,0.6929828,,100uM_1hperd,3,R,H2O2,DDIS,No,Illumina_HiSeq_2500,Single,Human,51,laemmermann,H2O2,15d,1201,0.01%,D15plant_D15,,laemmermann_D15plant_D15,SUV39H1 histone lysine methyltransferase,Inhibits,Unclear,26160351,no_change
3594149,GSE19864,Limma,Affymetrix_U133A,IMR,,RAS_shpRb,pRb,none,,RAS_shpRb,RAS,7d,OIS,none,PRJNA124029,10.0%,HNRNPAB,p130,none,No,,-0.06723552,-1.761822,7.0,Lung,,,,No,0.5675942,,,2,M,RAS,OIS,No,,,Human,,chicas_1,H-rasV12,7d,shp130,none,Rshp130_RshRB,1,chicas_1_Rshp130_RshRB,heterogeneous nuclear ribonucleoprotein A/B,Inhibits,Unclear,32264951,no_change
8427043,GSE113060,Limma,,IMR,,RAS,none,none,26.0,RAS_EV,RAS,6d,OIS,none,PRJNA449912,,STAT5B,HMGA1,none,No,,-1.332879,-3351.488,6.0,Lung,,,26.0,No,0.0002983749,,,6,R,RAS,OIS,No,Illumina_HiSeq_2500,Single,Human,50,parry,ER_HRASG12V,6d,shHMGA1,none,RASshHMGA1_RAS,,parry_RASshHMGA1_RAS,signal transducer and activator of transcription 5B,Induces,Unclear,20536843,downregulated
4444719,GSE101766,Limma,,IMR,,RAS,none,none,14.0,RAS_shC,RAS,6d,OIS,none,PRJNA395386,,BCL6,PTPN14,none,No,,0.769177,93.88267,6.0,Lung,,,14.0,No,0.01065159,,,3,R,RAS,OIS,No,Illumina_HiSeq_2500,Single,Human,50,georgilis_1,ER_RAS,6d,PTPN14,none,PTPN14_RASc,,georgilis_1_PTPN14_RASc,BCL6 transcription repressor,Inhibits,Replicative,11914273,no_change
11054552,E-MTAB-9714,Limma,,WI38,5.00%,DDIS,none,none,,DDIS_shNT,Etoposide,9d,DDIS,none,ERP124778,10.00%,RPTOR,H2AJ,none,Yes,hTERT,1.184855,5538410.0,9.0,Lung,5.00%,,,No,1.805572e-07,,48hr_100uM,6,R,Etoposide,DDIS,No,NextSeq_500,Paired,Human,43,mangelinck_1,Etoposide,9d,shH2AJ,pred3d_9d1ugml,DKD_D,,mangelinck_1_DKD_D,regulatory associated protein of MTOR complex 1,Induces,Unclear,28888905,upregulated
2643819,GSE134747,Limma,Illumina_HT12V4,BJ,,OIS,none,none,,BRAF_24h_DMSO_2h,RAF,1d,OIS,none,PRJNA556258,,PDPK1,RELA,none,Yes,hTERT,23.05951,55.08344,1.0,Skin,,,,Yes,0.01815428,,1000ng_ml,3,M,RAF,OIS,No,,,human,,carvalho_1,BRAF_doxycycline,1d,compoundA,2uM_2h,O24CpdA2_O24DMSO2,1,carvalho_1_O24CpdA2_O24DMSO2,3-phosphoinositide dependent protein kinase 1,Induces,Unclear,26583757,upregulated
3551247,GSE19864,Limma,Affymetrix_U133A,IMR,,RAS,none,none,,RAS,RAS,7d,OIS,none,PRJNA124029,10.0%,TXN,pRb,none,No,,-0.2197822,-29.25951,7.0,Lung,,,,No,0.03417692,,,2,M,RAS,OIS,No,,,Human,,chicas_1,H-rasV12,7d,shpRb,none,RshRB_R,1,chicas_1_RshRB_R,thioredoxin,Inhibits,Unclear,20074557,no_change
5544398,GSE61130,Limma,,IMR,,RAS_Zwt,none,ZFP36L1,15.0,RAS_Zwt,RAS,7d,OIS,none,PRJNA260300,,VDR,none,ZFP36L1,No,,1.051917,5596.041,7.0,Lung,,,15.0,No,0.0001786978,,,3,R,RAS,OIS,No,Illumina_HiSeq_2500,Paired,Human,200,herranz_1,ER_RAS,7d,ZFP36L1mut,none,RASZmut_RASZwt,,herranz_1_RASZmut_RASZwt,vitamin D receptor,Inhibits,Oncogene-induced,27041576,upregulated
8348608,GSE24810,Limma,Affymetrix_U133A,HMF3A,5%,OISshp21,p21,none,,Active_SV40LT_shp21,SV40,7d,OIS,none,PRJNA132307,0.25%,MCU,p53,none,Yes,hTERT_SV40_LT,-0.004908032,-1.044921,7.0,Skin,20%,Yes,,No,0.9570101,,,3,M,SV40,OIS,No,,,Human,,parmjit_1,SV40_LT,7d,shp53,none,SSVp53sh_SSVp21sh,1,parmjit_1_SSVp53sh_SSVp21sh,mitochondrial calcium uniporter,Induces,Oncogene-induced,24797322,no_change
9701136,GSE74324,Limma,,IMR,,RAS,none,none,,RASshC,RAS,12d,OIS,none,PRJNA299683,10.00%,SERPINE1,BRD4,none,No,,2.065056,7.920618999999999e+34,12.0,Lung,,,,No,1.262528e-35,,,3,R,RAS,OIS,No,Illumina_HiSeq_2500,Single,Human,100,tasdemir,HRASG12V,12d,shBRD4,none,RASshBRD4_RAS,,tasdemir_RASshBRD4_RAS,serpin family E member 1,Induces,Replicative,16862142,upregulated
2752348,GSE134747,Limma,Illumina_HT12V4,BJ,,OIS,none,GR,,BRAF_24h_Clob_2h,RAF,1d,OIS,none,PRJNA556258,,HIRA,none,GR,Yes,hTERT,-51.69322,-19994.55,3.0,Skin,,,,Yes,5.001363e-05,,1000ng_ml,4,M,RAF,OIS,No,,,human,,carvalho_1,BRAF_doxycycline,3d,clobetasol,2nM_2h,O72Clob2_O24Clob2,1,carvalho_1_O72Clob2_O24Clob2,histone cell cycle regulator,Induces,Oncogene-induced,15621527,downregulated
11620488,GSE178115,Limma,Agilent,HDF,,REP,ROCK,none,,REP_8d,REP,8d,REP,none,PRJNA737497,10%,ANXA5,none,none,No,,-8119.667,-205.9506,8.0,Skin,,,,No,0.004855534,,,3,M,REP,REP,No,,,Human,,Yang,REP,8d,Y27632,2.5uM,R8dROCKi_R8d,1,Yang_R8dROCKi_R8d,annexin A5,Inhibits,Replicative,22728018,downregulated
6613075,GSE53379,Limma,Illumin_HWG6V3,IMR,,DDIS,none,none,,DDIS,Etoposide,7d,DDIS,none,PRJNA231867,10.00%,ERCC1,p53,none,No,,1.078106,18663992872.0,7.0,Lung,5.00%,Yes,,No,5.35791e-11,,10dPuromycin,3,M,RAS,OIS,No,,,Human,,kirschner_1,H-RASG12V,7d,shp53,none,Rshp53_D,1,kirschner_1_Rshp53_D,"ERCC excision repair 1, endonuclease non-catalytic subunit",Inhibits,Unclear,24964749,upregulated
4077204,GSE101766,Limma,,IMR,,RAS,none,none,14.0,RAS_shC,RAS,6d,OIS,none,PRJNA395386,,INPP4B,AKR1C1,none,No,,1.183788,3009.526,6.0,Lung,,,14.0,No,0.0003322782,,,3,R,RAS,OIS,No,Illumina_HiSeq_2500,Single,Human,50,georgilis_1,ER_RAS,6d,AKR1C1,none,AKR1C1_RASc,,georgilis_1_AKR1C1_RASc,inositol polyphosphate-4-phosphatase type II B,Inhibits,Unclear,19647222,upregulated
597665,GSE56293,Limma,,BJ,,REP,none,none,97.0,REP,REP,,REP,none,PRJNA243087,,FASN,p38,none,No,,2.993512,486.2331,,Skin,,,97.0,No,0.002056627,,,2,R,REP,REP,No,Illumina_HiSeq_2000,Single,Human,50,alspach,REP,,SB203580,10uM_48h,REPSB_REP,,alspach_REPSB_REP,fatty acid synthase,Induces,Oncogene-induced,30962418,upregulated
4449405,GSE101766,Limma,,IMR,,RAS,none,none,14.0,RAS_shC,RAS,6d,OIS,none,PRJNA395386,,MAP2K7,PTPN14,none,No,,0.0,0.0,6.0,Lung,,,14.0,No,1.0,,,3,R,RAS,OIS,No,Illumina_HiSeq_2500,Single,Human,50,georgilis_1,ER_RAS,6d,PTPN14,none,PTPN14_RASc,,georgilis_1_PTPN14_RASc,mitogen-activated protein kinase kinase 7,Induces,Unclear,26583757,no_change
28465112,GSE196610,Limma,,MRC5,5%,DDIS,none,none,,IR_LentiCRISPR,IR,10d,DDIS,none,PRJNA806156,10.00%,BCL2,BAK_BAX,none,No,,0.0543810338502976,1.18497500884953,10.0,Lung,3%,,,No,0.84389965402805,,20Gy,3,R,IR,DDIS,No,Illumina_NovaSeq6000,Paired,Human,202,Victorelli,IR,10d,BAK_BAX_CRISPR,,DB_DE,,Victorelli_DB_DE,BCL2 apoptosis regulator,Induces,Oncogene-induced,12670482,no_change
10957440,GSE156648,Limma,,IMR,,OIS,none,none,,RAS,RAS,4d,OIS,none,PRJNA658579,10.00%,PPARG,DOT1L,none,No,,1.930543,784750.0,4.0,Lung,2.00%,,,No,1.274291e-06,,,3,R,RAS,OIS,No,Illumina_NovaSeq6000,Paired,Human,150,leon,pBABEHRASG12V,4d,pLKO.1_shDOT1L,none,OKD_O,,leon_OKD_O,peroxisome proliferator activated receptor gamma,Induces,Replicative,18544633,upregulated
4284553,GSE101766,Limma,,IMR,,RAS,none,none,14.0,RAS_shC,RAS,6d,OIS,none,PRJNA395386,,CDK6,ITCH,none,No,,-0.9085828,-45.10851,6.0,Lung,,,14.0,No,0.02216877,,,3,R,RAS,OIS,No,Illumina_HiSeq_2500,Single,Human,50,georgilis_1,ER_RAS,6d,ITCH,none,ITCH_RASc,,georgilis_1_ITCH_RASc,cyclin dependent kinase 6,Inhibits,Replicative,12082615,no_change
11632795,GSE178115,Limma,Agilent,HDF,,REP,ROCK,none,,REP_8d,REP,8d,REP,none,PRJNA737497,10%,PARK7,none,none,No,,-4814.833,-291.0683,8.0,Skin,,,,No,0.00343562,,,3,M,REP,REP,No,,,Human,,Yang,REP,8d,Y27632,2.5uM,R8dROCKi_R8d,1,Yang_R8dROCKi_R8d,Parkinsonism associated deglycase,Inhibits,Unclear,28600848,downregulated
4523812,GSE101766,Limma,,IMR,,RAS,none,none,14.0,RAS_shC,RAS,6d,OIS,none,PRJNA395386,,MDH1,p16,none,No,,0.2822687,16.68738,6.0,Lung,,,14.0,No,0.05992553,,,3,R,RAS,OIS,No,Illumina_HiSeq_2500,Single,Human,50,georgilis_1,ER_RAS,6d,CDKN2A,none,CDKN2A_RASc,,georgilis_1_CDKN2A_RASc,malate dehydrogenase 1,Inhibits,Unclear,22971926,no_change
8103141,GSE24810,Limma,Affymetrix_U133A,HMF3A,5%,OIS,none,none,,Inactive_SV40LT_EV,SV40,7d,OIS,none,PRJNA132307,0.25%,PRKD1,E2F,none,Yes,hTERT_SV40_LT,-1.108323,-2082602000000.0,7.0,Skin,20%,Yes,,No,4.801685e-13,,,3,M,SV40,OIS,No,,,Human,,parmjit_1,SV40_LT,7d,DB_DomNeg_E2F,none,SSVe2f_SSVev,1,parmjit_1_SSVe2f_SSVev,protein kinase D1,Induces,Oncogene-induced,24828530,downregulated
11704570,GSE178115,Limma,Agilent,HDF,,REP,ATM,none,,REP_15d,REP,15d,REP,none,PRJNA737497,10%,ACKR1,none,none,No,,0.6666667,1.164932,15.0,Skin,,,,No,0.8584192,,,3,M,REP,REP,No,,,Human,,Yang,REP,15d,KU60019,0.5uM,R15dATMi_R15d,1,Yang_R15dATMi_R15d,atypical chemokine receptor 1 (Duffy blood group),Induces,Stress-induced,17955335,no_change
19895711,GSE190998,Limma,,WI38,5%,Prolif,none,none,,Prolif_siCtrl,Etoposide,8d,DDIS,none,PRJNA789266,10%,TSC22D1,BDNF,none,No,,1.11327167866367,55964886783.2361,8.0,Lung,,0.50%,,No,1.7868346698765098e-11,,50uM,3,R,Etoposide,DDIS,No,Illumina_NovaSeq6000,Paired,Human,204,Anerillas_2,Etoposide,8d,siBDNF,none,DB_P,,Anerillas_2_DB_P,TSC22 domain family member 1,Inhibits,Oncogene-induced,21448135,upregulated
10412450,GSE133292,Limma,,BJ,,Bleomycin,none,none,,Bleomycin28d,Bleomycin,28d,DDIS,none,PRJNA551006,10.00%,DDIT4,p53,none,No,,-1.142738,-76.33059,28.0,Skin,,,,No,0.01310091,,40ugml_2hr,2,R,Bleomycin,DDIS,No,Illumina_HiSeq_2500,Paired,Human,250,wang_2,Bleomycin,28d,sgp53,none,Bshp53_B28d,,wang_2_Bshp53_B28d,DNA damage inducible transcript 4,Inhibits,Replicative,22627671,downregulated
30770931,GSE224071,Limma,,IMR,5%,OIS,none,none,,RAS_100nM4OHT_3daysDDD86481,RAS,10d,OIS,none,PRJNA929514,10%,PRKD1,none,none,No,,0.118114257662048,1.34144016049286,10.0,Lung,,Yes,,No,0.745467468062525,,100nM_4OHT_7days,3,R,RAS,OIS,No,NextSeq_2000,Single,Human,71,McHugh_2,RAS,10d,IMP1088,300nM,OIMP_ODDD,,McHugh_2_OIMP_ODDD,protein kinase D1,Induces,Oncogene-induced,24828530,no_change
5873783,GSE122079,Limma,,IMR,,RAS_digoxin,IONpump,none,14.0,RAS16h_dig,RAS,7d,OIS,none,PRJNA503415,10.00%,NEK4,IONpump,none,No,,0.3201534,9.181435,7.0,Lung,,,14.0,No,0.1089154,,,3,R,RAS,OIS,No,Illumina_HiSeq_2500,Single,Human,50,herranz_2,ER_RAS,7d,digoxin_caspase_inhibitor,none,RASdig36CI_RASdig16,,herranz_2_RASdig36CI_RASdig16,NIMA related kinase 4,Induces,Replicative,22851694,no_change
499149,GSE40349,Limma,Affymetrix_U133A,IMR,,RAS,none,none,,RASshLuc,RAS,7d,OIS,none,PRJNA173792,10%,GMNN,pRb,none,No,,2.018939,22700394.0,7.0,Lung,,,,No,4.40521e-08,,,2,M,RAS,OIS,No,,,Human,,aksoy_1,ER:RasV12,7d,shpRb,none,SshRB_R,1,aksoy_1_SshRB_R,geminin DNA replication inhibitor,Inhibits,Replicative,23142824,upregulated
4394947,GSE101766,Limma,,IMR,,RAS,none,none,14.0,RAS_shC,RAS,6d,OIS,none,PRJNA395386,,ASF1A,PLCB1,none,No,,-0.05733082,-1.28535,6.0,Lung,,,14.0,No,0.7779981,,,3,R,RAS,OIS,No,Illumina_HiSeq_2500,Single,Human,50,georgilis_1,ER_RAS,6d,PLCB1,none,PLCB1_RASc,,georgilis_1_PLCB1_RASc,anti-silencing function 1A histone chaperone,Induces,Replicative,15621527,no_change
11376484,GSE200479,Limma,,BJ,5%,OIS,none,none,,AKT1,AKT1,14d,OIS,none,PRJNA824798,15%,RARB,p53,none,Yes,hTERT,1.074205,6097.253,14.0,Skin,,,,No,0.0001640083,,,3,R,AKT,OIS,No,Illumina_NextSeq_500,Single,Human,75,Zhu,myristoylated_AKT1,14d,shp53,none,Oshtp53_O,,Zhu_Oshtp53_O,retinoic acid receptor beta,Induces,Oncogene-induced,7737367,upregulated
3687603,GSE2487,Limma,Affymetrix_U133A,IMR,,OIS,none,none,,MEK_ER,MEK,3d,OIS,none,PRJNA91885,,USP1,none,E6_E7,Yes,hTERT,190.4,251.3683,,Lung,,,,No,0.003978227,,,2,M,,,No,,,Human,,collado_1,,,E6_E7,none,RE67_R,1,collado_1_RE67_R,ubiquitin specific peptidase 1,Inhibits,Oncogene-induced,27160904,upregulated
2740323,GSE134747,Limma,Illumina_HT12V4,BJ,,OIS,none,GR,,BRAF_24h_Clob_2h,RAF,1d,OIS,none,PRJNA556258,,IL1A,none,GR,Yes,hTERT,-0.364617,-1.069569,2.0,Skin,,,,Yes,0.934956,,1000ng_ml,4,M,RAF,OIS,No,,,human,,carvalho_1,BRAF_doxycycline,2d,clobetasol,2nM_2h,O48Clob2_O24Clob2,1,carvalho_1_O48Clob2_O24Clob2,interleukin 1 alpha,Induces,Unclear,2218499,no_change
12864413,GSE196610,Limma,,IMR,5%,DDIS,none,Parkin,,IR_ParkinYFP,IR,10d,DDIS,none,PRJNA806156,10.00%,ENO1,none,Parkin,No,,1.0710445196306,2841060934.89721,10.0,Lung,3%,,,No,3.51981186928037e-10,,20Gy,3,R,IR,DDIS,No,Illumina_NovaSeq6000,Paired,Human,202,Victorelli,IR,10d,CCCP,12uM,DPC_DP,,Victorelli_DPC_DP,enolase 1,Inhibits,Oncogene-induced,18852884,upregulated
11978761,GSE212085,Limma,,IMR,5%,DDIS,none,none,,Doxorubicin_150nM,Doxorubicin,10d,DDIS,none,PRJNA873928,10%,XAF1,none,none,No,,-1.28771440771838,-56393.2789081941,10.0,Lung,,,,No,1.77326096187448e-05,,150nM,3,R,Doxorubicin,DDIS,No,NextSeq_2000,Paired,Human,116,Marin,Doxorubicin,10d,MDL72527,50uM,DM_D,,Marin_DM_D,XIAP associated factor 1,Induces,Stress-induced,26802028,downregulated
17865951,GSE224070,Limma,,IMR,5%,DDIS,COPB2,none,,50ugmL_Bleomycin_24hr,Bleomycin,10d,DDIS,none,PRJNA929513,10%,MDK,COPB2,none,No,,-1.94762836682616,-261499922925414.0,10.0,Lung,,Yes,,No,3.82409290531693e-15,,100nM_4OHT,3,R,RAS,OIS,No,NextSeq_2000,Single,Human,71,McHugh_1,ER:RAS,10d,shCOPB2,1ugml_Doxycycline,Osh_Dsh,,McHugh_1_Osh_Dsh,midkine,Inhibits,Stress-induced,31219803,downregulated
12569611,GSE224070,Limma,,IMR,5%,OIS,none,none,,ER:RAS_4OHT,RAS,10d,OIS,none,PRJNA929513,10%,CLCA2,COPB2,none,No,,-0.373592176937595,-3.09671890932339,10.0,Lung,,Yes,,No,0.322922431541742,,100nM_4OHT,3,R,RAS,OIS,No,NextSeq_2000,Single,Human,71,McHugh_1,ER:RAS,10d,shCOPB2,1ugml_Doxycycline,Osh_O,,McHugh_1_Osh_O,chloride channel accessory 2,Induces,Stress-induced,22431922,no_change
44988421,GSE224071,Limma,,IMR,5%,OIS,none,none,,RAS_100nM4OHT,RAS,10d,OIS,none,PRJNA929514,10%,DDIT4,none,none,No,,0.856214404614705,378.561241331106,10.0,Lung,,Yes,,No,0.0026415805180788,,100nM_4OHT_7days,3,R,RAS,OIS,No,NextSeq_2000,Single,Human,71,McHugh_2,RAS,10d,DDD86481,1.5uM,ODDD_O,,McHugh_2_ODDD_O,DNA damage inducible transcript 4,Inhibits,Replicative,22627671,no_change
6703567,GSE53379,Limma,Illumin_HWG6V3,IMR,,DDISshp53,p53,none,,Quiesce1dEtopshp53,Etoposide,7d,DDIS,none,PRJNA231867,10.00%,OXTR,p53,none,No,,-1.610991,-887138.5,7.0,Lung,5.00%,Yes,,No,1.12722e-06,,100uM2d+5d,3,M,Etoposide,DDIS,No,,,Human,,kirschner_1,Etoposide,7d,shp53,none,Dshp53_QD24shp53,1,kirschner_1_Dshp53_QD24shp53,oxytocin receptor,Inhibits,Stress-induced,31219803,downregulated
61004141,GSE213993,Limma,,WI38,5%,DDIS,none,none,,DDIS_siControl,IR,10d,DDIS,none,PRJNA883434,10%,MVK,BAFF,none,No,,1.12350643521061,216.696973210382,10.0,Lung,,1%,,No,0.004614739122494,,10Gy_10days,2,R,IR,DDIS,No,NovaSeq_6000,Paired,Human,217-219,Rossi,IR,10d,siBAFF,none,Dsi_D,,Rossi_Dsi_D,mevalonate kinase,Induces,Unclear,26583757,upregulated
9375537,GSE60652,Limma,Affymetrix_U133A,IMR,,OIS,none,none,,ER_RAS,RAS,6d,OIS,none,PRJNA259203,,LIN9,pRb,none,No,,8.7,2.694244,6.0,Lung,,,,No,0.3711617,,,2,M,RAS,OIS,No,,,Human,,takebayashi,ER_RAS,6d,sipRb,none,RshRb_R,1,takebayashi_RshRb_R,lin-9 DREAM MuvB core complex component,Inhibits,Oncogene-induced,21860417,no_change
2546419,GSE134747,Limma,Illumina_HT12V4,BJ,,OIS,none,GR,,BRAF_122_Clob_122h,RAF,5d,OIS,none,PRJNA556258,,S100A6,RELA,none,Yes,hTERT,27.47523,112.6709,1.0,Skin,,,,Yes,0.008875404,,1000ng_ml,3,M,RAF,OIS,No,,,human,,carvalho_1,BRAF_doxycycline,1d,compoundA,2uM_2h,O24CpdA2_O122Clob122,1,carvalho_1_O24CpdA2_O122Clob122,S100 calcium binding protein A6,Inhibits,Unclear,23095053,upregulated
192975,GSE103938,Limma,,IMR,,RAS,none,none,12.0,RAS10d,RAS,10d,OIS,none,PRJNA407729,,PDPK1,mTOR,none,No,,-1.22752330898063,-159.085603987171,10.0,Lung,,,12.0,No,0.0062859238984354,,,3,R,OSKM,OSKM,No,Illumina_HiSeq_2500,Single,Human,50,aarts_1,OSKM,10d,rapamycin,1nM,OSKM1nMRap_R,,aarts_1_OSKM1nMRap_R,3-phosphoinositide dependent protein kinase 1,Induces,Unclear,26583757,downregulated
1612862,GSE122918,Limma,Affymetrix_HTA2_0,WI38,,RAS,ETS1,none,,R144_siETS1,RAS,6d,OIS,none,PRJNA506911,,FOS,RELA,none,No,,1.1,744810.6,6.0,Lung,,,,No,1.342623e-06,,,4,M,RAS,OIS,No,,,human,,bischof_2,ER:RASv12,6d,siRELA1,20uM,R144relA1_R144ets11,1,bischof_2_R144relA1_R144ets11,"Fos proto-oncogene, AP-1 transcription factor subunit",Inhibits,Unclear,1560044,upregulated
93791510,GSE155903,Limma,,IMR,,OIS,none,none,,ER:RAS_4OHT,RAS,6d,OIS,none,PRJNA656038,10%,KDM2B,none,none,No,,1.63985729901103,28.317945127033,6.0,Lung,,Na,,No,0.035313296763379,,100nM,4,R,RAS,OIS,No,HiSeq_2500,Single,Human,50,Guerrero,ER:RAS,6d,3deazaadenosine,10uM,O3DA_O,Na,Guerrero_O3DA_O,lysine demethylase 2B,Inhibits,Replicative,21757686,upregulated
178668,GSE103938,Limma,,IMR,,RAS_Rap10nM,mTOR,none,12.0,Ras_Rap10nM,RAS,10d,OIS,none,PRJNA407729,,LIMA1,mTOR,none,No,,1.02111403959013,69.6937382442925,10.0,Lung,,,12.0,No,0.0143484913450154,,,3,R,OSKM,OSKM,No,Illumina_HiSeq_2500,Single,Human,50,aarts_1,OSKM,10d,rapamycin,10nM,OSKM10nMRap_R10nMRap,,aarts_1_OSKM10nMRap_R10nMRap,LIM domain and actin binding 1,Inhibits,Replicative,26206181,upregulated
11648152,GSE178115,Limma,Agilent,HDF,,REP,ATM,none,,REP_8d,REP,8d,REP,none,PRJNA737497,10%,HAS1,none,none,No,,-3.666667,-10.1154,8.0,Skin,,,,No,0.09885912,,,3,M,REP,REP,No,,,Human,,Yang,REP,8d,KU60019,0.5uM,R8dATMi_R8d,1,Yang_R8dATMi_R8d,hyaluronan synthase 1,Inhibits,Stress-induced,31219803,no_change
9759673,GSE74324,Limma,,IMR,,RASshp53,p53,none,,RASshp53,RAS,12d,OIS,none,PRJNA299683,10.00%,MCAM,BRD4,none,No,,0.5238727,126952.2,12.0,Lung,,,,No,7.876983e-06,,,3,R,RAS,OIS,No,Illumina_HiSeq_2500,Single,Human,100,tasdemir,HRASG12V,12d,shBRD4,none,RASshBRD4_RASshp53,,tasdemir_RASshBRD4_RASshp53,melanoma cell adhesion molecule,Inhibits,Replicative,26941359,no_change
5344919,GSE127116,Limma,,IMR,,RAS,none,none,,RASd8,RAS,8d,OIS,none,PRJNA524181,10.00%,STAT3,LTR10,none,No,,-1.280511,-5555592.0,8.0,Lung,,,,No,1.799988e-07,,,3,R,RAS,OIS,No,IonXpress,Single,Human,110,hari,ER:RAS,8d,siLTR10,none,R8siLTR10_R8,,hari_R8siLTR10_R8,signal transducer and activator of transcription 3,Induces,Oncogene-induced,22374671,downregulated
2723755,GSE134747,Limma,Illumina_HT12V4,BJ,,OIS,none,GR,,BRAF_24h_Clob_2h,RAF,1d,OIS,none,PRJNA556258,,ARF1,RELA,none,Yes,hTERT,10.06244,20.80157,1.0,Skin,,,,Yes,0.04807329,,1000ng_ml,3,M,RAF,OIS,No,,,human,,carvalho_1,BRAF_doxycycline,1d,compoundA,2uM_2h,O24CpdA2_O24Clob2,1,carvalho_1_O24CpdA2_O24Clob2,ADP ribosylation factor 1,Induces,Oncogene-induced,29420297,upregulated
8369339,GSE24810,Limma,Affymetrix_U133A,HMF3A,5%,OISshp53,p53,none,,Active_SV40LT_shp53,SV40,7d,OIS,none,PRJNA132307,0.25%,CENPA,laminA,none,Yes,hTERT_SV40_LT,-2.980621,-3.224509e+25,7.0,Skin,20%,Yes,,No,3.101247e-26,,,3,M,SV40,OIS,No,,,Human,,parmjit_1,SV40_LT,7d,shLaminA,none,SSVLA_SSVp53sh,1,parmjit_1_SSVLA_SSVp53sh,centromere protein A,Inhibits,Unclear,20160010,downregulated
8363618,GSE24810,Limma,Affymetrix_U133A,HMF3A,5%,OISp53g,p53,none,,Active_SV40LT_p53g,SV40,7d,OIS,none,PRJNA132307,0.25%,RECK,p53,none,Yes,hTERT_SV40_LT,-0.4419098,-12226.21,7.0,Skin,20%,Yes,,No,8.179151e-05,,,3,M,SV40,OIS,No,,,Human,,parmjit_1,SV40_LT,7d,shp53,none,SSVp53sh_SSVp53g,1,parmjit_1_SSVp53sh_SSVp53g,reversion inducing cysteine rich protein with kazal motifs,Inhibits,Unclear,20407016,no_change
9805187,GSE74324,Limma,,IMR,,RASshBRD4,BRD4,none,,RASshBRD4,RAS,12d,OIS,none,PRJNA299683,10.00%,CENPA,RELA,none,No,,-1.121673,-2963.533,12.0,Lung,,,,No,0.0003374351,,,3,R,RAS,OIS,No,Illumina_HiSeq_2500,Single,Human,100,tasdemir,HRASG12V,12d,shRELA,none,RASshRELA_RASshBRD4,,tasdemir_RASshRELA_RASshBRD4,centromere protein A,Inhibits,Unclear,20160010,downregulated
4329048,GSE101766,Limma,,IMR,,RAS,none,none,14.0,RAS_shC,RAS,6d,OIS,none,PRJNA395386,,SENP1,LOC399818,none,No,,0.0,0.0,6.0,Lung,,,14.0,No,1.0,,,3,R,RAS,OIS,No,Illumina_HiSeq_2500,Single,Human,50,georgilis_1,ER_RAS,6d,LOC399818,none,LOC399818_RASc,,georgilis_1_LOC399818_RASc,SUMO specific peptidase 1,Inhibits,Unclear,18616636,no_change
4387203,GSE101766,Limma,,IMR,,RAS,none,none,14.0,RAS_shC,RAS,6d,OIS,none,PRJNA395386,,LIN9,PEO1,none,No,,0.0,0.0,6.0,Lung,,,14.0,No,1.0,,,3,R,RAS,OIS,No,Illumina_HiSeq_2500,Single,Human,50,georgilis_1,ER_RAS,6d,PEO1,none,PEO1_RASc,,georgilis_1_PEO1_RASc,lin-9 DREAM MuvB core complex component,Inhibits,Oncogene-induced,21860417,no_change
3722526,GSE2487,Limma,Affymetrix_U133A,IMR,,OIS,none,SmallT,,MEK_ER_SmallT,MEK,3d,OIS,none,PRJNA91885,,SENP1,none,SmallT_E6_E7,Yes,hTERT,0.0,0.0,,Lung,,,,No,1.0,,,2,M,,,No,,,Human,,collado_1,,,SmallT_E6_E7,none,RstE67_Rst,1,collado_1_RstE67_Rst,SUMO specific peptidase 1,Inhibits,Unclear,18616636,no_change
16407310,GSE190998,Limma,,WI38,5%,Prolif,none,none,,Prolif_siCtrl,Etoposide,8d,DDIS,none,PRJNA789266,10%,BUB1,BDNF,none,No,,-3.25545568805441,-2700813386.66512,8.0,Lung,,0.50%,,No,3.70258828298673e-10,,50uM,3,R,Etoposide,DDIS,No,Illumina_NovaSeq6000,Paired,Human,204,Anerillas_2,Etoposide,8d,siBDNF,none,DB_P,,Anerillas_2_DB_P,BUB1 mitotic checkpoint serine/threonine kinase,Inhibits,Oncogene-induced,17488820,downregulated
11383856,GSE200479,Limma,,BJ,5%,OIS,none,none,,AKT1,AKT1,14d,OIS,none,PRJNA824798,15%,PML,NF1,none,Yes,hTERT,-0.5534411,-58.99744,14.0,Skin,,,,No,0.01694989,,,3,R,AKT,OIS,No,Illumina_NextSeq_500,Single,Human,75,Zhu,myristoylated_AKT1,14d,shNF1,none,OshNF1_O,,Zhu_OshNF1_O,PML nuclear body scaffold,Induces,Oncogene-induced,10910364,no_change
53575100,GSE190998,Limma,,WI38,5%,DDIS,none,none,,Etoposide_siCtrl,Etoposide,8d,DDIS,none,PRJNA789266,10%,KIFC1,NTRK2,none,No,,1.04013871282175,76167.7617626627,8.0,Lung,,0.50%,,No,1.31289140819968e-05,,50uM,3,R,Etoposide,DDIS,No,Illumina_NovaSeq6000,Paired,Human,204,Anerillas_2,Etoposide,8d,siNTRK2,none,DN_D,,Anerillas_2_DN_D,kinesin family member C1,Inhibits,Unclear,23318213,upregulated
11734088,GSE178115,Limma,Agilent,HDF,,REP,ROCK_ATM,none,,REP_15d,REP,15d,REP,none,PRJNA737497,10%,KCNA1,none,none,No,,-6.833333,-59.90206,15.0,Skin,,,,No,0.01669392,,,3,M,REP,REP,No,,,Human,,Yang,REP,15d,Y27632_KU60019,2.5uM_0.5uM,R15dCOMBOi_R15d,1,Yang_R15dCOMBOi_R15d,potassium voltage-gated channel subfamily A member 1,Induces,Oncogene-induced,23774215,downregulated
5758881,GSE122079,Limma,,IMR,,RAS_caspase_inhibitor,caspase,none,14.0,RAS_EV36hCI,RAS,7d,OIS,none,PRJNA503415,10.00%,ELOA,IONpump,none,No,,-1.070871,-2900553.0,7.0,Lung,,,14.0,No,3.447619e-07,,,3,R,RAS,OIS,No,Illumina_HiSeq_2500,Single,Human,50,herranz_2,ER_RAS,7d,digoxin_caspase_inhibitor,none,RASdig36CI_RAS36CI,,herranz_2_RASdig36CI_RAS36CI,elongin A,Inhibits,Unclear,32264951,downregulated
9378069,GSE60652,Limma,Affymetrix_U133A,IMR,,OIS,none,none,,ER_RAS,RAS,6d,OIS,none,PRJNA259203,,PRKCD,pRb,none,No,,-91.1,-41.07782,6.0,Lung,,,,No,0.02434404,,,2,M,RAS,OIS,No,,,Human,,takebayashi,ER_RAS,6d,sipRb,none,RshRb_R,1,takebayashi_RshRb_R,protein kinase C delta,Induces,Replicative,19279193,downregulated
5573923,GSE61130,Limma,,IMR,,RAS,none,none,15.0,RAS_EV,RAS,7d,OIS,none,PRJNA260300,,G6PD,none,ZFP36L1,No,,-0.2174866,-599.7397,7.0,Lung,,,15.0,No,0.00166739,,,3,R,RAS,OIS,No,Illumina_HiSeq_2500,Paired,Human,200,herranz_1,ER_RAS,7d,ZFP36L1wt,none,RASZwt_RAS,,herranz_1_RASZwt_RAS,glucose-6-phosphate dehydrogenase,Inhibits,Stress-induced,10980404,no_change
11585110,GSE178115,Limma,Agilent,HDF,,REP,ATM,none,,REP_3d,REP,3d,REP,none,PRJNA737497,10%,HSF1,none,none,No,,-2178.0,-20.64099,3.0,Skin,,,,Yes,0.0484473,,,3,M,REP,REP,No,,,Human,,Yang,REP,3d,KU60019,0.5uM,R3dATMi_R3d,1,Yang_R3dATMi_R3d,heat shock transcription factor 1,Inhibits,Stress-induced,22510478,downregulated
11341378,GSE141991,Limma,,IMR,5.00%,OIS,none,none,,ER_RAS,RAS,7d,OIS,none,PRJNA595545,10.00%,NADK,METTL14,none,No,,1.043038,149.7173,7.0,Lung,2.00%,,,No,0.006679254,,,3,R,RAS,OIS,No,NextSeq_500,Paired,Human,75,zhang_2,ER_RAS,7d,siMETTL14,none,OKO_O,,zhang_2_OKO_O,NAD kinase,Induces,Unclear,26583757,upregulated
9755567,GSE74324,Limma,,IMR,,RASshp53,p53,none,,RASshp53,RAS,12d,OIS,none,PRJNA299683,10.00%,CDC25A,BRD4,none,No,,-1.310653,-219306.0,12.0,Lung,,,,No,4.559839e-06,,,3,R,RAS,OIS,No,Illumina_HiSeq_2500,Single,Human,100,tasdemir,HRASG12V,12d,shBRD4,none,RASshBRD4_RASshp53,,tasdemir_RASshBRD4_RASshp53,cell division cycle 25A,Inhibits,Unclear,32264951,downregulated
7882766,GSE62701,Limma,Illumina_HT12V4,WI38,,DDIS,none,none,,DDIS_EV,Etoposide,21d,DDIS,none,PRJNA264903,,TERT,H2AJ,none,Yes,hTERT,-3.753638,-26.63009,21.0,Lung,,,,No,0.0375515,,,4,M,Etoposide,DDIS,No,,,Human,,olaso_1,Etoposide,21d,shH2AJ,none,DshH2_D,1,olaso_1_DshH2_D,telomerase reverse transcriptase,Inhibits,Replicative,9454332,downregulated
9814800,GSE74324,Limma,,IMR,,RASshBRD4,BRD4,none,,RASshBRD4,RAS,12d,OIS,none,PRJNA299683,10.00%,VCAN,RELA,none,No,,0.8181259,8252972.0,12.0,Lung,,,,No,1.211685e-07,,,3,R,RAS,OIS,No,Illumina_HiSeq_2500,Single,Human,100,tasdemir,HRASG12V,12d,shRELA,none,RASshRELA_RASshBRD4,,tasdemir_RASshRELA_RASshBRD4,versican,Induces,Stress-induced,30622695,no_change
8121132,GSE24810,Limma,Affymetrix_U133A,HMF3A,5%,OIS,none,none,,Inactive_SV40LT_EV,SV40,7d,OIS,none,PRJNA132307,0.25%,BTG3,p21,none,Yes,hTERT_SV40_LT,0.1300617,4.215123,7.0,Skin,20%,Yes,,No,0.237241,,,3,M,SV40,OIS,No,,,Human,,parmjit_1,SV40_LT,7d,shp21,none,SSVp21sh_SSVev,1,parmjit_1_SSVp21sh_SSVev,BTG anti-proliferation factor 3,Inhibits,Oncogene-induced,22020331,no_change
4486724,GSE101766,Limma,,IMR,,RAS,none,none,14.0,RAS_shC,RAS,6d,OIS,none,PRJNA395386,,MEF2A,SKP1A,none,No,,0.3842822,3.768326,6.0,Lung,,,14.0,No,0.2653698,,,3,R,RAS,OIS,No,Illumina_HiSeq_2500,Single,Human,50,georgilis_1,ER_RAS,6d,SKP1A,none,SKP1A_RASc,,georgilis_1_SKP1A_RASc,myocyte enhancer factor 2A,Inhibits,Replicative,31182679,no_change
5896752,GSE122079,Limma,,IMR,,RAS_ouabain,IONpump,none,14.0,RAS36h_ouab,RAS,7d,OIS,none,PRJNA503415,10.00%,ING1,IONpump,none,No,,1.733342,9292272144.0,7.0,Lung,,,14.0,No,1.076163e-10,,,3,R,RAS,OIS,No,Illumina_HiSeq_2500,Single,Human,50,herranz_2,ER_RAS,7d,ouabain_caspase_inhibitor,none,RASouab36CI_RASouab16,,herranz_2_RASouab36CI_RASouab16,inhibitor of growth family member 1,Induces,Unclear,18691180,upregulated
8923441,GSE128711,Limma,,HFF,,Dox,none,none,,Dox,Dox,1d,DDIS,none,PRJNA528619,,UHRF1,p130_pRb,none,No,,2.320182,77464.02,1.0,Skin,,,,Yes,1.290922e-05,,350nM,2,R,Doxorubicin,DDIS,No,NextSeq_500,Single,Human,75,schade_1,Dox,1d,sgp130pRb,none,Dp130pRb_D,,schade_1_Dp130pRb_D,ubiquitin like with PHD and ring finger domains 1,Inhibits,Oncogene-induced,28394343,upregulated
5756321,GSE122079,Limma,,IMR,,RAS_caspase_inhibitor,caspase,none,14.0,RAS_EV36hCI,RAS,7d,OIS,none,PRJNA503415,10.00%,APEX1,IONpump,none,No,,-1.358935,-12387823.0,7.0,Lung,,,14.0,No,8.072444e-08,,,3,R,RAS,OIS,No,Illumina_HiSeq_2500,Single,Human,50,herranz_2,ER_RAS,7d,digoxin_caspase_inhibitor,none,RASdig36CI_RAS36CI,,herranz_2_RASdig36CI_RAS36CI,apurinic/apyrimidinic endodeoxyribonuclease 1,Inhibits,Replicative,29750271,downregulated
14194681,GSE180406,Limma,,MRC,5%,REP,none,none,71.0,REP_PD75,REP,,REP,none,PRJNA748072,10%,NAMPT,none,TRF2,No,,-0.0572972074192255,-1.41013952017391,,Lung,5%,Yes,75.0,,0.709149687455515,,,3,R,REP,REP,No,Illumina_HiSeq_2000,Paired,human,300,Rey_Millet,REP_reanalysis,,TRF2_OE,none,RTRF2_R,,Rey_Millet_RTRF2_R,nicotinamide phosphoribosyltransferase,Inhibits,Replicative,17307730,no_change
6706261,GSE53379,Limma,Illumin_HWG6V3,IMR,,DDISshp53,p53,none,,Quiesce1dEtopshp53,Etoposide,7d,DDIS,none,PRJNA231867,10.00%,SOD2,p53,none,No,,2.473876,10808526.0,7.0,Lung,5.00%,Yes,,No,9.251955e-08,,100uM2d+5d,3,M,Etoposide,DDIS,No,,,Human,,kirschner_1,Etoposide,7d,shp53,none,Dshp53_QD24shp53,1,kirschner_1_Dshp53_QD24shp53,superoxide dismutase 2,Induces,Unclear,12592389,upregulated
4173751,GSE101766,Limma,,IMR,,RAS,none,none,14.0,RAS_shC,RAS,6d,OIS,none,PRJNA395386,,CTNNB1,DCAMKL3,none,No,,1.103319,7423958.0,6.0,Lung,,,14.0,No,1.34699e-07,,,3,R,RAS,OIS,No,Illumina_HiSeq_2500,Single,Human,50,georgilis_1,ER_RAS,6d,DCAMKL3,none,DCAMKL3_RASc,,georgilis_1_DCAMKL3_RASc,catenin beta 1,Induces,Unclear,24130040,upregulated
4284773,GSE101766,Limma,,IMR,,RAS,none,none,14.0,RAS_shC,RAS,6d,OIS,none,PRJNA395386,,CKB,ITCH,none,No,,-1.123435,-68413.18,6.0,Lung,,,14.0,No,1.461707e-05,,,3,R,RAS,OIS,No,Illumina_HiSeq_2500,Single,Human,50,georgilis_1,ER_RAS,6d,ITCH,none,ITCH_RASc,,georgilis_1_ITCH_RASc,creatine kinase B,Induces,Unclear,26583757,downregulated
5742952,GSE122079,Limma,,IMR,,RAS,none,none,14.0,RAS_EV16h,RAS,6d,OIS,none,PRJNA503415,10.00%,ZNF217,IONpump,none,No,,-1.491269,-712801.2,6.0,Lung,,,14.0,No,1.402916e-06,,,3,R,RAS,OIS,No,Illumina_HiSeq_2500,Single,Human,50,herranz_2,ER_RAS,6d,digoxin,none,RASdig16_RAS16,,herranz_2_RASdig16_RAS16,zinc finger protein 217,Inhibits,Replicative,11245413,downregulated
4453157,GSE101766,Limma,,IMR,,RAS,none,none,14.0,RAS_shC,RAS,6d,OIS,none,PRJNA395386,,SLC31A2,PTPN14,none,No,,1.266713,37367381.0,6.0,Lung,,,14.0,No,2.676131e-08,,,3,R,RAS,OIS,No,Illumina_HiSeq_2500,Single,Human,50,georgilis_1,ER_RAS,6d,PTPN14,none,PTPN14_RASc,,georgilis_1_PTPN14_RASc,solute carrier family 31 member 2,Induces,Oncogene-induced,27737960,upregulated
2687698,GSE134747,Limma,Illumina_HT12V4,BJ,,OIS,RELA,none,,BRAF_24h_CpdA_2h,RAF,1d,OIS,none,PRJNA556258,,CD34,none,GR,Yes,hTERT,76.17541,99.81203,1.0,Skin,,,,Yes,0.01001883,,1000ng_ml,8,M,RAF,OIS,No,,,human,,carvalho_1,BRAF_doxycycline,1d,clobetasol,2nM_2h,O24Clob2_O24CpdA2,1,carvalho_1_O24Clob2_O24CpdA2,CD34 molecule,Induces,Unclear,25879198,upregulated
193171,GSE103938,Limma,,IMR,,RAS,none,none,12.0,RAS10d,RAS,10d,OIS,none,PRJNA407729,,PIM1,mTOR,none,No,,2.63498708377396,443919.616410988,10.0,Lung,,,12.0,No,2.2526600831133e-06,,,3,R,OSKM,OSKM,No,Illumina_HiSeq_2500,Single,Human,50,aarts_1,OSKM,10d,rapamycin,1nM,OSKM1nMRap_R,,aarts_1_OSKM1nMRap_R,"Pim-1 proto-oncogene, serine/threonine kinase",Induces,Replicative,25040935,upregulated
8062555,GSE24810,Limma,Affymetrix_U133A,HMF3A,5%,OIS,none,none,,Inactive_SV40LT_EV,SV40,7d,OIS,none,PRJNA132307,0.25%,HJURP,p53,none,Yes,hTERT_SV40_LT,2.464269,6.903761e+27,7.0,Skin,20%,Yes,,No,1.448486e-28,,,3,M,SV40,OIS,No,,,Human,,parmjit_1,SV40_LT,7d,GSE_DomNeg_p53,none,SSVp53g_SSVev,1,parmjit_1_SSVp53g_SSVev,Holliday junction recognition protein,Inhibits,Unclear,23292286,upregulated
8943694,GSE128711,Limma,,HFF,,Dox_sgp130,p130,none,,Dox_sgp130,Dox,1d,DDIS,none,PRJNA528619,,NOX4,p130_pRb,none,No,,-0.4418137,-1.832683,1.0,Skin,,,,Yes,0.5456481,,350nM,2,R,Doxorubicin,DDIS,No,NextSeq_500,Single,Human,75,schade_1,Dox,1d,sgp130pRb,none,Dp130pRb_Dp130,,schade_1_Dp130pRb_Dp130,NADPH oxidase 4,Induces,Oncogene-induced,20523116,no_change
9746440,GSE74324,Limma,,IMR,,RAS,none,none,,RASshCwDMSO,RAS,12d,OIS,none,PRJNA299683,10.00%,ITPKB,BRD4,none,No,,-2.479504,-3.071721e+26,12.0,Lung,,,,No,3.2555040000000005e-27,,,3,R,RAS,OIS,No,Illumina_HiSeq_2500,Single,Human,100,tasdemir,HRASG12V,12d,JQ1,100nM_48h,RASwJQ1_RASwDMSO,,tasdemir_RASwJQ1_RASwDMSO,inositol-trisphosphate 3-kinase B,Induces,Unclear,26583757,downregulated
4389318,GSE101766,Limma,,IMR,,RAS,none,none,14.0,RAS_shC,RAS,6d,OIS,none,PRJNA395386,,PINK1,PEO1,none,No,,-1.036874,-84199.22,6.0,Lung,,,14.0,No,1.187659e-05,,,3,R,RAS,OIS,No,Illumina_HiSeq_2500,Single,Human,50,georgilis_1,ER_RAS,6d,PEO1,none,PEO1_RASc,,georgilis_1_PEO1_RASc,PTEN induced kinase 1,Inhibits,Stress-induced,29890141,downregulated
4539950,GSE101766,Limma,,IMR,,RAS,none,none,14.0,RAS_shC,RAS,6d,OIS,none,PRJNA395386,,SMC1A,p38,none,No,,1.180105,33.34009,6.0,Lung,,,14.0,No,0.02999392,,,3,R,RAS,OIS,No,Illumina_HiSeq_2500,Single,Human,50,georgilis_1,ER_RAS,6d,MAPK14,none,MAPK14_RASc,,georgilis_1_MAPK14_RASc,structural maintenance of chromosomes 1A,Inhibits,Unclear,27731420,upregulated
1582043,GSE122918,Limma,Affymetrix_HTA2_0,WI38,,RAS,none,none,,R144_siCTRL,RAS,6d,OIS,none,PRJNA506911,,STK40,JUN,none,No,,-0.6875,-14289970.0,6.0,Lung,,,,No,6.997916e-08,,,4,M,RAS,OIS,No,,,human,,bischof_2,ER:RASv12,6d,siJUN1,20uM,R144jun1_R144ctrl,1,bischof_2_R144jun1_R144ctrl,serine/threonine kinase 40,Induces,Unclear,26583757,no_change
9675563,GSE74324,Limma,,IMR,,RAS,none,none,,RASshC,RAS,12d,OIS,none,PRJNA299683,10.00%,RAPGEF4,none,none,No,,2.115716,9618.637,12.0,Lung,,,,No,0.0001039648,,,3,R,RAS,OIS,No,Illumina_HiSeq_2500,Single,Human,100,tasdemir,HRASG12V,12d,DMSO,100nM_48h,RASwDMSO_RAS,,tasdemir_RASwDMSO_RAS,Rap guanine nucleotide exchange factor 4,Inhibits,Unclear,24169561,upregulated
10226637,GSE132369,Limma,,IMR,5.00%,IR,none,none,,IR,IR,10d,DDIS,none,PRJNA547764,10.00%,CXCL1,mitochondrial,none,No,,-0.846006,-67.71875,10.0,Lung,3.00%,Yes,,No,0.01476696,,20Gy,3,R,IR,DDIS,No,NextSeq_500,Paired,Human,71,vizioli,Xrays,10d,CCCP,48h12.5uMCCCP2daIR,IC_I,,vizioli_IC_I,C-X-C motif chemokine ligand 1,Induces,Oncogene-induced,17060621,no_change
11636011,GSE178115,Limma,Agilent,HDF,,REP,ROCK,none,,REP_8d,REP,8d,REP,none,PRJNA737497,10%,SIX6,none,none,No,,-3.666667,-5.731125,8.0,Skin,,,,No,0.1744858,,,3,M,REP,REP,No,,,Human,,Yang,REP,8d,Y27632,2.5uM,R8dROCKi_R8d,1,Yang_R8dROCKi_R8d,SIX homeobox 6,Unclear,Unclear,26365380,no_change
49316141,GSE213993,Limma,,WI38,5%,DDIS,none,none,,DDIS_siControl,IR,10d,DDIS,none,PRJNA883434,10%,FOXP1,BAFF,none,No,,1.43695392782099,61804.962707927,10.0,Lung,,1%,,No,1.617993048108e-05,,10Gy_10days,2,R,IR,DDIS,No,NovaSeq_6000,Paired,Human,217-219,Rossi,IR,10d,siBAFF,none,Dsi_D,,Rossi_Dsi_D,forkhead box P1,Inhibits,Replicative,28240601,upregulated
9372946,GSE60652,Limma,Affymetrix_U133A,IMR,,OIS,none,none,,ER_RAS,RAS,6d,OIS,none,PRJNA259203,,DNMT3B,pRb,none,No,,34.7,142.69,6.0,Lung,,,,No,0.007008198,,,2,M,RAS,OIS,No,,,Human,,takebayashi,ER_RAS,6d,sipRb,none,RshRb_R,1,takebayashi_RshRb_R,DNA methyltransferase 3 beta,Inhibits,Unclear,21572997,upregulated
4473754,GSE101766,Limma,,IMR,,RAS,none,none,14.0,RAS_shC,RAS,6d,OIS,none,PRJNA395386,,LAMP2,SHFM3,none,No,,1.035193,178644505.0,6.0,Lung,,,14.0,No,5.597709e-09,,,3,R,RAS,OIS,No,Illumina_HiSeq_2500,Single,Human,50,georgilis_1,ER_RAS,6d,SHFM3,none,SHFM3_RASc,,georgilis_1_SHFM3_RASc,lysosomal associated membrane protein 2,Inhibits,Unclear,21858089,upregulated
3723232,GSE2487,Limma,Affymetrix_U133A,IMR,,OIS,none,SmallT,,MEK_ER_SmallT,MEK,3d,OIS,none,PRJNA91885,,SPHK1,none,SmallT_E6_E7,Yes,hTERT,-1.55,-1.01179,,Lung,,,,No,0.9883474,,,2,M,,,No,,,Human,,collado_1,,,SmallT_E6_E7,none,RstE67_Rst,1,collado_1_RstE67_Rst,sphingosine kinase 1,Inhibits,Replicative,30885289,no_change
2752421,GSE134747,Limma,Illumina_HT12V4,BJ,,OIS,none,GR,,BRAF_24h_Clob_2h,RAF,1d,OIS,none,PRJNA556258,,HMGA2,none,GR,Yes,hTERT,-14.62086,-95.65323,3.0,Skin,,,,Yes,0.01045443,,1000ng_ml,4,M,RAF,OIS,No,,,human,,carvalho_1,BRAF_doxycycline,3d,clobetasol,2nM_2h,O72Clob2_O24Clob2,1,carvalho_1_O72Clob2_O24Clob2,high mobility group AT-hook 2,Induces,Oncogene-induced,16901784,downregulated
5772946,GSE122079,Limma,,IMR,,RAS,none,none,14.0,RAS_EV16h,RAS,6d,OIS,none,PRJNA503415,10.00%,IL6,IONpump,none,No,,2.072014,351426014.0,6.0,Lung,,,14.0,No,2.845549e-09,,,3,R,RAS,OIS,No,Illumina_HiSeq_2500,Single,Human,50,herranz_2,ER_RAS,6d,ouabain,none,RASouab16_RAS16,,herranz_2_RASouab16_RAS16,interleukin 6,Induces,Oncogene-induced,18555778,upregulated
3700246,GSE2487,Limma,Affymetrix_U133A,IMR,,OIS,none,none,,MEK_ER,MEK,3d,OIS,none,PRJNA91885,,WNT16,none,SmallT_E6_E7,Yes,hTERT,-98.95,-81.19458,,Lung,,,,No,0.01231609,,,2,M,,,No,,,Human,,collado_1,,,SmallT_E6_E7,none,RstE67_R,1,collado_1_RstE67_R,Wnt family member 16,Induces,Replicative,19951988,downregulated
2579520,GSE134747,Limma,Illumina_HT12V4,BJ,,OIS,none,none,,BRAF_48h_DMSO_2h,RAF,2d,OIS,none,PRJNA556258,,IRF1,none,GR,Yes,hTERT,-7.919374,-24.46208,2.0,Skin,,,,Yes,0.04087959,,1000ng_ml,4,M,RAF,OIS,No,,,human,,carvalho_1,BRAF_doxycycline,2d,clobetasol,2nM_2h,O48Clob2_O48DMSO2,1,carvalho_1_O48Clob2_O48DMSO2,interferon regulatory factor 1,Induces,Oncogene-induced,18267069,downregulated
540015,GSE40349,Limma,Affymetrix_U133A,IMR,,RAS,pRb,none,,RASshRB,RAS,7d,OIS,none,PRJNA173792,10%,POT1,E2F7,none,No,,-1.206297,-65836.8,7.0,Lung,,,,No,1.518907e-05,,,2,M,RAS,OIS,No,,,Human,,aksoy_1,ER:RasV12,7d,ShE2F7,none,SshE2F7_SshRB,1,aksoy_1_SshE2F7_SshRB,protection of telomeres 1,Inhibits,Replicative,15657433,downregulated
6691920,GSE53379,Limma,Illumin_HWG6V3,IMR,,DDISshp53,p53,none,,Quiesce1dEtopshp53,Etoposide,7d,DDIS,none,PRJNA231867,10.00%,PPM1D,p53,none,No,,-1.124857,-2.969814e+17,7.0,Lung,5.00%,Yes,,No,3.367214e-18,,10dPuromycin,3,M,RAS,OIS,No,,,Human,,kirschner_1,H-RASG12V,7d,shp53,none,Rshp53_QD24shp53,1,kirschner_1_Rshp53_QD24shp53,"protein phosphatase, Mg2+/Mn2+ dependent 1D",Inhibits,Unclear,19544416,downregulated
11600123,GSE178115,Limma,Agilent,HDF,,REP,ROCK_ATM,none,,REP_3d,REP,3d,REP,none,PRJNA737497,10%,BLK,none,none,No,,-0.6666667,-1.11176,3.0,Skin,,,,Yes,0.8994745,,,3,M,REP,REP,No,,,Human,,Yang,REP,3d,Y27632_KU60019,2.5uM_0.5uM,R3dCOMBOi_R3d,1,Yang_R3dCOMBOi_R3d,"BLK proto-oncogene, Src family tyrosine kinase",Induces,Unclear,26583757,no_change
576840,GSE40349,Limma,Affymetrix_U133A,IMR,,RAS,E2F7,none,,RASshE2F7,RAS,7d,OIS,none,PRJNA173792,10%,PI4KB,pRb_E2F7,none,No,,-1.212404,-398.5773,7.0,Lung,,,,No,0.002508924,,,2,M,RAS,OIS,No,,,Human,,aksoy_1,ER:RasV12,7d,shpRb_shE2F7,none,SshRBE2F7_SshE2F7,1,aksoy_1_SshRBE2F7_SshE2F7,phosphatidylinositol 4-kinase beta,Induces,Oncogene-induced,29420297,downregulated
1576793,GSE122918,Limma,Affymetrix_HTA2_0,WI38,,RAS,none,none,,R144_siCTRL,RAS,6d,OIS,none,PRJNA506911,,IL1R1,JUN,none,No,,-2.125,-4072514000000000.0,6.0,Lung,,,,No,2.455486e-16,,,4,M,RAS,OIS,No,,,human,,bischof_2,ER:RASv12,6d,siJUN1,20uM,R144jun1_R144ctrl,1,bischof_2_R144jun1_R144ctrl,interleukin 1 receptor type 1,Induces,Oncogene-induced,18267069,downregulated
10274866,GSE140961,Limma,,Tig3,,Dox,none,none,,Dox10d,Dox,,DDIS,none,PRJNA591563,,BRD7,BRD4,none,No,,-0.2048703,-1.630401,12.0,Lung,,Yes,,No,0.6133461,,250ng/ml10d,3,R,Doxorubicin,DDIS,No,Illumina_HiSeq_2500,Single,Human,75,wakita,Dox,12d,ARV825,10nM_2d,DA_D,,wakita_DA_D,bromodomain containing 7,Induces,Replicative,20660729,no_change
4546474,GSE101766,Limma,,IMR,,RAS,none,none,14.0,RAS_shC,RAS,6d,OIS,none,PRJNA395386,,FOXQ1,p53,none,No,,0.0,0.0,6.0,Lung,,,14.0,No,1.0,,,3,R,RAS,OIS,No,Illumina_HiSeq_2500,Single,Human,50,georgilis_1,ER_RAS,6d,p53,none,P53_RASc,,georgilis_1_P53_RASc,forkhead box Q1,Inhibits,Unclear,29500491,no_change
5540895,GSE61130,Limma,,IMR,,RAS_Zwt,none,ZFP36L1,15.0,RAS_Zwt,RAS,7d,OIS,none,PRJNA260300,,PRKD1,none,ZFP36L1,No,,1.019166,880317.0,7.0,Lung,,,15.0,No,1.135954e-06,,,3,R,RAS,OIS,No,Illumina_HiSeq_2500,Paired,Human,200,herranz_1,ER_RAS,7d,ZFP36L1mut,none,RASZmut_RASZwt,,herranz_1_RASZmut_RASZwt,protein kinase D1,Induces,Oncogene-induced,24828530,upregulated
8943985,GSE128711,Limma,,HFF,,Dox_sgp130,p130,none,,Dox_sgp130,Dox,1d,DDIS,none,PRJNA528619,,OXTR,p130_pRb,none,No,,-1.194098,-2733.423,1.0,Skin,,,,Yes,0.0003658416,,350nM,2,R,Doxorubicin,DDIS,No,NextSeq_500,Single,Human,75,schade_1,Dox,1d,sgp130pRb,none,Dp130pRb_Dp130,,schade_1_Dp130pRb_Dp130,oxytocin receptor,Inhibits,Stress-induced,31219803,downregulated
8895204,GSE128711,Limma,,HFF,,Dox,none,none,,Dox,Dox,1d,DDIS,none,PRJNA528619,,PPM1D,p130,none,No,,-0.05020437,-1.070141,1.0,Skin,,,,Yes,0.9344561,,350nM,2,R,Doxorubicin,DDIS,No,NextSeq_500,Single,Human,75,schade_1,Dox,1d,sgp130,none,Dp130_D,,schade_1_Dp130_D,"protein phosphatase, Mg2+/Mn2+ dependent 1D",Inhibits,Unclear,19544416,no_change
8078924,GSE24810,Limma,Affymetrix_U133A,HMF3A,5%,OIS,none,none,,Inactive_SV40LT_EV,SV40,7d,OIS,none,PRJNA132307,0.25%,RECK,none,E1A,Yes,hTERT_SV40_LT,0.1401439,8.664179,7.0,Skin,20%,Yes,,No,0.1154177,,,3,M,,,No,,,Human,,parmjit_1,,7d,Ad5_E1A_12S,none,ISVe1a_SSVev,1,parmjit_1_ISVe1a_SSVev,reversion inducing cysteine rich protein with kazal motifs,Inhibits,Unclear,20407016,no_change
531502,GSE40349,Limma,Affymetrix_U133A,IMR,,RAS,none,none,,RASshLuc,RAS,7d,OIS,none,PRJNA173792,10%,XAF1,pRb_E2F7,none,No,,1.629576,24777.53,7.0,Lung,,,,No,4.035915e-05,,,2,M,RAS,OIS,No,,,Human,,aksoy_1,ER:RasV12,7d,shpRb_shE2F7,none,SshRBE2F7_R,1,aksoy_1_SshRBE2F7_R,XIAP associated factor 1,Induces,Stress-induced,26802028,upregulated
5812449,GSE122079,Limma,,IMR,,RAS_ouabain,IONpump,none,14.0,RAS16h_ouab,RAS,6d,OIS,none,PRJNA503415,10.00%,PATZ1,IONpump,none,No,,-0.7889512,-6777.915,6.0,Lung,,,14.0,No,0.000147538,,,3,R,RAS,OIS,No,Illumina_HiSeq_2500,Single,Human,50,herranz_2,ER_RAS,6d,digoxin,none,RASdig16_RASouab16,,herranz_2_RASdig16_RASouab16,POZ/BTB and AT hook containing zinc finger 1,Inhibits,Unclear,22052190,no_change
1552206,GSE122918,Limma,Affymetrix_HTA2_0,WI38,,RAS,RELA,none,,R72_siRELA1,RAS,3d,OIS,none,PRJNA506911,,ITPR1,RELA,none,No,,-1.275,-254569370.0,6.0,Lung,,,,No,3.928202e-09,,,4,M,RAS,OIS,No,,,human,,bischof_2,ER:RASv12,6d,siRELA1,20uM,R144relA1_R72relA1,1,bischof_2_R144relA1_R72relA1,"inositol 1,4,5-trisphosphate receptor type 1",Induces,Oncogene-induced,24797322,downregulated
12506311,GSE190998,Limma,,WI38,5%,Prolif,none,none,,Prolif_siCtrl,Etoposide,8d,DDIS,none,PRJNA789266,10%,CDKN1A,NTRK2,none,No,,1.17196151169863,2272382657043.42,8.0,Lung,,0.50%,,No,4.40066727714377e-13,,50uM,3,R,Etoposide,DDIS,No,Illumina_NovaSeq6000,Paired,Human,204,Anerillas_2,Etoposide,8d,siNTRK2,none,DN_P,,Anerillas_2_DN_P,cyclin dependent kinase inhibitor 1A,Induces,Replicative,9242615,upregulated
3685195,GSE2487,Limma,Affymetrix_U133A,IMR,,OIS,none,none,,MEK_ER,MEK,3d,OIS,none,PRJNA91885,,S100A6,none,E6_E7,Yes,hTERT,2557.9,7.916111,,Lung,,,,No,0.1263247,,,2,M,,,No,,,Human,,collado_1,,,E6_E7,none,RE67_R,1,collado_1_RE67_R,S100 calcium binding protein A6,Inhibits,Unclear,23095053,no_change
11306416,GSE124609,Limma,,WI38,,REP,none,none,,Prolif,REP,4d,REP,none,PRJNA512837,,HSP90AA1,none,none,No,,1.298197,24.73528,4.0,Lung,,1.00%,,No,0.04042808,,,2,R,REP,REP,No,Illumina_HiSeq_2000,Single,Human,51,sabath,REP,4d,HeatShock,2hr_440C_onD4,RHS_R,,sabath_RHS_R,heat shock protein 90 alpha family class A member 1,Inhibits,Oncogene-induced,27793846,upregulated
4413819,GSE101766,Limma,,IMR,,RAS,none,none,14.0,RAS_shC,RAS,6d,OIS,none,PRJNA395386,,PDCD10,PPP1CB,none,No,,0.5657088,369.5833,6.0,Lung,,,14.0,No,0.00270575,,,3,R,RAS,OIS,No,Illumina_HiSeq_2500,Single,Human,50,georgilis_1,ER_RAS,6d,PPP1CB,none,PPP1CB_RASc,,georgilis_1_PPP1CB_RASc,programmed cell death 10,Induces,Replicative,25655101,no_change
5983546,GSE42368,Limma,Illumina_HT12V3,FL2,,DDIS,none,none,,Dox,Dox,1d,DDIS,none,PRJNA181197,,JAK2,DINO,none,No,,16.43288,49.59276,1.0,Lung,,,,Yes,0.02016423,,200ng/ml_1d,3,M,Doxorubicin,DDIS,No,,,Human,,hung_1,Dox,1d,shDINO,none,DshDINO_D,1,hung_1_DshDINO_D,Janus kinase 2,Induces,Unclear,24681574,upregulated
5765806,GSE122079,Limma,,IMR,,RAS_caspase_inhibitor,caspase,none,14.0,RAS_EV36hCI,RAS,7d,OIS,none,PRJNA503415,10.00%,STK4,IONpump,none,No,,1.142824,11009.33,7.0,Lung,,,14.0,No,9.083203e-05,,,3,R,RAS,OIS,No,Illumina_HiSeq_2500,Single,Human,50,herranz_2,ER_RAS,7d,digoxin_caspase_inhibitor,none,RASdig36CI_RAS36CI,,herranz_2_RASdig36CI_RAS36CI,serine/threonine kinase 4,Induces,Unclear,26611489,upregulated
559445,GSE40349,Limma,Affymetrix_U133A,IMR,,RAS,E2F7,none,,RASshE2F7,RAS,7d,OIS,none,PRJNA173792,10%,CYB5R3,pRb,none,No,,-2.121639,-16122.76,7.0,Lung,,,,No,6.202413e-05,,,2,M,RAS,OIS,No,,,Human,,aksoy_1,ER:RasV12,7d,shpRb,none,SshRB_SshE2F7,1,aksoy_1_SshRB_SshE2F7,cytochrome b5 reductase 3,Inhibits,Unclear,24450884,downregulated
5735607,GSE122079,Limma,,IMR,,RAS,none,none,14.0,RAS_EV16h,RAS,6d,OIS,none,PRJNA503415,10.00%,HRAS,IONpump,none,No,,1.083047,15698766649.0,6.0,Lung,,,14.0,No,6.369927e-11,,,3,R,RAS,OIS,No,Illumina_HiSeq_2500,Single,Human,50,herranz_2,ER_RAS,6d,digoxin,none,RASdig16_RAS16,,herranz_2_RASdig16_RAS16,"HRas proto-oncogene, GTPase",Induces,Oncogene-induced,9054499,upregulated
97924510,GSE155903,Limma,,IMR,,OIS,none,none,,ER:RAS_4OHT,RAS,6d,OIS,none,PRJNA656038,10%,MCM7,none,none,No,,1.09848094290166,11662866.1909229,6.0,Lung,,Na,,No,8.57422166755454e-08,,100nM,4,R,RAS,OIS,No,HiSeq_2500,Single,Human,50,Guerrero,ER:RAS,6d,3deazaadenosine,10uM,O3DA_O,Na,Guerrero_O3DA_O,minichromosome maintenance complex component 7,Inhibits,Unclear,32264951,upregulated
9701105,GSE74324,Limma,,IMR,,RAS,none,none,,RASshC,RAS,12d,OIS,none,PRJNA299683,10.00%,SENP7,BRD4,none,No,,1.300447,99931.14,12.0,Lung,,,,No,1.000689e-05,,,3,R,RAS,OIS,No,Illumina_HiSeq_2500,Single,Human,100,tasdemir,HRASG12V,12d,shBRD4,none,RASshBRD4_RAS,,tasdemir_RASshBRD4_RAS,SUMO specific peptidase 7,Inhibits,Unclear,18616636,upregulated
5567029,GSE61130,Limma,,IMR,,RAS,none,none,15.0,RAS_EV,RAS,7d,OIS,none,PRJNA260300,,SIN3B,none,ZFP36L1,No,,0.1604024,20.31967,7.0,Lung,,,15.0,No,0.04921339,,,3,R,RAS,OIS,No,Illumina_HiSeq_2500,Paired,Human,200,herranz_1,ER_RAS,7d,ZFP36L1mut,none,RASZmut_RAS,,herranz_1_RASZmut_RAS,SIN3 transcription regulator family member B,Induces,Unclear,19654306,no_change
5770695,GSE122079,Limma,,IMR,,RAS,none,none,14.0,RAS_EV16h,RAS,6d,OIS,none,PRJNA503415,10.00%,DDB2,IONpump,none,No,,0.1336927,2.642377,6.0,Lung,,,14.0,No,0.3784471,,,3,R,RAS,OIS,No,Illumina_HiSeq_2500,Single,Human,50,herranz_2,ER_RAS,6d,ouabain,none,RASouab16_RAS16,,herranz_2_RASouab16_RAS16,damage specific DNA binding protein 2,Induces,Oncogene-induced,20351176,no_change
10989080,GSE156648,Limma,,IMR,,OIS,none,none,,pBABEHRASG12V,RAS,4d,OIS,none,PRJNA658579,10.00%,KAT5,none,DOT1L,No,,1.073419,79781.44,4.0,Lung,2.00%,,,No,1.253424e-05,,,3,R,,,No,Illumina_NovaSeq6000,Paired,Human,150,leon,,4d,MSCB-hDot1lwt,none,POE_O,,leon_POE_O,lysine acetyltransferase 5,Induces,Oncogene-induced,23685072,upregulated
9871515,GSE74324,Limma,,IMR,,RASshRELA,RELA,none,,RASshRELA,RAS,12d,OIS,none,PRJNA299683,10.00%,MSN,p53,none,No,,1.205508,6.436258e+33,12.0,Lung,,,,No,1.553698e-34,,,3,R,RAS,OIS,No,Illumina_HiSeq_2500,Single,Human,100,tasdemir,HRASG12V,12d,shp53,none,RASshp53_RASshRELA,,tasdemir_RASshp53_RASshRELA,moesin,Inhibits,Unclear,20376899,upregulated
3682154,GSE2487,Limma,Affymetrix_U133A,IMR,,OIS,none,none,,MEK_ER,MEK,3d,OIS,none,PRJNA91885,,MEF2A,none,E6_E7,Yes,hTERT,-202.7,-137.3418,,Lung,,,,No,0.007281103,,,2,M,,,No,,,Human,,collado_1,,,E6_E7,none,RE67_R,1,collado_1_RE67_R,myocyte enhancer factor 2A,Inhibits,Replicative,31182679,downregulated
9755637,GSE74324,Limma,,IMR,,RASshp53,p53,none,,RASshp53,RAS,12d,OIS,none,PRJNA299683,10.00%,CDKN1A,BRD4,none,No,,2.360494,1.465082e+40,12.0,Lung,,,,No,6.825557e-41,,,3,R,RAS,OIS,No,Illumina_HiSeq_2500,Single,Human,100,tasdemir,HRASG12V,12d,shBRD4,none,RASshBRD4_RASshp53,,tasdemir_RASshBRD4_RASshp53,cyclin dependent kinase inhibitor 1A,Induces,Replicative,9242615,upregulated
4325302,GSE101766,Limma,,IMR,,RAS,none,none,14.0,RAS_shC,RAS,6d,OIS,none,PRJNA395386,,LIMK1,LOC399818,none,No,,0.0,0.0,6.0,Lung,,,14.0,No,1.0,,,3,R,RAS,OIS,No,Illumina_HiSeq_2500,Single,Human,50,georgilis_1,ER_RAS,6d,LOC399818,none,LOC399818_RASc,,georgilis_1_LOC399818_RASc,LIM domain kinase 1,Induces,Unclear,26583757,no_change
4074727,GSE101766,Limma,,IMR,,RAS,none,none,14.0,RAS_shC,RAS,6d,OIS,none,PRJNA395386,,CTNNB1,AKR1C1,none,No,,0.3346698,10.00292,6.0,Lung,,,14.0,No,0.09997082,,,3,R,RAS,OIS,No,Illumina_HiSeq_2500,Single,Human,50,georgilis_1,ER_RAS,6d,AKR1C1,none,AKR1C1_RASc,,georgilis_1_AKR1C1_RASc,catenin beta 1,Induces,Unclear,24130040,no_change
5873980,GSE122079,Limma,,IMR,,RAS_digoxin,IONpump,none,14.0,RAS16h_dig,RAS,7d,OIS,none,PRJNA503415,10.00%,NQO1,IONpump,none,No,,1.668048,9.469164e+17,7.0,Lung,,,14.0,No,1.056059e-18,,,3,R,RAS,OIS,No,Illumina_HiSeq_2500,Single,Human,50,herranz_2,ER_RAS,7d,digoxin_caspase_inhibitor,none,RASdig36CI_RASdig16,,herranz_2_RASdig36CI_RASdig16,NAD(P)H quinone dehydrogenase 1,Induces,Oncogene-induced,26078718,upregulated
17461910,GSE190998,Limma,,WI38,5%,Prolif,none,none,,Prolif_siCtrl,Etoposide,8d,DDIS,none,PRJNA789266,10%,KIFC1,BDNF,none,No,,-3.16633718215287,-16475620401.8919,8.0,Lung,,0.50%,,No,6.069574168419001e-11,,50uM,3,R,Etoposide,DDIS,No,Illumina_NovaSeq6000,Paired,Human,204,Anerillas_2,Etoposide,8d,siBDNF,none,DB_P,,Anerillas_2_DB_P,kinesin family member C1,Inhibits,Unclear,23318213,downregulated
6722418,GSE53379,Limma,Illumin_HWG6V3,IMR,,DDISshp53,p53,none,,Quiesce2dEtopshp53,Etoposide,7d,DDIS,none,PRJNA231867,10.00%,BTG3,p53,none,No,,-1.163343,-308693.4,7.0,Lung,5.00%,Yes,,No,3.23946e-06,,10dPuromycin,3,M,RAS,OIS,No,,,Human,,kirschner_1,H-RASG12V,7d,shp53,none,Rshp53_QD48shp53,1,kirschner_1_Rshp53_QD48shp53,BTG anti-proliferation factor 3,Inhibits,Oncogene-induced,22020331,downregulated
4105533,GSE101766,Limma,,IMR,,RAS,none,none,14.0,RAS_shC,RAS,6d,OIS,none,PRJNA395386,,RBM39,ASB15,none,No,,0.03299322,1.168588,6.0,Lung,,,14.0,No,0.8557339,,,3,R,RAS,OIS,No,Illumina_HiSeq_2500,Single,Human,50,georgilis_1,ER_RAS,6d,ASB15,none,ASB15_RASc,,georgilis_1_ASB15_RASc,RNA binding motif protein 39,Inhibits,Oncogene-induced,24876127,no_change
2754270,GSE134747,Limma,Illumina_HT12V4,BJ,,OIS,none,GR,,BRAF_24h_Clob_2h,RAF,1d,OIS,none,PRJNA556258,,MXD4,none,GR,Yes,hTERT,38.84452,233.5864,3.0,Skin,,,,Yes,0.004281071,,1000ng_ml,4,M,RAF,OIS,No,,,human,,carvalho_1,BRAF_doxycycline,3d,clobetasol,2nM_2h,O72Clob2_O24Clob2,1,carvalho_1_O72Clob2_O24Clob2,MAX dimerization protein 4,Induces,Replicative,12761891,upregulated
5782811,GSE122079,Limma,,IMR,,RAS,none,none,14.0,RAS_EV36h,RAS,7d,OIS,none,PRJNA503415,10.00%,CRISPLD2,IONpump,none,No,,1.54459,2952543.0,7.0,Lung,,,14.0,No,3.386911e-07,,,3,R,RAS,OIS,No,Illumina_HiSeq_2500,Single,Human,50,herranz_2,ER_RAS,7d,ouabain,none,RASouab36_RAS36,,herranz_2_RASouab36_RAS36,cysteine rich secretory protein LCCL domain containing 2,Inhibits,Stress-induced,31219803,upregulated
12283781,GSE180406,Limma,,MRC,5%,REP,none,none,71.0,REP_PD75,REP,,REP,none,PRJNA748072,10%,ATM,none,TRF2,No,,1.72929829658853,2230.23193549159,,Lung,5%,Yes,75.0,,0.0004483838582374,,,3,R,REP,REP,No,Illumina_HiSeq_2000,Paired,human,300,Rey_Millet,REP_reanalysis,,TRF2_OE,none,RTRF2_R,,Rey_Millet_RTRF2_R,ATM serine/threonine kinase,Inhibits,Replicative,9312059,upregulated
11104838,GSE144752,Limma,,BJ,,OIS,none,none,,BRAF_2d_1uM4OHT,BRAF,3d,OIS,none,PRJNA604779,10.00%,CKAP2,YBX1,none,Yes,hTERT,-1.101627,-19665.13,3.0,Skin,,,,Yes,5.085142e-05,,2d_1uM4OHT,3,R,RAF,OIS,No,NextSeq_500,Single,Human,75,montes,BRAFE600,3d,siYBX1,none,OYKD_O,,montes_OYKD_O,cytoskeleton associated protein 2,Inhibits,Unclear,32264951,downregulated
8941672,GSE128711,Limma,,HFF,,Dox_sgp130,p130,none,,Dox_sgp130,Dox,1d,DDIS,none,PRJNA528619,,IGFBP7,p130_pRb,none,No,,0.2357866,4.576883,1.0,Skin,,,,Yes,0.2184893,,350nM,2,R,Doxorubicin,DDIS,No,NextSeq_500,Single,Human,75,schade_1,Dox,1d,sgp130pRb,none,Dp130pRb_Dp130,,schade_1_Dp130pRb_Dp130,insulin like growth factor binding protein 7,Induces,Oncogene-induced,18267069,no_change
8920266,GSE128711,Limma,,HFF,,Dox,none,none,,Dox,Dox,1d,DDIS,none,PRJNA528619,,PTGS2,p130_pRb,none,No,,2.327498,27735.09,1.0,Skin,,,,Yes,3.605541e-05,,350nM,2,R,Doxorubicin,DDIS,No,NextSeq_500,Single,Human,75,schade_1,Dox,1d,sgp130pRb,none,Dp130pRb_D,,schade_1_Dp130pRb_D,prostaglandin-endoperoxide synthase 2,Induces,Replicative,28803844,upregulated
5094028,GSE101766,Limma,,IMR,,RAS_shp53,p53,none,14.0,RAS_shp53,RAS,6d,OIS,none,PRJNA395386,,NHEJ1,RELA,none,No,,-0.5419932,-2.814563,6.0,Lung,,,14.0,No,0.355295,,,3,R,RAS,OIS,No,Illumina_HiSeq_2500,Single,Human,50,georgilis_1,ER_RAS,6d,RELA,none,RELA_P53,,georgilis_1_RELA_P53,non-homologous end joining factor 1,Inhibits,Replicative,28369633,no_change
10870155,GSE189789,Limma,,WI38,5%,DDIS,none,none,,Doxorubicin_1uM_12hrs,Dox,2.5d,DDIS,none,PRJNA784535,10%,STK32C,none,none,No,,0.2050031,6.282819,2.5,Lung,,,,Yes,0.1591642,,1uM_12hrs,3,R,Doxorubicin,DDIS,No,Illumina_HiSeq_2000,Paired,Human,150,An,Doxorubicin,2.5d,Oridonin,2uM_48hr,Doridonin_D,,An_Doridonin_D,serine/threonine kinase 32C,Induces,Unclear,26583757,no_change
576224,GSE40349,Limma,Affymetrix_U133A,IMR,,RAS,E2F7,none,,RASshE2F7,RAS,7d,OIS,none,PRJNA173792,10%,NRF1,pRb_E2F7,none,No,,-0.481401,-51.65473,7.0,Lung,,,,No,0.01935931,,,2,M,RAS,OIS,No,,,Human,,aksoy_1,ER:RasV12,7d,shpRb_shE2F7,none,SshRBE2F7_SshE2F7,1,aksoy_1_SshRBE2F7_SshE2F7,nuclear respiratory factor 1,Inhibits,Unclear,30486409,no_change
3673866,GSE2487,Limma,Affymetrix_U133A,IMR,,OIS,none,none,,MEK_ER,MEK,3d,OIS,none,PRJNA91885,,STAG2,none,SmallT,Yes,hTERT,-186.7,-82.377,3.0,Lung,,,,Yes,0.01213931,,,2,M,MEK,OIS,No,,,Human,,collado_1,MEK_ER,3d,SmallT,none,Rst_R,1,collado_1_Rst_R,stromal antigen 2,Induces,Replicative,28819029,downregulated
1405037,GSE122918,Limma,Affymetrix_HTA2_0,WI38,,RAS,none,none,,R72_siCTRL,RAS,3d,OIS,none,PRJNA506911,,MTOR,JUN,none,No,,-0.4,-966483.8,3.0,Lung,,,,Yes,1.034678e-06,,,2,M,RAS,OIS,No,,,human,,bischof_2,ER:RASv12,3d,siJUN1,20uM,R72jun1_R72ctrl,1,bischof_2_R72jun1_R72ctrl,mechanistic target of rapamycin kinase,Inhibits,Stress-induced,31219803,no_change
9767405,GSE74324,Limma,,IMR,,RASshp53,p53,none,,RASshp53,RAS,12d,OIS,none,PRJNA299683,10.00%,BTG2,RELA,none,No,,2.643725,1.076132e+27,12.0,Lung,,,,No,9.292541e-28,,,3,R,RAS,OIS,No,Illumina_HiSeq_2500,Single,Human,100,tasdemir,HRASG12V,12d,shRELA,none,RASshRELA_RASshp53,,tasdemir_RASshRELA_RASshp53,BTG anti-proliferation factor 2,Induces,Replicative,20569234,upregulated
11670684,GSE178115,Limma,Agilent,HDF,,REP,ROCK_ATM,none,,REP_8d,REP,8d,REP,none,PRJNA737497,10%,KDM4C,none,none,No,,-14.16667,-58.77081,8.0,Skin,,,,No,0.01701525,,,3,M,REP,REP,No,,,Human,,Yang,REP,8d,Y27632_KU60019,2.5uM_0.5uM,R8dCOMBOi_R8d,1,Yang_R8dCOMBOi_R8d,lysine demethylase 4C,Inhibits,Oncogene-induced,29438700,downregulated
6556109,GSE53379,Limma,Illumin_HWG6V3,IMR,,DDIS,none,none,,DDIS,Etoposide,7d,DDIS,none,PRJNA231867,10.00%,PTTG1,p53,none,No,,1.283661,442.9883,7.0,Lung,5.00%,Yes,,No,0.002257396,,100uM2d+5d,3,M,Etoposide,DDIS,No,,,Human,,kirschner_1,Etoposide,7d,shp53,none,Dshp53_D,1,kirschner_1_Dshp53_D,"PTTG1 regulator of sister chromatid separation, securin",Induces,Unclear,20452981,upregulated
8084354,GSE24810,Limma,Affymetrix_U133A,HMF3A,5%,OIS,none,none,,Inactive_SV40LT_EV,SV40,7d,OIS,none,PRJNA132307,0.25%,CBX5,none,E7,Yes,hTERT_SV40_LT,1.349223,639096523418.0,7.0,Skin,20%,Yes,,No,1.564709e-12,,,3,M,,,No,,,Human,,parmjit_1,,7d,HPV16_E7,none,ISVe7_SSVev,1,parmjit_1_ISVe7_SSVev,chromobox 5,Inhibits,Unclear,26160351,upregulated
11463363,GSE145650,Limma,,IMR,5.00%,OIS,none,none,,ER_RAS_G12V,RAS,6d,OIS,none,PRJNA607798,10.00%,DICER1,COX2,none,No,,1.040063,815085.0,6.0,Lung,5.00%,,,No,1.226866e-06,,6d_100nM4OHT,8,R,RAS,OIS,No,Illumina_HiSeq_4000,Paired,Human,,hoare_3,ER_RAS_G12V,6d,Celecoxib,6d_40uM,OC_O,,hoare_3_OC_O,"dicer 1, ribonuclease III",Inhibits,Stress-induced,26990999,upregulated
1602153,GSE122918,Limma,Affymetrix_HTA2_0,WI38,,RAS,ETS1,none,,R144_siETS1,RAS,6d,OIS,none,PRJNA506911,,LIN9,JUN,none,No,,-0.65,-23566736145.0,6.0,Lung,,,,No,4.243269e-11,,,4,M,RAS,OIS,No,,,human,,bischof_2,ER:RASv12,6d,siJUN1,20uM,R144jun1_R144ets11,1,bischof_2_R144jun1_R144ets11,lin-9 DREAM MuvB core complex component,Inhibits,Oncogene-induced,21860417,no_change
16202851,GSE224070,Limma,,IMR,5%,DDIS,COPB2,none,,50ugmL_Bleomycin_24hr,Bleomycin,10d,DDIS,none,PRJNA929513,10%,AGO2,COPB2,none,No,,1.53573319322322,58381.5237576239,10.0,Lung,,Yes,,No,1.71287067489295e-05,,100nM_4OHT,3,R,RAS,OIS,No,NextSeq_2000,Single,Human,71,McHugh_1,ER:RAS,10d,shCOPB2,1ugml_Doxycycline,Osh_Dsh,,McHugh_1_Osh_Dsh,argonaute RISC catalytic component 2,Inhibits,Oncogene-induced,25175024,upregulated
8128074,GSE24810,Limma,Affymetrix_U133A,HMF3A,5%,OIS,none,none,,Inactive_SV40LT_EV,SV40,7d,OIS,none,PRJNA132307,0.25%,PTGS2,p21,none,Yes,hTERT_SV40_LT,-3.793769,-4003120000000000.0,7.0,Skin,20%,Yes,,No,2.498051e-16,,,3,M,SV40,OIS,No,,,Human,,parmjit_1,SV40_LT,7d,shp21,none,SSVp21sh_SSVev,1,parmjit_1_SSVp21sh_SSVev,prostaglandin-endoperoxide synthase 2,Induces,Replicative,28803844,downregulated
9795970,GSE74324,Limma,,IMR,,RASshp53,p53,none,,RASshp53,RAS,12d,OIS,none,PRJNA299683,10.00%,JAK2,p53_pRb,none,No,,-0.05960385,-1.290848,12.0,Lung,,,,No,0.7746845,,,3,R,RAS,OIS,No,Illumina_HiSeq_2500,Single,Human,100,tasdemir,HRASG12V,12d,shp53pRb,none,RASshp53pRb_RASshp53,,tasdemir_RASshp53pRb_RASshp53,Janus kinase 2,Induces,Unclear,24681574,no_change
7024056,GSE75643,Limma,,Tig3,,BRAF,none,none,,BRAF4d,RAF,4d,OIS,none,PRJNA302675,9.00%,MAPK1,none,SV40smallT,Yes,hTERT,0.0303924,1.118954,4.0,Lung,,,,No,0.8936918,,,3,R,RAF,OIS,No,Illumina_HiSeq_2000,Single,Human,51,lenain,BRAFE600,4d,SV40smallT,none,BRAF4SV40_4,,lenain_BRAF4SV40_4,mitogen-activated protein kinase 1,Induces,Oncogene-induced,23599344,no_change
1475267,GSE122918,Limma,Affymetrix_HTA2_0,WI38,,RAS,none,none,,R72_siCTRL,RAS,3d,OIS,none,PRJNA506911,,CRISPLD2,RELA,none,No,,-0.1,-2.693137,3.0,Lung,,,,Yes,0.3713142,,,4,M,RAS,OIS,No,,,human,,bischof_2,ER:RASv12,3d,siRELA1,20uM,R72relA1_R72jun1,1,bischof_2_R72relA1_R72jun1,cysteine rich secretory protein LCCL domain containing 2,Inhibits,Stress-induced,31219803,no_change
6725806,GSE53379,Limma,Illumin_HWG6V3,IMR,,DDISshp53,p53,none,,Quiesce2dEtopshp53,Etoposide,7d,DDIS,none,PRJNA231867,10.00%,HOPX,p53,none,No,,-0.2221848,-3.809404,7.0,Lung,5.00%,Yes,,No,0.2625083,,10dPuromycin,3,M,RAS,OIS,No,,,Human,,kirschner_1,H-RASG12V,7d,shp53,none,Rshp53_QD48shp53,1,kirschner_1_Rshp53_QD48shp53,HOP homeobox,Induces,Oncogene-induced,25345926,no_change
9748373,GSE74324,Limma,,IMR,,RAS,none,none,,RASshCwDMSO,RAS,12d,OIS,none,PRJNA299683,10.00%,NUAK1,BRD4,none,No,,-1.133696,-1246964000000000.0,12.0,Lung,,,,No,8.019478e-16,,,3,R,RAS,OIS,No,Illumina_HiSeq_2500,Single,Human,100,tasdemir,HRASG12V,12d,JQ1,100nM_48h,RASwJQ1_RASwDMSO,,tasdemir_RASwJQ1_RASwDMSO,NUAK family kinase 1,Induces,Unclear,19927127,downregulated
5750381,GSE122079,Limma,,IMR,,RAS,none,none,14.0,RAS_EV36h,RAS,7d,OIS,none,PRJNA503415,10.00%,OGG1,IONpump,none,No,,-1.889769,-433491749.0,7.0,Lung,,,14.0,No,2.306849e-09,,,3,R,RAS,OIS,No,Illumina_HiSeq_2500,Single,Human,50,herranz_2,ER_RAS,7d,digoxin,none,RASdig36_RAS36,,herranz_2_RASdig36_RAS36,8-oxoguanine DNA glycosylase,Inhibits,Oncogene-induced,24618719,downregulated
84070410,GSE214409,Limma,,IMR,,OIS,none,none,,OIS_ctrlVector,RAS,7d,OIS,,PRJNA885153,10%,CAV1,none,WSTF,No,,1.12914386889568,852202183.899207,7.0,Lung,3%,,,No,1.1734304592186701e-09,,,3,R,RAS,OIS,No,Illumina_HiSeq_2500,Single,Human,51,Dou,RAS_WSTFOE,7d,WSTF,none,OW_O,,Dou_OW_O,caveolin 1,Induces,Unclear,15263006,upregulated
4202738,GSE101766,Limma,,IMR,,RAS,none,none,14.0,RAS_shC,RAS,6d,OIS,none,PRJNA395386,,NEDD4,EMR4,none,No,,1.417101,4700.365,6.0,Lung,,,14.0,No,0.0002127494,,,3,R,RAS,OIS,No,Illumina_HiSeq_2500,Single,Human,50,georgilis_1,ER_RAS,6d,EMR4,none,EMR4_RASc,,georgilis_1_EMR4_RASc,NEDD4 E3 ubiquitin protein ligase,Inhibits,Oncogene-induced,23549616,upregulated
3553658,GSE19864,Limma,Affymetrix_U133A,IMR,,RAS,none,none,,RAS,RAS,7d,OIS,none,PRJNA124029,10.0%,BUB1,p107,none,No,,0.2454069,1.7574,7.0,Lung,,,,No,0.5690224,,,2,M,RAS,OIS,No,,,Human,,chicas_1,H-rasV12,7d,shp107,none,Rshp107_R,1,chicas_1_Rshp107_R,BUB1 mitotic checkpoint serine/threonine kinase,Inhibits,Oncogene-induced,17488820,no_change
1437551,GSE122918,Limma,Affymetrix_HTA2_0,WI38,,RAS,none,none,,R72_siCTRL,RAS,3d,OIS,none,PRJNA506911,,CDC25A,ETS1,none,No,,1.325,4642794782.0,6.0,Lung,,,,No,2.153875e-10,,,4,M,RAS,OIS,No,,,human,,bischof_2,ER:RASv12,6d,siETS11,20uM,R144ets11_R72ctrl,1,bischof_2_R144ets11_R72ctrl,cell division cycle 25A,Inhibits,Unclear,32264951,upregulated
4235512,GSE101766,Limma,,IMR,,RAS,none,none,14.0,RAS_shC,RAS,6d,OIS,none,PRJNA395386,,CPEB1,HSPC182,none,No,,0.9357614,58.22554,6.0,Lung,,,14.0,No,0.01717459,,,3,R,RAS,OIS,No,Illumina_HiSeq_2500,Single,Human,50,georgilis_1,ER_RAS,6d,HSPC182,none,HSPC182_RASc,,georgilis_1_HSPC182_RASc,cytoplasmic polyadenylation element binding protein 1,Induces,Replicative,19141477,no_change
11590947,GSE178115,Limma,Agilent,HDF,,REP,ATM,none,,REP_3d,REP,3d,REP,none,PRJNA737497,10%,PIM1,none,none,No,,96.5,152.3858,3.0,Skin,,,,Yes,0.00656229,,,3,M,REP,REP,No,,,Human,,Yang,REP,3d,KU60019,0.5uM,R3dATMi_R3d,1,Yang_R3dATMi_R3d,"Pim-1 proto-oncogene, serine/threonine kinase",Induces,Replicative,25040935,upregulated
100299710,GSE212085,Limma,,IMR,5%,DDIS,none,none,,Doxorubicin_150nM,Doxorubicin,10d,DDIS,none,PRJNA873928,10%,MME,none,none,No,,3.11869336047355,9866525914.96759,10.0,Lung,,,,No,1.01352797187001e-10,,150nM,3,R,Doxorubicin,DDIS,No,NextSeq_2000,Paired,Human,116,Marin,Doxorubicin,10d,MDL72527,50uM,DM_D,,Marin_DM_D,membrane metalloendopeptidase,Induces,Oncogene-induced,30671946,upregulated
5983103,GSE42368,Limma,Illumina_HT12V3,FL2,,DDIS,none,none,,Dox,Dox,1d,DDIS,none,PRJNA181197,,HNRNPAB,DINO,none,No,,-1359.508,-32.20864,1.0,Lung,,,,Yes,0.03104757,,200ng/ml_1d,3,M,Doxorubicin,DDIS,No,,,Human,,hung_1,Dox,1d,shDINO,none,DshDINO_D,1,hung_1_DshDINO_D,heterogeneous nuclear ribonucleoprotein A/B,Inhibits,Unclear,32264951,downregulated
11696862,GSE178115,Limma,Agilent,HDF,,REP,ROCK,none,,REP_15d,REP,15d,REP,none,PRJNA737497,10%,PIK3R5,none,none,No,,-0.5,-1.182205,15.0,Skin,,,,No,0.8458768,,,3,M,REP,REP,No,,,Human,,Yang,REP,15d,Y27632,2.5uM,R15dROCKi_R15d,1,Yang_R15dROCKi_R15d,phosphoinositide-3-kinase regulatory subunit 5,Induces,Unclear,26583757,no_change
14483012,GSE196610,Limma,,IMR,5%,DDIS,none,Parkin,,IR_ParkinYFP,IR,10d,DDIS,none,PRJNA806156,10.00%,PDGFB,none,Parkin,No,,-1.51018655160268,-1272605.94626156,10.0,Lung,3%,,,No,7.85789193377278e-07,,20Gy,3,R,IR,DDIS,No,Illumina_NovaSeq6000,Paired,Human,202,Victorelli,IR,10d,CCCP,12uM,DPC_DP,,Victorelli_DPC_DP,platelet derived growth factor subunit B,Induces,Oncogene-induced,23934686,downregulated
9894527,GSE74324,Limma,,IMR,,RASwJQ1,BRD4,none,,RASwJQ1,RAS,12d,OIS,none,PRJNA299683,10.00%,HMGA2,BRD4,none,No,,2.333665,2.588565e+38,12.0,Lung,,,,No,3.8631440000000004e-39,,,3,R,RAS,OIS,No,Illumina_HiSeq_2500,Single,Human,100,tasdemir,HRASG12V,12d,shBRD4,none,RASshBRD4_RASwJQ1,,tasdemir_RASshBRD4_RASwJQ1,high mobility group AT-hook 2,Induces,Oncogene-induced,16901784,upregulated
1492429,GSE122918,Limma,Affymetrix_HTA2_0,WI38,,RAS,JUN,none,,R72_siJUN1,RAS,3d,OIS,none,PRJNA506911,,OXTR,ETS1,none,No,,-0.275,-4.742976,6.0,Lung,,,,No,0.2108381,,,4,M,RAS,OIS,No,,,human,,bischof_2,ER:RASv12,6d,siETS11,20uM,R144ets11_R72jun1,1,bischof_2_R144ets11_R72jun1,oxytocin receptor,Inhibits,Stress-induced,31219803,no_change
5982095,GSE42368,Limma,Illumina_HT12V3,FL2,,DDIS,none,none,,Dox,Dox,1d,DDIS,none,PRJNA181197,,FASN,DINO,none,No,,-2087.082,-4024.136,1.0,Lung,,,,Yes,0.0002485006,,200ng/ml_1d,3,M,Doxorubicin,DDIS,No,,,Human,,hung_1,Dox,1d,shDINO,none,DshDINO_D,1,hung_1_DshDINO_D,fatty acid synthase,Induces,Oncogene-induced,30962418,downregulated
2642249,GSE134747,Limma,Illumina_HT12V4,BJ,,OIS,none,none,,BRAF_24h_DMSO_2h,RAF,1d,OIS,none,PRJNA556258,,MAPK14,RELA,none,Yes,hTERT,26.4674,27.82359,1.0,Skin,,,,Yes,0.03594073,,1000ng_ml,3,M,RAF,OIS,No,,,human,,carvalho_1,BRAF_doxycycline,1d,compoundA,2uM_2h,O24CpdA2_O24DMSO2,1,carvalho_1_O24CpdA2_O24DMSO2,mitogen-activated protein kinase 14,Induces,Replicative,12581156,upregulated
9781167,GSE74324,Limma,,IMR,,RASshp53,p53,none,,RASshp53,RAS,12d,OIS,none,PRJNA299683,10.00%,DDB2,p16_p21,none,No,,2.343985,1.030005e+18,12.0,Lung,,,,No,9.708691e-19,,,3,R,RAS,OIS,No,Illumina_HiSeq_2500,Single,Human,100,tasdemir,HRASG12V,12d,shp16p21,none,RASshp16p21_RASshp53,,tasdemir_RASshp16p21_RASshp53,damage specific DNA binding protein 2,Induces,Oncogene-induced,20351176,upregulated
11589653,GSE178115,Limma,Agilent,HDF,,REP,ATM,none,,REP_3d,REP,3d,REP,none,PRJNA737497,10%,NUDT5,none,none,No,,-770.5,-27.1352,3.0,Skin,,,,Yes,0.0368525,,,3,M,REP,REP,No,,,Human,,Yang,REP,3d,KU60019,0.5uM,R3dATMi_R3d,1,Yang_R3dATMi_R3d,nudix hydrolase 5,Inhibits,Oncogene-induced,23581889,downregulated
8068077,GSE24810,Limma,Affymetrix_U133A,HMF3A,5%,OIS,none,none,,Inactive_SV40LT_EV,SV40,7d,OIS,none,PRJNA132307,0.25%,STAT1,p53,none,Yes,hTERT_SV40_LT,-1.192054,-1856520000000.0,7.0,Skin,20%,Yes,,No,5.386422e-13,,,3,M,SV40,OIS,No,,,Human,,parmjit_1,SV40_LT,7d,GSE_DomNeg_p53,none,SSVp53g_SSVev,1,parmjit_1_SSVp53g_SSVev,signal transducer and activator of transcription 1,Induces,Unclear,22217266,downregulated
4407227,GSE101766,Limma,,IMR,,RAS,none,none,14.0,RAS_shC,RAS,6d,OIS,none,PRJNA395386,,ARID1B,PPP1CB,none,No,,-0.3210612,-2.854972,6.0,Lung,,,14.0,No,0.3502661,,,3,R,RAS,OIS,No,Illumina_HiSeq_2500,Single,Human,50,georgilis_1,ER_RAS,6d,PPP1CB,none,PPP1CB_RASc,,georgilis_1_PPP1CB_RASc,AT-rich interaction domain 1B,Induces,Oncogene-induced,27737960,no_change
3678025,GSE2487,Limma,Affymetrix_U133A,IMR,,OIS,none,none,,MEK_ER,MEK,3d,OIS,none,PRJNA91885,,CDK4,none,E6_E7,Yes,hTERT,1799.7,42001.65,,Lung,,,,No,2.380859e-05,,,2,M,,,No,,,Human,,collado_1,,,E6_E7,none,RE67_R,1,collado_1_RE67_R,cyclin dependent kinase 4,Inhibits,Replicative,12082615,upregulated
4469622,GSE101766,Limma,,IMR,,RAS,none,none,14.0,RAS_shC,RAS,6d,OIS,none,PRJNA395386,,BTG3,SHFM3,none,No,,-1.12751,-117202550.0,6.0,Lung,,,14.0,No,8.532238e-09,,,3,R,RAS,OIS,No,Illumina_HiSeq_2500,Single,Human,50,georgilis_1,ER_RAS,6d,SHFM3,none,SHFM3_RASc,,georgilis_1_SHFM3_RASc,BTG anti-proliferation factor 3,Inhibits,Oncogene-induced,22020331,downregulated
5744409,GSE122079,Limma,,IMR,,RAS,none,none,14.0,RAS_EV36h,RAS,7d,OIS,none,PRJNA503415,10.00%,BCL6,IONpump,none,No,,1.296267,26846701.0,7.0,Lung,,,14.0,No,3.724853e-08,,,3,R,RAS,OIS,No,Illumina_HiSeq_2500,Single,Human,50,herranz_2,ER_RAS,7d,digoxin,none,RASdig36_RAS36,,herranz_2_RASdig36_RAS36,BCL6 transcription repressor,Inhibits,Replicative,11914273,upregulated
2690695,GSE134747,Limma,Illumina_HT12V4,BJ,,OIS,RELA,none,,BRAF_24h_CpdA_2h,RAF,1d,OIS,none,PRJNA556258,,HYOU1,none,GR,Yes,hTERT,1264.599,54.64427,1.0,Skin,,,,Yes,0.01830018,,1000ng_ml,8,M,RAF,OIS,No,,,human,,carvalho_1,BRAF_doxycycline,1d,clobetasol,2nM_2h,O24Clob2_O24CpdA2,1,carvalho_1_O24Clob2_O24CpdA2,hypoxia up-regulated 1,Inhibits,Stress-induced,23757447,upregulated
1524271,GSE122918,Limma,Affymetrix_HTA2_0,WI38,,RAS,RELA,none,,R72_siRELA1,RAS,3d,OIS,none,PRJNA506911,,CDKN2AIP,ETS1,none,No,,1.15,3.012862e+17,6.0,Lung,,,,No,3.319103e-18,,,4,M,RAS,OIS,No,,,human,,bischof_2,ER:RASv12,6d,siETS11,20uM,R144ets11_R72relA1,1,bischof_2_R144ets11_R72relA1,CDKN2A interacting protein,Induces,Replicative,19001376,upregulated
8420333,GSE113060,Limma,,IMR,,RAS,none,none,26.0,RAS_EV,RAS,6d,OIS,none,PRJNA449912,,EWSR1,HMGA1,none,No,,-1.206922,-500.6434,6.0,Lung,,,26.0,No,0.00199743,,,6,R,RAS,OIS,No,Illumina_HiSeq_2500,Single,Human,50,parry,ER_HRASG12V,6d,shHMGA1,none,RASshHMGA1_RAS,,parry_RASshHMGA1_RAS,EWS RNA binding protein 1,Induces,Unclear,21030557,downregulated
12444911,GSE190998,Limma,,WI38,5%,Prolif,none,none,,Prolif_siCtrl,Etoposide,8d,DDIS,none,PRJNA789266,10%,CBS,NTRK2,none,No,,-1.44400583712524,-2783996344.2493,8.0,Lung,,0.50%,,No,3.59195873969313e-10,,50uM,3,R,Etoposide,DDIS,No,Illumina_NovaSeq6000,Paired,Human,204,Anerillas_2,Etoposide,8d,siNTRK2,none,DN_P,,Anerillas_2_DN_P,cystathionine beta-synthase,Inhibits,Replicative,23117410,downregulated
8385907,GSE24810,Limma,Affymetrix_U133A,HMF3A,5%,OISe2fkd,E2F,none,,Active_SV40LT_e2fkd,SV40,7d,OIS,none,PRJNA132307,0.25%,MIF,p53,none,Yes,hTERT_SV40_LT,0.04931312,2.156425,7.0,Skin,20%,Yes,,No,0.4637305,,,3,M,SV40,OIS,No,,,Human,,parmjit_1,SV40_LT,7d,shp53,none,SSVp53sh_SSVe2f,1,parmjit_1_SSVp53sh_SSVe2f,macrophage migration inhibitory factor,Inhibits,Stress-induced,24274936,no_change
16744812,GSE196610,Limma,,IMR,5%,DDIS,none,Parkin,,IR_ParkinYFP,IR,10d,DDIS,none,PRJNA806156,10.00%,DDIT4,none,Parkin_mtDNA,No,,1.87696136505837,1088907491863.62,10.0,Lung,3%,,,No,9.18351657484277e-13,,20Gy,3,R,IR,DDIS,No,Illumina_NovaSeq6000,Paired,Human,202,Victorelli,IR,10d,CCCP_mtDNA,12uM_15ug,DPCM_DP,,Victorelli_DPCM_DP,DNA damage inducible transcript 4,Inhibits,Replicative,22627671,upregulated
79521100,GSE190998,Limma,,WI38,5%,DDIS,none,none,,Etoposide_siCtrl,Etoposide,8d,DDIS,none,PRJNA789266,10%,YAP1,NTRK2,none,No,,0.066717709391277,6.78232045402371,8.0,Lung,,0.50%,,No,0.14744216330957,,50uM,3,R,Etoposide,DDIS,No,Illumina_NovaSeq6000,Paired,Human,204,Anerillas_2,Etoposide,8d,siNTRK2,none,DN_D,,Anerillas_2_DN_D,Yes1 associated transcriptional regulator,Inhibits,Replicative,23576552,no_change
4554340,GSE101766,Limma,,IMR,,RAS,none,none,14.0,RAS_shC,RAS,6d,OIS,none,PRJNA395386,,WSB1,p53,none,No,,1.248478,2519.097,6.0,Lung,,,14.0,No,0.0003969677,,,3,R,RAS,OIS,No,Illumina_HiSeq_2500,Single,Human,50,georgilis_1,ER_RAS,6d,p53,none,P53_RASc,,georgilis_1_P53_RASc,WD repeat and SOCS box containing 1,Inhibits,Oncogene-induced,27958289,upregulated
18143051,GSE224070,Limma,,IMR,5%,DDIS,COPB2,none,,50ugmL_Bleomycin_24hr,Bleomycin,10d,DDIS,none,PRJNA929513,10%,MSN,COPB2,none,No,,1.06948265852647,5360232.7034639,10.0,Lung,,Yes,,No,1.8655906474989e-07,,100nM_4OHT,3,R,RAS,OIS,No,NextSeq_2000,Single,Human,71,McHugh_1,ER:RAS,10d,shCOPB2,1ugml_Doxycycline,Osh_Dsh,,McHugh_1_Osh_Dsh,moesin,Inhibits,Unclear,20376899,upregulated
4428154,GSE101766,Limma,,IMR,,RAS,none,none,14.0,RAS_shC,RAS,6d,OIS,none,PRJNA395386,,SFRP1,PROK2,none,No,,0.195909,1.939337,6.0,Lung,,,14.0,No,0.5156402,,,3,R,RAS,OIS,No,Illumina_HiSeq_2500,Single,Human,50,georgilis_1,ER_RAS,6d,PROK2,none,PROK2_RASc,,georgilis_1_PROK2_RASc,secreted frizzled related protein 1,Induces,Stress-induced,22927647,no_change
78934410,GSE214409,Limma,,IMR,,OIS,none,none,,RAS,RAS,7d,OIS,,PRJNA885153,10%,VCAN,none,WSTF,No,,1.29500032509454,144911634.439535,7.0,Lung,3%,,,No,6.9007571674119505e-09,,,3,R,Prolif,,No,Illumina_HiSeq_2500,Single,Human,51,Dou,Prolif_WSTFOE,7d,WSTF,none,PW_O,,Dou_PW_O,versican,Induces,Stress-induced,30622695,upregulated
5892536,GSE122079,Limma,,IMR,,RAS_ouabain,IONpump,none,14.0,RAS36h_ouab,RAS,7d,OIS,none,PRJNA503415,10.00%,ARG2,IONpump,none,No,,3.544803,191041159.0,7.0,Lung,,,14.0,No,5.234474e-09,,,3,R,RAS,OIS,No,Illumina_HiSeq_2500,Single,Human,50,herranz_2,ER_RAS,7d,ouabain_caspase_inhibitor,none,RASouab36CI_RASouab16,,herranz_2_RASouab36CI_RASouab16,arginase 2,Induces,Unclear,23832324,upregulated
9861233,GSE74324,Limma,,IMR,,RASshRELA,RELA,none,,RASshRELA,RAS,12d,OIS,none,PRJNA299683,10.00%,RAPGEF4,p53_pRb,none,No,,1.84487,1719.388,12.0,Lung,,,,No,0.0005816022,,,3,R,RAS,OIS,No,Illumina_HiSeq_2500,Single,Human,100,tasdemir,HRASG12V,12d,shp53pRb,none,RASshp53pRb_RASshRELA,,tasdemir_RASshp53pRb_RASshRELA,Rap guanine nucleotide exchange factor 4,Inhibits,Unclear,24169561,upregulated
2744669,GSE134747,Limma,Illumina_HT12V4,BJ,,OIS,none,GR,,BRAF_24h_Clob_2h,RAF,1d,OIS,none,PRJNA556258,,SENP7,none,GR,Yes,hTERT,-251.9436,-2234.199,2.0,Skin,,,,Yes,0.0004475878,,1000ng_ml,4,M,RAF,OIS,No,,,human,,carvalho_1,BRAF_doxycycline,2d,clobetasol,2nM_2h,O48Clob2_O24Clob2,1,carvalho_1_O48Clob2_O24Clob2,SUMO specific peptidase 7,Inhibits,Unclear,18616636,downregulated
3799263,GSE76125,Limma,,MRC,5.00%,IR,none,none,,I10,IR,10d,DDIS,Parkin,PRJNA306369,10.00%,WIPI1,mitochondrial,Parkin,No,,1.167563,6566076.0,10.0,Lung,,Yes,,No,1.52298e-07,,20Gy,3,R,IR,DDIS,No,NextSeq_500,Paired,Human,70,correia_melo,X_rays,10d,CCCP,12.5uM_4d,I10CCCP_I10,,correia_melo_I10CCCP_I10,"WD repeat domain, phosphoinositide interacting 1",Inhibits,Unclear,30352807,upregulated
9827692,GSE74324,Limma,,IMR,,RASshBRD4,BRD4,none,,RASshBRD4,RAS,12d,OIS,none,PRJNA299683,10.00%,ZNF217,p16_p21,none,No,,2.058631,6.609081e+19,12.0,Lung,,,,No,1.5130699999999998e-20,,,3,R,RAS,OIS,No,Illumina_HiSeq_2500,Single,Human,100,tasdemir,HRASG12V,12d,shp16p21,none,RASshp16p21_RASshBRD4,,tasdemir_RASshp16p21_RASshBRD4,zinc finger protein 217,Inhibits,Replicative,11245413,upregulated
3559294,GSE19864,Limma,Affymetrix_U133A,IMR,,RAS,none,none,,RAS,RAS,7d,OIS,none,PRJNA124029,10.0%,NQO1,p107,none,No,,-1.465426,-277.3405,7.0,Lung,,,,No,0.003605676,,,2,M,RAS,OIS,No,,,Human,,chicas_1,H-rasV12,7d,shp107,none,Rshp107_R,1,chicas_1_Rshp107_R,NAD(P)H quinone dehydrogenase 1,Induces,Oncogene-induced,26078718,downregulated
4436281,GSE101766,Limma,,IMR,,RAS,none,none,14.0,RAS_shC,RAS,6d,OIS,none,PRJNA395386,,ITPR2,PTBP1,none,No,,0.0,0.0,6.0,Lung,,,14.0,No,1.0,,,3,R,RAS,OIS,No,Illumina_HiSeq_2500,Single,Human,50,georgilis_1,ER_RAS,6d,PTBP1,none,PTBP1_RASc,,georgilis_1_PTBP1_RASc,"inositol 1,4,5-trisphosphate receptor type 2",Induces,Oncogene-induced,24797322,no_change
5733700,GSE122079,Limma,,IMR,,RAS,none,none,14.0,RAS_EV16h,RAS,6d,OIS,none,PRJNA503415,10.00%,DICER1,IONpump,none,No,,-1.98009,-14919520.0,6.0,Lung,,,14.0,No,6.702629e-08,,,3,R,RAS,OIS,No,Illumina_HiSeq_2500,Single,Human,50,herranz_2,ER_RAS,6d,digoxin,none,RASdig16_RAS16,,herranz_2_RASdig16_RAS16,"dicer 1, ribonuclease III",Inhibits,Stress-induced,26990999,downregulated
5186990,GSE101758,Limma,,IMR,,RAS,none,none,14.0,RAS_siC,RAS,5d,OIS,none,PRJNA395378,,ARG2,PTBP1,none,No,,-1.410378,-2509.587,5.0,Lung,,,14.0,No,0.000398472,,,3,R,RAS,OIS,No,Illumina_HiSeq_2500,Single,Human,50,georgilis_3,ER_RAS,5d,shPTBP1,none,RASsiPTB1_RAS,,georgilis_3_RASsiPTB1_RAS,arginase 2,Induces,Unclear,23832324,downregulated
9868770,GSE74324,Limma,,IMR,,RASshRELA,RELA,none,,RASshRELA,RAS,12d,OIS,none,PRJNA299683,10.00%,FANCD2,p53,none,No,,1.445862,4155.039,12.0,Lung,,,,No,0.0002406716,,,3,R,RAS,OIS,No,Illumina_HiSeq_2500,Single,Human,100,tasdemir,HRASG12V,12d,shp53,none,RASshp53_RASshRELA,,tasdemir_RASshp53_RASshRELA,FA complementation group D2,Induces,Stress-induced,21995812,upregulated
7873219,GSE62701,Limma,Illumina_HT12V4,WI38,,DDIS,none,none,,DDIS_EV,Etoposide,21d,DDIS,none,PRJNA264903,,ATG4D,H2AJ,none,Yes,hTERT,10.52223,26.20324,21.0,Lung,,,,No,0.03816322,,,4,M,Etoposide,DDIS,No,,,Human,,olaso_1,Etoposide,21d,shH2AJ,none,DshH2_D,1,olaso_1_DshH2_D,autophagy related 4D cysteine peptidase,Inhibits,Unclear,30352807,upregulated
2542838,GSE134747,Limma,Illumina_HT12V4,BJ,,OIS,none,GR,,BRAF_122_Clob_122h,RAF,5d,OIS,none,PRJNA556258,,LEO1,RELA,none,Yes,hTERT,5029.42,166754410.0,1.0,Skin,,,,Yes,5.996843e-09,,1000ng_ml,3,M,RAF,OIS,No,,,human,,carvalho_1,BRAF_doxycycline,1d,compoundA,2uM_2h,O24CpdA2_O122Clob122,1,carvalho_1_O24CpdA2_O122Clob122,"LEO1 homolog, Paf1/RNA polymerase II complex component",Unclear,Replicative,15791002,upregulated
4246447,GSE101766,Limma,,IMR,,RAS,none,none,14.0,RAS_shC,RAS,6d,OIS,none,PRJNA395386,,ATF6,IFNA17,none,No,,1.155438,4008.233,6.0,Lung,,,14.0,No,0.0002494865,,,3,R,RAS,OIS,No,Illumina_HiSeq_2500,Single,Human,50,georgilis_1,ER_RAS,6d,IFNA17,none,IFNA17_RASc,,georgilis_1_IFNA17_RASc,activating transcription factor 6,Induces,Replicative,28803844,upregulated
9379909,GSE60652,Limma,Affymetrix_U133A,IMR,,OIS,none,none,,ER_RAS,RAS,6d,OIS,none,PRJNA259203,,SOD2,pRb,none,No,,-10.65,-1.033409,6.0,Lung,,,,No,0.9676715,,,2,M,RAS,OIS,No,,,Human,,takebayashi,ER_RAS,6d,sipRb,none,RshRb_R,1,takebayashi_RshRb_R,superoxide dismutase 2,Induces,Unclear,12592389,no_change
9755028,GSE74324,Limma,,IMR,,RASshp53,p53,none,,RASshp53,RAS,12d,OIS,none,PRJNA299683,10.00%,BTG3,BRD4,none,No,,-0.7881337,-60247129.0,12.0,Lung,,,,No,1.65983e-08,,,3,R,RAS,OIS,No,Illumina_HiSeq_2500,Single,Human,100,tasdemir,HRASG12V,12d,shBRD4,none,RASshBRD4_RASshp53,,tasdemir_RASshBRD4_RASshp53,BTG anti-proliferation factor 3,Inhibits,Oncogene-induced,22020331,no_change
9699885,GSE74324,Limma,,IMR,,RAS,none,none,,RASshC,RAS,12d,OIS,none,PRJNA299683,10.00%,PRKAA2,BRD4,none,No,,1.666536,1.020095e+16,12.0,Lung,,,,No,9.803008000000001e-17,,,3,R,RAS,OIS,No,Illumina_HiSeq_2500,Single,Human,100,tasdemir,HRASG12V,12d,shBRD4,none,RASshBRD4_RAS,,tasdemir_RASshBRD4_RAS,protein kinase AMP-activated catalytic subunit alpha 2,Inhibits,Stress-induced,26890602,upregulated
4487447,GSE101766,Limma,,IMR,,RAS,none,none,14.0,RAS_shC,RAS,6d,OIS,none,PRJNA395386,,NEK4,SKP1A,none,No,,0.0,0.0,6.0,Lung,,,14.0,No,1.0,,,3,R,RAS,OIS,No,Illumina_HiSeq_2500,Single,Human,50,georgilis_1,ER_RAS,6d,SKP1A,none,SKP1A_RASc,,georgilis_1_SKP1A_RASc,NIMA related kinase 4,Induces,Replicative,22851694,no_change
9780396,GSE74324,Limma,,IMR,,RASshp53,p53,none,,RASshp53,RAS,12d,OIS,none,PRJNA299683,10.00%,CDKN2A,p16_p21,none,No,,-1.164351,-623107700000000.0,12.0,Lung,,,,No,1.604859e-15,,,3,R,RAS,OIS,No,Illumina_HiSeq_2500,Single,Human,100,tasdemir,HRASG12V,12d,shp16p21,none,RASshp16p21_RASshp53,,tasdemir_RASshp16p21_RASshp53,cyclin dependent kinase inhibitor 2A,Induces,Replicative,9607312,downregulated
12033741,GSE214409,Limma,,IMR,,OIS,none,none,,OIS_ctrlVector,RAS,7d,OIS,,PRJNA885153,10%,ZNF217,none,WSTF,No,,-1.17897503995806,-64156.5434233108,7.0,Lung,3%,,,No,1.55868746450679e-05,,,3,R,RAS,OIS,No,Illumina_HiSeq_2500,Single,Human,51,Dou,RAS_WSTFOE,7d,WSTF,none,OW_O,,Dou_OW_O,zinc finger protein 217,Inhibits,Replicative,11245413,downregulated
16531010,GSE190998,Limma,,WI38,5%,Prolif,none,none,,Prolif_siCtrl,Etoposide,8d,DDIS,none,PRJNA789266,10%,CDCA2,BDNF,none,No,,-0.658402116997631,-4736.62855783869,8.0,Lung,,0.50%,,No,0.0002111206289007,,50uM,3,R,Etoposide,DDIS,No,Illumina_NovaSeq6000,Paired,Human,204,Anerillas_2,Etoposide,8d,siBDNF,none,DB_P,,Anerillas_2_DB_P,cell division cycle associated 2,Inhibits,Stress-induced,24905922,no_change
182449,GSE103938,Limma,,IMR,,RAS_Rap10nM,mTOR,none,12.0,Ras_Rap10nM,RAS,10d,OIS,none,PRJNA407729,,SERPINB2,mTOR,none,No,,-6.92266883830294,-1292102312.0152,10.0,Lung,,,12.0,No,7.73932521210626e-10,,,3,R,OSKM,OSKM,No,Illumina_HiSeq_2500,Single,Human,50,aarts_1,OSKM,10d,rapamycin,10nM,OSKM10nMRap_R10nMRap,,aarts_1_OSKM10nMRap_R10nMRap,serpin family B member 2,Induces,Unclear,28794016,downregulated
4092775,GSE101766,Limma,,IMR,,RAS,none,none,14.0,RAS_shC,RAS,6d,OIS,none,PRJNA395386,,PSMB5,ALOX5,none,No,,-0.3363199,-4428.393,6.0,Lung,,,14.0,No,0.0002258155,,,3,R,RAS,OIS,No,Illumina_HiSeq_2500,Single,Human,50,georgilis_1,ER_RAS,6d,ALOX5,none,ALOX5_RASc,,georgilis_1_ALOX5_RASc,proteasome 20S subunit beta 5,Inhibits,Replicative,24393841,no_change
3668320,GSE2487,Limma,Affymetrix_U133A,IMR,,OIS,none,none,,MEK_ER,MEK,3d,OIS,none,PRJNA91885,,HIRA,none,SmallT,Yes,hTERT,-78.5,-10.34974,3.0,Lung,,,,Yes,0.09662076,,,2,M,MEK,OIS,No,,,Human,,collado_1,MEK_ER,3d,SmallT,none,Rst_R,1,collado_1_Rst_R,histone cell cycle regulator,Induces,Oncogene-induced,15621527,no_change
5871857,GSE122079,Limma,,IMR,,RAS_digoxin,IONpump,none,14.0,RAS16h_dig,RAS,7d,OIS,none,PRJNA503415,10.00%,ID1,IONpump,none,No,,-1.790237,-14187.29,7.0,Lung,,,14.0,No,7.048565e-05,,,3,R,RAS,OIS,No,Illumina_HiSeq_2500,Single,Human,50,herranz_2,ER_RAS,7d,digoxin_caspase_inhibitor,none,RASdig36CI_RASdig16,,herranz_2_RASdig36CI_RASdig16,"inhibitor of DNA binding 1, HLH protein",Inhibits,Replicative,12177246,downregulated
5820953,GSE122079,Limma,,IMR,,RAS_ouabain,IONpump,none,14.0,RAS36h_ouab,RAS,7d,OIS,none,PRJNA503415,10.00%,EWSR1,IONpump,none,No,,-0.03159143,-1.2412,7.0,Lung,,,14.0,No,0.805672,,,3,R,RAS,OIS,No,Illumina_HiSeq_2500,Single,Human,50,herranz_2,ER_RAS,7d,digoxin,none,RASdig36_RASouab36,,herranz_2_RASdig36_RASouab36,EWS RNA binding protein 1,Induces,Unclear,21030557,no_change
3721951,GSE2487,Limma,Affymetrix_U133A,IMR,,OIS,none,SmallT,,MEK_ER_SmallT,MEK,3d,OIS,none,PRJNA91885,,RHOA,none,SmallT_E6_E7,Yes,hTERT,-1683.95,-820.2211,,Lung,,,,No,0.001219183,,,2,M,,,No,,,Human,,collado_1,,,SmallT_E6_E7,none,RstE67_Rst,1,collado_1_RstE67_Rst,ras homolog family member A,Inhibits,Oncogene-induced,19147561,downregulated
7031121,GSE75643,Limma,,Tig3,,BRAF,none,none,,BRAF10d,RAF,10d,OIS,none,PRJNA302675,9.00%,ANAPC1,none,SV40smallT,Yes,hTERT,1.419077,1094.811,10.0,Lung,,,,No,0.0009133999,,,3,R,RAF,OIS,No,Illumina_HiSeq_2000,Single,Human,51,lenain,BRAFE600,10d,SV40smallT,none,BRAF10SV40_10,,lenain_BRAF10SV40_10,anaphase promoting complex subunit 1,Inhibits,Unclear,25255445,upregulated
17837912,GSE196610,Limma,,IMR,5%,DDIS,none,Parkin,,IR_ParkinYFP,IR,10d,DDIS,none,PRJNA806156,10.00%,MAP2K1,none,Parkin_mtDNA,No,,0.798391723184863,119207.34068835,10.0,Lung,3%,,,No,8.38874514124388e-06,,20Gy,3,R,IR,DDIS,No,Illumina_NovaSeq6000,Paired,Human,202,Victorelli,IR,10d,CCCP_mtDNA,12uM_15ug,DPCM_DP,,Victorelli_DPCM_DP,mitogen-activated protein kinase kinase 1,Induces,Unclear,14701721,no_change
177345,GSE103938,Limma,,IMR,,RAS_Rap10nM,mTOR,none,12.0,Ras_Rap10nM,RAS,10d,OIS,none,PRJNA407729,,GNG11,mTOR,none,No,,-3.08425776179444,-43620.2653113672,10.0,Lung,,,12.0,No,2.29251242022915e-05,,,3,R,OSKM,OSKM,No,Illumina_HiSeq_2500,Single,Human,50,aarts_1,OSKM,10d,rapamycin,10nM,OSKM10nMRap_R10nMRap,,aarts_1_OSKM10nMRap_R10nMRap,G protein subunit gamma 11,Induces,Stress-induced,17092487,downregulated
79020,GSE103938,Limma,,IMR,,RAS,none,none,12.0,RAS10d,RAS,10d,OIS,none,PRJNA407729,,IGFBP3,mTOR,none,No,,1.3963856832966,17074.5604788605,10.0,Lung,,,12.0,No,5.8566661275883e-05,,,3,R,RAS,OIS,No,Illumina_HiSeq_2500,Single,Human,50,aarts_1,RAS,10d,rapamycin,1nM,R1nMRap_R,,aarts_1_R1nMRap_R,insulin like growth factor binding protein 3,Induces,Stress-induced,18329388,upregulated
4259109,GSE101766,Limma,,IMR,,RAS,none,none,14.0,RAS_shC,RAS,6d,OIS,none,PRJNA395386,,BMI1,IL15,none,No,,1.233439,770114.0,6.0,Lung,,,14.0,No,1.298509e-06,,,3,R,RAS,OIS,No,Illumina_HiSeq_2500,Single,Human,50,georgilis_1,ER_RAS,6d,IL15,none,IL15_RASc,,georgilis_1_IL15_RASc,"BMI1 proto-oncogene, polycomb ring finger",Inhibits,Replicative,12482990,upregulated
5864086,GSE122079,Limma,,IMR,,RAS_digoxin,IONpump,none,14.0,RAS16h_dig,RAS,7d,OIS,none,PRJNA503415,10.00%,SIAH1,IONpump,none,No,,1.014026,63878201.0,7.0,Lung,,,14.0,No,1.565479e-08,,,3,R,RAS,OIS,No,Illumina_HiSeq_2500,Single,Human,50,herranz_2,ER_RAS,7d,digoxin,none,RASdig36_RASdig16,,herranz_2_RASdig36_RASdig16,siah E3 ubiquitin protein ligase 1,Induces,Replicative,21057505,upregulated
10250757,GSE132369,Limma,,IMR,5.00%,IR_Parkin,none,Parkin,,IR_Parkin,IR,10d,DDIS,Parkin,PRJNA547764,10.00%,CDKN1A,mitochondrial,Parkin,No,,1.498406,772937500000000.0,10.0,Lung,3.00%,Yes,,No,1.293766e-15,,20Gy,3,R,IR,DDIS,No,NextSeq_500,Paired,Human,71,vizioli,Xrays,10d,CCCP,48h12.5uMCCCP2daIR,ICP_IP,,vizioli_ICP_IP,cyclin dependent kinase inhibitor 1A,Induces,Replicative,9242615,upregulated
5877175,GSE122079,Limma,,IMR,,RAS_digoxin,IONpump,none,14.0,RAS16h_dig,RAS,7d,OIS,none,PRJNA503415,10.00%,STAT5B,IONpump,none,No,,1.143872,755.6073,7.0,Lung,,,14.0,No,0.001323439,,,3,R,RAS,OIS,No,Illumina_HiSeq_2500,Single,Human,50,herranz_2,ER_RAS,7d,digoxin_caspase_inhibitor,none,RASdig36CI_RASdig16,,herranz_2_RASdig36CI_RASdig16,signal transducer and activator of transcription 5B,Induces,Unclear,20536843,upregulated
8365149,GSE24810,Limma,Affymetrix_U133A,HMF3A,5%,OISp53g,p53,none,,Active_SV40LT_p53g,SV40,7d,OIS,none,PRJNA132307,0.25%,STAT1,p53,none,Yes,hTERT_SV40_LT,0.4076314,297.1314,7.0,Skin,20%,Yes,,No,0.003365514,,,3,M,SV40,OIS,No,,,Human,,parmjit_1,SV40_LT,7d,shp53,none,SSVp53sh_SSVp53g,1,parmjit_1_SSVp53sh_SSVp53g,signal transducer and activator of transcription 1,Induces,Unclear,22217266,no_change
11601444,GSE178115,Limma,Agilent,HDF,,REP,ROCK_ATM,none,,REP_3d,REP,3d,REP,none,PRJNA737497,10%,CDK18,none,none,No,,-3.0,-2.977935,3.0,Skin,,,,Yes,0.3358032,,,3,M,REP,REP,No,,,Human,,Yang,REP,3d,Y27632_KU60019,2.5uM_0.5uM,R3dCOMBOi_R3d,1,Yang_R3dCOMBOi_R3d,cyclin dependent kinase 18,Induces,Unclear,26583757,no_change
3955728,GSE99028,Limma,,IMR,,Etop,none,none,32.0,Etoposide,Etoposide,7d,DDIS,none,PRJNA387040,10.00%,PARK7,cGAS,none,No,,0.3746828,2.32049,7.0,Lung,,Yes,32.0,No,0.4309435,,50uM_48h,2,R,Etoposide,DDIS,No,NextSeq_500,Single,Human,48,dou,Etoposide,7d,cGASsh,none,EtopGASsh_Etop,,dou_EtopGASsh_Etop,Parkinsonism associated deglycase,Inhibits,Unclear,28600848,no_change
5560975,GSE61130,Limma,,IMR,,RAS,none,none,15.0,RAS_EV,RAS,7d,OIS,none,PRJNA260300,,ERRFI1,none,ZFP36L1,No,,-1.164878,-186867098.0,7.0,Lung,,,15.0,No,5.351397e-09,,,3,R,RAS,OIS,No,Illumina_HiSeq_2500,Paired,Human,200,herranz_1,ER_RAS,7d,ZFP36L1mut,none,RASZmut_RAS,,herranz_1_RASZmut_RAS,ERBB receptor feedback inhibitor 1,Induces,Unclear,24815188,downregulated
10431808,GSE133292,Limma,,BJ,,Bleomycin,none,none,,Bleomycin12d,Bleomycin,12d,DDIS,none,PRJNA551006,10.00%,SLC5A2,p53,none,No,,0.0,0.0,28.0,Skin,,,,No,1.0,,40ugml_2hr,2,R,Bleomycin,DDIS,No,Illumina_HiSeq_2500,Paired,Human,250,wang_2,Bleomycin,28d,sgp53,none,Bshp53_B12d,,wang_2_Bshp53_B12d,solute carrier family 5 member 2,Induces,Stress-induced,24996978,no_change
534619,GSE40349,Limma,Affymetrix_U133A,IMR,,RAS,pRb,none,,RASshRB,RAS,7d,OIS,none,PRJNA173792,10%,CTNNB1,E2F7,none,No,,-1.079533,-675.1283,7.0,Lung,,,,No,0.0014812,,,2,M,RAS,OIS,No,,,Human,,aksoy_1,ER:RasV12,7d,ShE2F7,none,SshE2F7_SshRB,1,aksoy_1_SshE2F7_SshRB,catenin beta 1,Induces,Unclear,24130040,downregulated
3788741,GSE76125,Limma,,MRC,5.00%,IR,none,none,,I10,IR,10d,DDIS,Parkin,PRJNA306369,10.00%,BLVRA,mitochondrial,Parkin,No,,1.241127,7980105.0,10.0,Lung,,Yes,,No,1.253116e-07,,20Gy,3,R,IR,DDIS,No,NextSeq_500,Paired,Human,70,correia_melo,X_rays,10d,CCCP,12.5uM_4d,I10CCCP_I10,,correia_melo_I10CCCP_I10,biliverdin reductase A,Inhibits,Stress-induced,21099244,upregulated
104943710,GSE212085,Limma,,IMR,5%,DDIS,none,none,,Doxorubicin_150nM,Doxorubicin,10d,DDIS,none,PRJNA873928,10%,PINK1,none,none,No,,0.144343442559591,47.7297042112387,10.0,Lung,,,,No,0.020951313579784,,150nM,3,R,Doxorubicin,DDIS,No,NextSeq_2000,Paired,Human,116,Marin,Doxorubicin,10d,MDL72527,50uM,DM_D,,Marin_DM_D,PTEN induced kinase 1,Inhibits,Stress-induced,29890141,no_change
11556449,GSE178115,Limma,Agilent,HDF,,REP,ROCK,none,,REP_3d,REP,3d,REP,none,PRJNA737497,10%,ADCK5,none,none,No,,-65.5,-22.58006,3.0,Skin,,,,Yes,0.04428687,,,3,M,REP,REP,No,,,Human,,Yang,REP,3d,Y27632,2.5uM,R3dROCKi_R3d,1,Yang_R3dROCKi_R3d,aarF domain containing kinase 5,Induces,Unclear,26583757,downregulated
5174421,GSE101758,Limma,,IMR,,RAS,none,none,14.0,RAS_siC,RAS,5d,OIS,none,PRJNA395378,,ANAPC1,EXOC7,none,No,,0.03080919,1.193142,5.0,Lung,,,14.0,No,0.8381233,,,3,R,RAS,OIS,No,Illumina_HiSeq_2500,Single,Human,50,georgilis_3,ER_RAS,5d,shEXOC7,none,RASsiEXOC7_RAS,,georgilis_3_RASsiEXOC7_RAS,anaphase promoting complex subunit 1,Inhibits,Unclear,25255445,no_change
11672746,GSE178115,Limma,Agilent,HDF,,REP,ROCK_ATM,none,,REP_8d,REP,8d,REP,none,PRJNA737497,10%,MCAM,none,none,No,,116.8333,12444.73,8.0,Skin,,,,No,8.035527e-05,,,3,M,REP,REP,No,,,Human,,Yang,REP,8d,Y27632_KU60019,2.5uM_0.5uM,R8dCOMBOi_R8d,1,Yang_R8dCOMBOi_R8d,melanoma cell adhesion molecule,Inhibits,Replicative,26941359,upregulated
11465597,GSE145650,Limma,,IMR,5.00%,OIS,none,none,,ER_RAS_G12V,RAS,6d,OIS,none,PRJNA607798,10.00%,LMNA,COX2,none,No,,1.023243,2896965000000.0,6.0,Lung,5.00%,,,No,3.451889e-13,,6d_100nM4OHT,8,R,RAS,OIS,No,Illumina_HiSeq_4000,Paired,Human,,hoare_3,ER_RAS_G12V,6d,Celecoxib,6d_40uM,OC_O,,hoare_3_OC_O,lamin A/C,Unclear,Unclear,28483909,upregulated
8999394,GSE105591,Limma,,IMR,,REP,none,none,77.0,REP_shC,REP,,REP,none,PRJNA415490,10.00%,AR,p300,none,No,,0.0,0.0,,Lung,3.00%,1.00%,77.0,No,1.0,,,2,R,REP,REP,No,NextSeq_500,Single,Human,47,sen,REP,,shp300,none,REPshp300_REPshCON,,sen_REPshp300_REPshCON,androgen receptor,Induces,Unclear,24244503,no_change
15963013,GSE196610,Limma,,IMR,5%,DDIS,none,Parkin,,IR_ParkinYFP,IR,10d,DDIS,none,PRJNA806156,10.00%,VCAN,none,Parkin,No,,0.237393980368388,4.90108216392056,10.0,Lung,3%,,,No,0.204036571221255,,20Gy,3,R,IR,DDIS,No,Illumina_NovaSeq6000,Paired,Human,202,Victorelli,IR,10d,CCCP,12uM,DPC_DP,,Victorelli_DPC_DP,versican,Induces,Stress-induced,30622695,no_change
5866148,GSE122079,Limma,,IMR,,RAS_digoxin,IONpump,none,14.0,RAS16h_dig,RAS,7d,OIS,none,PRJNA503415,10.00%,USP28,IONpump,none,No,,0.981632,326.5434,7.0,Lung,,,14.0,No,0.00306238,,,3,R,RAS,OIS,No,Illumina_HiSeq_2500,Single,Human,50,herranz_2,ER_RAS,7d,digoxin,none,RASdig36_RASdig16,,herranz_2_RASdig36_RASdig16,ubiquitin specific peptidase 28,Induces,Unclear,27371829,no_change
6752109,GSE53379,Limma,Illumin_HWG6V3,IMR,,DDISshp53,p53,none,,Quiesce2dEtopshp53,Etoposide,7d,DDIS,none,PRJNA231867,10.00%,MORF4L1,p53,E1A,No,,-0.06875861,-2.001171,,Lung,5.00%,Yes,,No,0.4997073,,,3,M,,,No,,,Human,,kirschner_1,,,shp53,none,Ishp53_QD48shp53,1,kirschner_1_Ishp53_QD48shp53,mortality factor 4 like 1,Inhibits,Stress-induced,31219803,no_change
5186494,GSE101758,Limma,,IMR,,RAS,none,none,14.0,RAS_siC,RAS,5d,OIS,none,PRJNA395378,,ACLY,PTBP1,none,No,,0.0486332,1.572412,5.0,Lung,,,14.0,No,0.6359658,,,3,R,RAS,OIS,No,Illumina_HiSeq_2500,Single,Human,50,georgilis_3,ER_RAS,5d,shPTBP1,none,RASsiPTB1_RAS,,georgilis_3_RASsiPTB1_RAS,ATP citrate lyase,Inhibits,Unclear,25367309,no_change
11566595,GSE178115,Limma,Agilent,HDF,,REP,ROCK,none,,REP_3d,REP,3d,REP,none,PRJNA737497,10%,MAF,none,none,No,,109.3333,651.0588,3.0,Skin,,,,Yes,0.00153596,,,3,M,REP,REP,No,,,Human,,Yang,REP,3d,Y27632,2.5uM,R3dROCKi_R3d,1,Yang_R3dROCKi_R3d,MAF bZIP transcription factor,Inhibits,Stress-induced,26496036,upregulated
546408,GSE40349,Limma,Affymetrix_U133A,IMR,,RAS,pRb,none,,RASshRB,RAS,7d,OIS,none,PRJNA173792,10%,CDKN2A,pRb_E2F7,none,No,,1.306941,6859.691,7.0,Lung,,,,No,0.0001457792,,,2,M,RAS,OIS,No,,,Human,,aksoy_1,ER:RasV12,7d,shpRb_shE2F7,none,SshRBE2F7_SshRB,1,aksoy_1_SshRBE2F7_SshRB,cyclin dependent kinase inhibitor 2A,Induces,Replicative,9607312,upregulated
17036810,GSE190998,Limma,,WI38,5%,Prolif,none,none,,Prolif_siCtrl,Etoposide,8d,DDIS,none,PRJNA789266,10%,FOXQ1,BDNF,none,No,,1.25439119687523,47724.6581591181,8.0,Lung,,0.50%,,No,2.09535288166112e-05,,50uM,3,R,Etoposide,DDIS,No,Illumina_NovaSeq6000,Paired,Human,204,Anerillas_2,Etoposide,8d,siBDNF,none,DB_P,,Anerillas_2_DB_P,forkhead box Q1,Inhibits,Unclear,29500491,upregulated
8129731,GSE24810,Limma,Affymetrix_U133A,HMF3A,5%,OIS,none,none,,Inactive_SV40LT_EV,SV40,7d,OIS,none,PRJNA132307,0.25%,SOD2,p21,none,Yes,hTERT_SV40_LT,-0.6197506,-97.87002,7.0,Skin,20%,Yes,,No,0.01021763,,,3,M,SV40,OIS,No,,,Human,,parmjit_1,SV40_LT,7d,shp21,none,SSVp21sh_SSVev,1,parmjit_1_SSVp21sh_SSVev,superoxide dismutase 2,Induces,Unclear,12592389,no_change
5860878,GSE122079,Limma,,IMR,,RAS_digoxin,IONpump,none,14.0,RAS16h_dig,RAS,7d,OIS,none,PRJNA503415,10.00%,MOB3A,IONpump,none,No,,1.740718,84806914.0,7.0,Lung,,,14.0,No,1.179149e-08,,,3,R,RAS,OIS,No,Illumina_HiSeq_2500,Single,Human,50,herranz_2,ER_RAS,7d,digoxin,none,RASdig36_RASdig16,,herranz_2_RASdig36_RASdig16,MOB kinase activator 3A,Induces,Unclear,26583757,upregulated
543058,GSE40349,Limma,Affymetrix_U133A,IMR,,RAS,pRb,none,,RASshRB,RAS,7d,OIS,none,PRJNA173792,10%,TOP1,E2F7,none,No,,1.285901,592.1451,7.0,Lung,,,,No,0.001688775,,,2,M,RAS,OIS,No,,,Human,,aksoy_1,ER:RasV12,7d,ShE2F7,none,SshE2F7_SshRB,1,aksoy_1_SshE2F7_SshRB,DNA topoisomerase I,Induces,Oncogene-induced,19435923,upregulated
199570,GSE103938,Limma,,IMR,,RAS,none,none,12.0,RAS10d,RAS,10d,OIS,none,PRJNA407729,,CBX7,mTOR,none,No,,1.18323207777737,55.7892202828897,10.0,Lung,,,12.0,No,0.0179246097172413,,,3,R,OSKM,OSKM,No,Illumina_HiSeq_2500,Single,Human,50,aarts_1,OSKM,10d,rapamycin,10nM,OSKM10nMRap_R,,aarts_1_OSKM10nMRap_R,chromobox 7,Inhibits,Replicative,14647293,upregulated
16141991,GSE222676,Limma,,IMR,,DDIS,none,none,,Bleomycin_10ugml_24hr,Bleomycin,7d,DDIS,none,PRJNA923006,15%,AAK1,ABCA1,none,Yes,hTERT,0.215031730476143,2.91341727293368,7.0,Lung,3%,,,No,0.343239538424595,,10ugml_24hr,2,R,Bleomycin,DDIS,No,NovaSeq_6000,Paired,Human,202,Roh,Bleomycin_ABCA1KO,7d,ABCA1_CRISPR,none,DKO_D,Na,Roh_DKO_D,AP2 associated kinase 1,Induces,Unclear,26583757,no_change
2637938,GSE134747,Limma,Illumina_HT12V4,BJ,,OIS,none,none,,BRAF_24h_DMSO_2h,RAF,1d,OIS,none,PRJNA556258,,CALR,RELA,none,Yes,hTERT,-0.5632288,-1.101606,1.0,Skin,,,,Yes,0.9077655,,1000ng_ml,3,M,RAF,OIS,No,,,human,,carvalho_1,BRAF_doxycycline,1d,compoundA,2uM_2h,O24CpdA2_O24DMSO2,1,carvalho_1_O24CpdA2_O24DMSO2,calreticulin,Inhibits,Unclear,25378661,no_change
11367529,GSE200479,Limma,,BJ,5%,OIS,none,none,,AKT1,AKT1,14d,OIS,none,PRJNA824798,15%,NEK2,CBS,none,Yes,hTERT,-1.041436,-209.14,14.0,Skin,,,,No,0.004781486,,,3,R,AKT,OIS,No,Illumina_NextSeq_500,Single,Human,75,Zhu,myristoylated_AKT1,14d,shCBA,none,OshCBS_O,,Zhu_OshCBS_O,NIMA related kinase 2,Inhibits,Unclear,32264951,downregulated
4510348,GSE101766,Limma,,IMR,,RAS,none,none,14.0,RAS_shC,RAS,6d,OIS,none,PRJNA395386,,IGFBP7,UBE2V2,none,No,,-1.11235,-331.4827,6.0,Lung,,,14.0,No,0.003016749,,,3,R,RAS,OIS,No,Illumina_HiSeq_2500,Single,Human,50,georgilis_1,ER_RAS,6d,UBE2V2,none,UBE2V2_RASc,,georgilis_1_UBE2V2_RASc,insulin like growth factor binding protein 7,Induces,Oncogene-induced,18267069,downregulated
11052259,E-MTAB-9714,Limma,,WI38,5.00%,DDIS,none,none,,DDIS_shNT,Etoposide,9d,DDIS,none,ERP124778,10.00%,NIPA2,H2AJ,none,Yes,hTERT,-0.006194773,-1.064096,9.0,Lung,5.00%,,,No,0.9397645,,48hr_100uM,6,R,Etoposide,DDIS,No,NextSeq_500,Paired,Human,43,mangelinck_1,Etoposide,9d,shH2AJ,pred3d_9d1ugml,DKD_D,,mangelinck_1_DKD_D,NIPA magnesium transporter 2,Inhibits,Unclear,32264951,no_change
6750813,GSE53379,Limma,Illumin_HWG6V3,IMR,,DDISshp53,p53,none,,Quiesce2dEtopshp53,Etoposide,7d,DDIS,none,PRJNA231867,10.00%,ILF3,p53,E1A,No,,1.014534,1151414.0,,Lung,5.00%,Yes,,No,8.684977e-07,,,3,M,,,No,,,Human,,kirschner_1,,,shp53,none,Ishp53_QD48shp53,1,kirschner_1_Ishp53_QD48shp53,interleukin enhancer binding factor 3,Inhibits,Unclear,23117626,upregulated
19588713,GSE196610,Limma,,IMR,5%,DDIS,none,Parkin,,IR_ParkinYFP,IR,10d,DDIS,none,PRJNA806156,10.00%,SOCS1,none,Parkin_mtDNA,No,,-2.3040632077885,-140934.764655944,10.0,Lung,3%,,,No,7.09548139127518e-06,,20Gy,3,R,IR,DDIS,No,Illumina_NovaSeq6000,Paired,Human,202,Victorelli,IR,10d,CCCP_mtDNA,12uM_15ug,DPCM_DP,,Victorelli_DPCM_DP,suppressor of cytokine signaling 1,Induces,Replicative,20005840,downregulated
46839321,GSE224071,Limma,,IMR,5%,OIS,none,none,,RAS_100nM4OHT,RAS,10d,OIS,none,PRJNA929514,10%,PMVK,none,none,No,,1.03042058039969,86468.4474380442,10.0,Lung,,Yes,,No,1.15649121688754e-05,,100nM_4OHT_7days,3,R,RAS,OIS,No,NextSeq_2000,Single,Human,71,McHugh_2,RAS,10d,DDD86481,1.5uM,ODDD_O,,McHugh_2_ODDD_O,phosphomevalonate kinase,Induces,Unclear,26583757,upregulated
9757117,GSE74324,Limma,,IMR,,RASshp53,p53,none,,RASshp53,RAS,12d,OIS,none,PRJNA299683,10.00%,ERRFI1,BRD4,none,No,,-1.761487,-2.488008e+28,12.0,Lung,,,,No,4.019279e-29,,,3,R,RAS,OIS,No,Illumina_HiSeq_2500,Single,Human,100,tasdemir,HRASG12V,12d,shBRD4,none,RASshBRD4_RASshp53,,tasdemir_RASshBRD4_RASshp53,ERBB receptor feedback inhibitor 1,Induces,Unclear,24815188,downregulated
3682766,GSE2487,Limma,Affymetrix_U133A,IMR,,OIS,none,none,,MEK_ER,MEK,3d,OIS,none,PRJNA91885,,NCAPH2,none,E6_E7,Yes,hTERT,98.05,677.7255,,Lung,,,,No,0.001475524,,,2,M,,,No,,,Human,,collado_1,,,E6_E7,none,RE67_R,1,collado_1_RE67_R,non-SMC condensin II complex subunit H2,Induces,Oncogene-induced,26017022,upregulated
3584315,GSE19864,Limma,Affymetrix_U133A,IMR,,RAS_shpRb,pRb,none,,RAS_shpRb,RAS,7d,OIS,none,PRJNA124029,10.0%,P3H1,p107,none,No,,1.058594,329153.9,7.0,Lung,,,,No,3.038093e-06,,,2,M,RAS,OIS,No,,,Human,,chicas_1,H-rasV12,7d,shp107,none,Rshp107_RshRB,1,chicas_1_Rshp107_RshRB,prolyl 3-hydroxylase 1,Inhibits,Replicative,26206181,upregulated
11622657,GSE178115,Limma,Agilent,HDF,,REP,ROCK,none,,REP_8d,REP,8d,REP,none,PRJNA737497,10%,CDKN2AIP,none,none,No,,-117.5,-97.89409,8.0,Skin,,,,No,0.01021512,,,3,M,REP,REP,No,,,Human,,Yang,REP,8d,Y27632,2.5uM,R8dROCKi_R8d,1,Yang_R8dROCKi_R8d,CDKN2A interacting protein,Induces,Replicative,19001376,downregulated
9878807,GSE74324,Limma,,IMR,,RASshp16p21,p16_p21,none,,RASshp16p21,RAS,12d,OIS,none,PRJNA299683,10.00%,BTG2,p53_pRb,none,No,,-2.064342,-1.350077e+22,12.0,Lung,,,,No,7.406982e-23,,,3,R,RAS,OIS,No,Illumina_HiSeq_2500,Single,Human,100,tasdemir,HRASG12V,12d,shp53pRb,none,RASshp53pRb_RASshp16p21,,tasdemir_RASshp53pRb_RASshp16p21,BTG anti-proliferation factor 2,Induces,Replicative,20569234,downregulated
3581750,GSE19864,Limma,Affymetrix_U133A,IMR,,RAS_shpRb,pRb,none,,RAS_shpRb,RAS,7d,OIS,none,PRJNA124029,10.0%,HMGB2,p107,none,No,,-1.740241,-659.0581,7.0,Lung,,,,No,0.001517317,,,2,M,RAS,OIS,No,,,Human,,chicas_1,H-rasV12,7d,shp107,none,Rshp107_RshRB,1,chicas_1_Rshp107_RshRB,high mobility group box 2,Inhibits,Oncogene-induced,27799366,downregulated
2635758,GSE134747,Limma,Illumina_HT12V4,BJ,,OIS,none,none,,BRAF_24h_DMSO_2h,RAF,1d,OIS,none,PRJNA556258,,WWP1,none,GR,Yes,hTERT,12.33179,45.27584,1.0,Skin,,,,Yes,0.02208683,,1000ng_ml,8,M,RAF,OIS,No,,,human,,carvalho_1,BRAF_doxycycline,1d,clobetasol,2nM_2h,O24Clob2_O24DMSO2,1,carvalho_1_O24Clob2_O24DMSO2,WW domain containing E3 ubiquitin protein ligase 1,Inhibits,Replicative,21795702,upregulated
4202239,GSE101766,Limma,,IMR,,RAS,none,none,14.0,RAS_shC,RAS,6d,OIS,none,PRJNA395386,,MORC3,EMR4,none,No,,1.247442,158113.6,6.0,Lung,,,14.0,No,6.324569e-06,,,3,R,RAS,OIS,No,Illumina_HiSeq_2500,Single,Human,50,georgilis_1,ER_RAS,6d,EMR4,none,EMR4_RASc,,georgilis_1_EMR4_RASc,MORC family CW-type zinc finger 3,Induces,Unclear,17332504,upregulated
3572625,GSE19864,Limma,Affymetrix_U133A,IMR,,RAS,none,none,,RAS,RAS,7d,OIS,none,PRJNA124029,10.0%,POT1,p130,none,No,,0.3753007,9.341982,7.0,Lung,,,,No,0.1070437,,,2,M,RAS,OIS,No,,,Human,,chicas_1,H-rasV12,7d,shp130,none,Rshp130_R,1,chicas_1_Rshp130_R,protection of telomeres 1,Inhibits,Replicative,15657433,no_change
202890,GSE103938,Limma,,IMR,,RAS,none,none,12.0,RAS10d,RAS,10d,OIS,none,PRJNA407729,,INPP4B,mTOR,none,No,,-1.41456296760547,-38.5711312865503,10.0,Lung,,,12.0,No,0.0259261257485776,,,3,R,OSKM,OSKM,No,Illumina_HiSeq_2500,Single,Human,50,aarts_1,OSKM,10d,rapamycin,10nM,OSKM10nMRap_R,,aarts_1_OSKM10nMRap_R,inositol polyphosphate-4-phosphatase type II B,Inhibits,Unclear,19647222,downregulated
1588073,GSE122918,Limma,Affymetrix_HTA2_0,WI38,,RAS,none,none,,R144_siCTRL,RAS,6d,OIS,none,PRJNA506911,,FLT1,RELA,none,No,,0.8375,5548912.0,6.0,Lung,,,,No,1.802155e-07,,,4,M,RAS,OIS,No,,,human,,bischof_2,ER:RASv12,6d,siRELA1,20uM,R144relA1_R144ctrl,1,bischof_2_R144relA1_R144ctrl,fms related receptor tyrosine kinase 1,Inhibits,Unclear,18583712,no_change
11307631,GSE124609,Limma,,WI38,,REP,none,none,,Prolif,REP,4d,REP,none,PRJNA512837,,MECP2,none,none,No,,1.469459,57.03389,4.0,Lung,,1.00%,,No,0.01753344,,,2,R,REP,REP,No,Illumina_HiSeq_2000,Single,Human,51,sabath,REP,4d,HeatShock,2hr_440C_onD4,RHS_R,,sabath_RHS_R,methyl-CpG binding protein 2,Inhibits,Replicative,20065105,upregulated
4078182,GSE101766,Limma,,IMR,,RAS,none,none,14.0,RAS_shC,RAS,6d,OIS,none,PRJNA395386,,MCM3AP,AKR1C1,none,No,,1.246831,83.34926,6.0,Lung,,,14.0,No,0.01199771,,,3,R,RAS,OIS,No,Illumina_HiSeq_2500,Single,Human,50,georgilis_1,ER_RAS,6d,AKR1C1,none,AKR1C1_RASc,,georgilis_1_AKR1C1_RASc,minichromosome maintenance complex component 3 associated protein,Inhibits,Unclear,19686285,upregulated
5737657,GSE122079,Limma,,IMR,,RAS,none,none,14.0,RAS_EV16h,RAS,6d,OIS,none,PRJNA503415,10.00%,NFE2L2,IONpump,none,No,,1.482038,50022290000000.0,6.0,Lung,,,14.0,No,1.999109e-14,,,3,R,RAS,OIS,No,Illumina_HiSeq_2500,Single,Human,50,herranz_2,ER_RAS,6d,digoxin,none,RASdig16_RAS16,,herranz_2_RASdig16_RAS16,"nuclear factor, erythroid 2 like 2",Inhibits,Unclear,20068043,upregulated
89528610,GSE212085,Limma,,IMR,5%,DDIS,none,none,,Doxorubicin_150nM,Doxorubicin,10d,DDIS,none,PRJNA873928,10%,FLT1,none,none,No,,-1.31919342477175,-150636.111102682,10.0,Lung,,,,No,6.63851444836054e-06,,150nM,3,R,Doxorubicin,DDIS,No,NextSeq_2000,Paired,Human,116,Marin,Doxorubicin,10d,MDL72527,50uM,DM_D,,Marin_DM_D,fms related receptor tyrosine kinase 1,Inhibits,Unclear,18583712,downregulated
11715162,GSE178115,Limma,Agilent,HDF,,REP,ATM,none,,REP_15d,REP,15d,REP,none,PRJNA737497,10%,MDH1,none,none,No,,-8567.167,-22.66943,15.0,Skin,,,,No,0.04411227,,,3,M,REP,REP,No,,,Human,,Yang,REP,15d,KU60019,0.5uM,R15dATMi_R15d,1,Yang_R15dATMi_R15d,malate dehydrogenase 1,Inhibits,Unclear,22971926,downregulated
6716328,GSE53379,Limma,Illumin_HWG6V3,IMR,,DDISshp53,p53,none,,Quiesce1dEtopshp53,Etoposide,7d,DDIS,none,PRJNA231867,10.00%,PI4KB,p53,E1A,No,,-0.1511708,-9.094222,,Lung,5.00%,Yes,,No,0.1099599,,,3,M,,,No,,,Human,,kirschner_1,,,shp53,none,Ishp53_QD24shp53,1,kirschner_1_Ishp53_QD24shp53,phosphatidylinositol 4-kinase beta,Induces,Oncogene-induced,29420297,no_change
8100386,GSE24810,Limma,Affymetrix_U133A,HMF3A,5%,OIS,none,none,,Inactive_SV40LT_EV,SV40,7d,OIS,none,PRJNA132307,0.25%,KIFC1,E2F,none,Yes,hTERT_SV40_LT,1.089109,1209164000000.0,7.0,Skin,20%,Yes,,No,8.270174e-13,,,3,M,SV40,OIS,No,,,Human,,parmjit_1,SV40_LT,7d,DB_DomNeg_E2F,none,SSVe2f_SSVev,1,parmjit_1_SSVe2f_SSVev,kinesin family member C1,Inhibits,Unclear,23318213,upregulated
5773469,GSE122079,Limma,,IMR,,RAS,none,none,14.0,RAS_EV16h,RAS,6d,OIS,none,PRJNA503415,10.00%,LATS2,IONpump,none,No,,1.897702,156671500000000.0,6.0,Lung,,,14.0,No,6.382782e-15,,,3,R,RAS,OIS,No,Illumina_HiSeq_2500,Single,Human,50,herranz_2,ER_RAS,6d,ouabain,none,RASouab16_RAS16,,herranz_2_RASouab16_RAS16,large tumor suppressor kinase 2,Induces,Replicative,30755404,upregulated
4460878,GSE101766,Limma,,IMR,,RAS,none,none,14.0,RAS_shC,RAS,6d,OIS,none,PRJNA395386,,IL6,RNF6,none,No,,0.0,0.0,6.0,Lung,,,14.0,No,1.0,,,3,R,RAS,OIS,No,Illumina_HiSeq_2500,Single,Human,50,georgilis_1,ER_RAS,6d,RNF6,none,RNF6_RASc,,georgilis_1_RNF6_RASc,interleukin 6,Induces,Oncogene-induced,18555778,no_change
11644067,GSE178115,Limma,Agilent,HDF,,REP,ATM,none,,REP_8d,REP,8d,REP,none,PRJNA737497,10%,CHD5,none,none,No,,-5.666667,-70.76191,8.0,Skin,,,,No,0.0141319,,,3,M,REP,REP,No,,,Human,,Yang,REP,8d,KU60019,0.5uM,R8dATMi_R8d,1,Yang_R8dATMi_R8d,chromodomain helicase DNA binding protein 5,Induces,Replicative,23168260,downregulated
4282047,GSE101766,Limma,,IMR,,RAS,none,none,14.0,RAS_shC,RAS,6d,OIS,none,PRJNA395386,,XPO1,IL17RE,none,No,,1.91844,78012.24,6.0,Lung,,,14.0,No,1.28185e-05,,,3,R,RAS,OIS,No,Illumina_HiSeq_2500,Single,Human,50,georgilis_1,ER_RAS,6d,IL17RE,none,IL17RE_RASc,,georgilis_1_IL17RE_RASc,exportin 1,Induces,Unclear,31305018,upregulated
1599750,GSE122918,Limma,Affymetrix_HTA2_0,WI38,,RAS,ETS1,none,,R144_siETS1,RAS,6d,OIS,none,PRJNA506911,,EEF1E1,JUN,none,No,,-0.675,-77811448.0,6.0,Lung,,,,No,1.285158e-08,,,4,M,RAS,OIS,No,,,human,,bischof_2,ER:RASv12,6d,siJUN1,20uM,R144jun1_R144ets11,1,bischof_2_R144jun1_R144ets11,eukaryotic translation elongation factor 1 epsilon 1,Induces,Unclear,25465621,no_change
5868682,GSE122079,Limma,,IMR,,RAS_digoxin,IONpump,none,14.0,RAS16h_dig,RAS,7d,OIS,none,PRJNA503415,10.00%,CBS,IONpump,none,No,,-1.043764,-2281.972,7.0,Lung,,,14.0,No,0.0004382174,,,3,R,RAS,OIS,No,Illumina_HiSeq_2500,Single,Human,50,herranz_2,ER_RAS,7d,digoxin_caspase_inhibitor,none,RASdig36CI_RASdig16,,herranz_2_RASdig36CI_RASdig16,cystathionine beta-synthase,Inhibits,Replicative,23117410,downregulated
9829905,GSE74324,Limma,,IMR,,RASshBRD4,BRD4,none,,RASshBRD4,RAS,12d,OIS,none,PRJNA299683,10.00%,CDKN1A,p53_pRb,none,No,,-1.29142,-2.145757e+27,12.0,Lung,,,,No,4.660361e-28,,,3,R,RAS,OIS,No,Illumina_HiSeq_2500,Single,Human,100,tasdemir,HRASG12V,12d,shp53pRb,none,RASshp53pRb_RASshBRD4,,tasdemir_RASshp53pRb_RASshBRD4,cyclin dependent kinase inhibitor 1A,Induces,Replicative,9242615,downregulated
8892488,GSE128711,Limma,,HFF,,Dox,none,none,,Dox,Dox,1d,DDIS,none,PRJNA528619,,KDM4C,p130,none,No,,-1.280457,-41.24537,1.0,Skin,,,,Yes,0.02424514,,350nM,2,R,Doxorubicin,DDIS,No,NextSeq_500,Single,Human,75,schade_1,Dox,1d,sgp130,none,Dp130_D,,schade_1_Dp130_D,lysine demethylase 4C,Inhibits,Oncogene-induced,29438700,downregulated
1572868,GSE122918,Limma,Affymetrix_HTA2_0,WI38,,RAS,none,none,,R144_siCTRL,RAS,6d,OIS,none,PRJNA506911,,ATP6V0A2,JUN,none,No,,0.025,1.457452,6.0,Lung,,,,No,0.686129,,,4,M,RAS,OIS,No,,,human,,bischof_2,ER:RASv12,6d,siJUN1,20uM,R144jun1_R144ctrl,1,bischof_2_R144jun1_R144ctrl,ATPase H+ transporting V0 subunit a2,Inhibits,Unclear,26611489,no_change
10280518,GSE140961,Limma,,Tig3,,Dox,none,none,,Dox10d,Dox,,DDIS,none,PRJNA591563,,NOX4,BRD4,none,No,,-1.363209,-27.49078,12.0,Lung,,Yes,,No,0.03637583,,250ng/ml10d,3,R,Doxorubicin,DDIS,No,Illumina_HiSeq_2500,Single,Human,75,wakita,Dox,12d,ARV825,10nM_2d,DA_D,,wakita_DA_D,NADPH oxidase 4,Induces,Oncogene-induced,20523116,downregulated
4154931,GSE101766,Limma,,IMR,,RAS,none,none,14.0,RAS_shC,RAS,6d,OIS,none,PRJNA395386,,RAD51C,CCL23,none,No,,-0.519103,-28.13423,6.0,Lung,,,14.0,No,0.0355439,,,3,R,RAS,OIS,No,Illumina_HiSeq_2500,Single,Human,50,georgilis_1,ER_RAS,6d,CCL23,none,CCL23_RASc,,georgilis_1_CCL23_RASc,RAD51 paralog C,Inhibits,Stress-induced,26820992,no_change
9804037,GSE74324,Limma,,IMR,,RASshBRD4,BRD4,none,,RASshBRD4,RAS,12d,OIS,none,PRJNA299683,10.00%,ARID3A,RELA,none,No,,1.024187,29773.96,12.0,Lung,,,,No,3.358639e-05,,,3,R,RAS,OIS,No,Illumina_HiSeq_2500,Single,Human,100,tasdemir,HRASG12V,12d,shRELA,none,RASshRELA_RASshBRD4,,tasdemir_RASshRELA_RASshBRD4,AT-rich interaction domain 3A,Inhibits,Oncogene-induced,11812999,upregulated
564810,GSE40349,Limma,Affymetrix_U133A,IMR,,RAS,E2F7,none,,RASshE2F7,RAS,7d,OIS,none,PRJNA173792,10%,PPM1D,pRb,none,No,,1.309433,142457.2,7.0,Lung,,,,No,7.019652e-06,,,2,M,RAS,OIS,No,,,Human,,aksoy_1,ER:RasV12,7d,shpRb,none,SshRB_SshE2F7,1,aksoy_1_SshRB_SshE2F7,"protein phosphatase, Mg2+/Mn2+ dependent 1D",Inhibits,Unclear,19544416,upregulated
5777728,GSE122079,Limma,,IMR,,RAS,none,none,14.0,RAS_EV16h,RAS,6d,OIS,none,PRJNA503415,10.00%,SMAD3,IONpump,none,No,,-1.488808,-55354.83,6.0,Lung,,,14.0,No,1.806527e-05,,,3,R,RAS,OIS,No,Illumina_HiSeq_2500,Single,Human,50,herranz_2,ER_RAS,6d,ouabain,none,RASouab16_RAS16,,herranz_2_RASouab16_RAS16,SMAD family member 3,Induces,Stress-induced,27892764,downregulated
1632309,GSE122918,Limma,Affymetrix_HTA2_0,WI38,,RAS,JUN,none,,R144_siJUN1,RAS,6d,OIS,none,PRJNA506911,,TOM1,RELA,none,No,,-0.275,-74861.64,6.0,Lung,,,,No,1.335798e-05,,,4,M,RAS,OIS,No,,,human,,bischof_2,ER:RASv12,6d,siRELA1,20uM,R144relA1_R144jun1,1,bischof_2_R144relA1_R144jun1,target of myb1 membrane trafficking protein,Induces,Unclear,15265694,no_change
10960740,GSE156648,Limma,,IMR,,OIS,none,none,,RAS,RAS,4d,OIS,none,PRJNA658579,10.00%,USP28,DOT1L,none,No,,1.258052,174.2681,4.0,Lung,2.00%,,,No,0.005738284,,,3,R,RAS,OIS,No,Illumina_NovaSeq6000,Paired,Human,150,leon,pBABEHRASG12V,4d,pLKO.1_shDOT1L,none,OKD_O,,leon_OKD_O,ubiquitin specific peptidase 28,Induces,Unclear,27371829,upregulated
12169412,GSE196610,Limma,,IMR,5%,DDIS,none,Parkin,,IR_ParkinYFP,IR,10d,DDIS,none,PRJNA806156,10.00%,AGT,none,Parkin,No,,-1.50631115643541,-1262034.08340404,10.0,Lung,3%,,,No,7.92371627002921e-07,,20Gy,3,R,IR,DDIS,No,Illumina_NovaSeq6000,Paired,Human,202,Victorelli,IR,10d,CCCP,12uM,DPC_DP,,Victorelli_DPC_DP,angiotensinogen,Induces,Stress-induced,16908765,downregulated
9792609,GSE74324,Limma,,IMR,,RASshp53,p53,none,,RASshp53,RAS,12d,OIS,none,PRJNA299683,10.00%,CCL2,p53_pRb,none,No,,1.038386,27813536422.0,12.0,Lung,,,,No,3.595372e-11,,,3,R,RAS,OIS,No,Illumina_HiSeq_2500,Single,Human,100,tasdemir,HRASG12V,12d,shp53pRb,none,RASshp53pRb_RASshp53,,tasdemir_RASshp53pRb_RASshp53,C-C motif chemokine ligand 2,Induces,Unclear,26573462,upregulated
6559253,GSE53379,Limma,Illumin_HWG6V3,IMR,,DDIS,none,none,,DDIS,Etoposide,7d,DDIS,none,PRJNA231867,10.00%,ULK3,p53,none,No,,-0.1063706,-2.416692,7.0,Lung,5.00%,Yes,,No,0.4137888,,100uM2d+5d,3,M,Etoposide,DDIS,No,,,Human,,kirschner_1,Etoposide,7d,shp53,none,Dshp53_D,1,kirschner_1_Dshp53_D,unc-51 like kinase 3,Induces,Unclear,19279323,no_change
5558273,GSE61130,Limma,,IMR,,RAS,none,none,15.0,RAS_EV,RAS,7d,OIS,none,PRJNA260300,,APEX1,none,ZFP36L1,No,,1.119867,240576151449.0,7.0,Lung,,,15.0,No,4.156688e-12,,,3,R,RAS,OIS,No,Illumina_HiSeq_2500,Paired,Human,200,herranz_1,ER_RAS,7d,ZFP36L1mut,none,RASZmut_RAS,,herranz_1_RASZmut_RAS,apurinic/apyrimidinic endodeoxyribonuclease 1,Inhibits,Replicative,29750271,upregulated
2637173,GSE134747,Limma,Illumina_HT12V4,BJ,,OIS,none,none,,BRAF_24h_DMSO_2h,RAF,1d,OIS,none,PRJNA556258,,ARID1B,RELA,none,Yes,hTERT,-231.5318,-69.50002,1.0,Skin,,,,Yes,0.01438849,,1000ng_ml,3,M,RAF,OIS,No,,,human,,carvalho_1,BRAF_doxycycline,1d,compoundA,2uM_2h,O24CpdA2_O24DMSO2,1,carvalho_1_O24CpdA2_O24DMSO2,AT-rich interaction domain 1B,Induces,Oncogene-induced,27737960,downregulated
3773736,E-MTAB-4920,Limma,,WI38,,Etoposide,none,none,,Etoposide,Etoposide,20d,DDIS,none,ERP016433,10.00%,TP53BP2,H2AJ,none,Yes,hTERT,1.256981,153.5626,20.0,Lung,,,,No,0.006512,,20uM,3,R,Etoposide,DDIS,No,Illumina_HiSeq_2000,Paired,Human,202,contrepois,Etoposide,20d,shH2AJ,none,Etopsh_Etop,,contrepois_Etopsh_Etop,tumor protein p53 binding protein 2,Induces,Oncogene-induced,23248303,upregulated
5736713,GSE122079,Limma,,IMR,,RAS,none,none,14.0,RAS_EV16h,RAS,6d,OIS,none,PRJNA503415,10.00%,MAP2K2,IONpump,none,No,,-0.004820811,-1.036119,6.0,Lung,,,14.0,No,0.9651402,,,3,R,RAS,OIS,No,Illumina_HiSeq_2500,Single,Human,50,herranz_2,ER_RAS,6d,digoxin,none,RASdig16_RAS16,,herranz_2_RASdig16_RAS16,mitogen-activated protein kinase kinase 2,Induces,Oncogene-induced,9765203,no_change
8072865,GSE24810,Limma,Affymetrix_U133A,HMF3A,5%,OIS,none,none,,Inactive_SV40LT_EV,SV40,7d,OIS,none,PRJNA132307,0.25%,CXCL1,none,E1A,Yes,hTERT_SV40_LT,-6.245253,-3.777226e+16,7.0,Skin,20%,Yes,,No,2.6474460000000003e-17,,,3,M,,,No,,,Human,,parmjit_1,,7d,Ad5_E1A_12S,none,ISVe1a_SSVev,1,parmjit_1_ISVe1a_SSVev,C-X-C motif chemokine ligand 1,Induces,Oncogene-induced,17060621,downregulated
10233535,GSE132369,Limma,,IMR,5.00%,IR,none,none,,IR,IR,10d,DDIS,none,PRJNA547764,10.00%,SIN3B,mitochondrial,none,No,,0.07594475,7.110234,10.0,Lung,3.00%,Yes,,No,0.1406423,,20Gy,3,R,IR,DDIS,No,NextSeq_500,Paired,Human,71,vizioli,Xrays,10d,CCCP,48h12.5uMCCCP2daIR,IC_I,,vizioli_IC_I,SIN3 transcription regulator family member B,Induces,Unclear,19654306,no_change
3698768,GSE2487,Limma,Affymetrix_U133A,IMR,,OIS,none,none,,MEK_ER,MEK,3d,OIS,none,PRJNA91885,,SUZ12,none,SmallT_E6_E7,Yes,hTERT,322.95,53.69189,,Lung,,,,No,0.01862479,,,2,M,,,No,,,Human,,collado_1,,,SmallT_E6_E7,none,RstE67_R,1,collado_1_RstE67_R,SUZ12 polycomb repressive complex 2 subunit,Inhibits,Replicative,23455154,upregulated
2645969,GSE134747,Limma,Illumina_HT12V4,BJ,,OIS,none,none,,BRAF_24h_DMSO_2h,RAF,1d,OIS,none,PRJNA556258,,SLC31A2,RELA,none,Yes,hTERT,2.360539,1.745833,1.0,Skin,,,,Yes,0.5727924,,1000ng_ml,3,M,RAF,OIS,No,,,human,,carvalho_1,BRAF_doxycycline,1d,compoundA,2uM_2h,O24CpdA2_O24DMSO2,1,carvalho_1_O24CpdA2_O24DMSO2,solute carrier family 31 member 2,Induces,Oncogene-induced,27737960,no_change
9881673,GSE74324,Limma,,IMR,,RASshp16p21,p16_p21,none,,RASshp16p21,RAS,12d,OIS,none,PRJNA299683,10.00%,GMNN,p53_pRb,none,No,,1.063909,1727503.0,12.0,Lung,,,,No,5.788701e-07,,,3,R,RAS,OIS,No,Illumina_HiSeq_2500,Single,Human,100,tasdemir,HRASG12V,12d,shp53pRb,none,RASshp53pRb_RASshp16p21,,tasdemir_RASshp53pRb_RASshp16p21,geminin DNA replication inhibitor,Inhibits,Replicative,23142824,upregulated
10105532,GSE75207,Limma,Affymetrix_HuGene1,IMR,,OIS,none,none,,RAS,RAS,7d,OIS,none,PRJNA302803,10.00%,KDM4C,ARID1B,none,No,,0.09364808,5.969858,7.0,Lung,,,,No,0.1675082,,,3,M,RAS,OIS,No,,,Human,,tordella_1,ER_RAS,7d,shARID1B,none,RshA1B_R,1,tordella_1_RshA1B_R,lysine demethylase 4C,Inhibits,Oncogene-induced,29438700,no_change
4265283,GSE101766,Limma,,IMR,,RAS,none,none,14.0,RAS_shC,RAS,6d,OIS,none,PRJNA395386,,PDCD10,IL15,none,No,,1.143857,260632175.0,6.0,Lung,,,14.0,No,3.836825e-09,,,3,R,RAS,OIS,No,Illumina_HiSeq_2500,Single,Human,50,georgilis_1,ER_RAS,6d,IL15,none,IL15_RASc,,georgilis_1_IL15_RASc,programmed cell death 10,Induces,Replicative,25655101,upregulated
9859137,GSE74324,Limma,,IMR,,RASshRELA,RELA,none,,RASshRELA,RAS,12d,OIS,none,PRJNA299683,10.00%,MSN,p53_pRb,none,No,,1.030169,3.035162e+30,12.0,Lung,,,,No,3.2947170000000003e-31,,,3,R,RAS,OIS,No,Illumina_HiSeq_2500,Single,Human,100,tasdemir,HRASG12V,12d,shp53pRb,none,RASshp53pRb_RASshRELA,,tasdemir_RASshp53pRb_RASshRELA,moesin,Inhibits,Unclear,20376899,upregulated
5372325,GSE127116,Limma,,IMR,,RAS_siLTR2,LTR2,none,,RASd8_siLTR2,RAS,8d,OIS,none,PRJNA524181,10.00%,AGO2,LTR10,none,No,,-1.326959,-32133.99,5.0,Lung,,,,No,3.11197e-05,,,3,R,RAS,OIS,No,IonXpress,Single,Human,110,hari,ER:RAS,5d,siLTR10,none,R5siLTR10_R5siLTR2,,hari_R5siLTR10_R5siLTR2,argonaute RISC catalytic component 2,Inhibits,Oncogene-induced,25175024,downregulated
6693575,GSE53379,Limma,Illumin_HWG6V3,IMR,,DDISshp53,p53,none,,Quiesce1dEtopshp53,Etoposide,7d,DDIS,none,PRJNA231867,10.00%,SLC31A2,p53,none,No,,1.034683,4329476504.0,7.0,Lung,5.00%,Yes,,No,2.309748e-10,,10dPuromycin,3,M,RAS,OIS,No,,,Human,,kirschner_1,H-RASG12V,7d,shp53,none,Rshp53_QD24shp53,1,kirschner_1_Rshp53_QD24shp53,solute carrier family 31 member 2,Induces,Oncogene-induced,27737960,upregulated
84614510,GSE155903,Limma,,IMR,,OIS,none,none,,ER:RAS_4OHT,RAS,6d,OIS,none,PRJNA656038,10%,CDCA2,none,none,No,,1.55873834122243,269118.145525335,6.0,Lung,,Na,,No,3.7158401119625e-06,,100nM,4,R,RAS,OIS,No,HiSeq_2500,Single,Human,50,Guerrero,ER:RAS,6d,3deazaadenosine,10uM,O3DA_O,Na,Guerrero_O3DA_O,cell division cycle associated 2,Inhibits,Stress-induced,24905922,upregulated
4550847,GSE101766,Limma,,IMR,,RAS,none,none,14.0,RAS_shC,RAS,6d,OIS,none,PRJNA395386,,PTPN1,p53,none,No,,-0.1796909,-1.638529,6.0,Lung,,,14.0,No,0.6103035,,,3,R,RAS,OIS,No,Illumina_HiSeq_2500,Single,Human,50,georgilis_1,ER_RAS,6d,p53,none,P53_RASc,,georgilis_1_P53_RASc,protein tyrosine phosphatase non-receptor type 1,Unclear,Oncogene-induced,25175024,no_change
9763156,GSE74324,Limma,,IMR,,RASshp53,p53,none,,RASshp53,RAS,12d,OIS,none,PRJNA299683,10.00%,SIAH1,BRD4,none,No,,-0.3710146,-9276.046,12.0,Lung,,,,No,0.0001078046,,,3,R,RAS,OIS,No,Illumina_HiSeq_2500,Single,Human,100,tasdemir,HRASG12V,12d,shBRD4,none,RASshBRD4_RASshp53,,tasdemir_RASshBRD4_RASshp53,siah E3 ubiquitin protein ligase 1,Induces,Replicative,21057505,no_change
565561,GSE40349,Limma,Affymetrix_U133A,IMR,,RAS,E2F7,none,,RASshE2F7,RAS,7d,OIS,none,PRJNA173792,10%,RHOA,pRb,none,No,,0.2345138,3.581654,7.0,Lung,,,,No,0.2792006,,,2,M,RAS,OIS,No,,,Human,,aksoy_1,ER:RasV12,7d,shpRb,none,SshRB_SshE2F7,1,aksoy_1_SshRB_SshE2F7,ras homolog family member A,Inhibits,Oncogene-induced,19147561,no_change
9832684,GSE74324,Limma,,IMR,,RASshBRD4,BRD4,none,,RASshBRD4,RAS,12d,OIS,none,PRJNA299683,10.00%,HOPX,p53_pRb,none,No,,-1.450464,-6351.671,12.0,Lung,,,,No,0.0001574389,,,3,R,RAS,OIS,No,Illumina_HiSeq_2500,Single,Human,100,tasdemir,HRASG12V,12d,shp53pRb,none,RASshp53pRb_RASshBRD4,,tasdemir_RASshp53pRb_RASshBRD4,HOP homeobox,Induces,Oncogene-induced,25345926,downregulated
6720502,GSE53379,Limma,Illumin_HWG6V3,IMR,,DDISshp53,p53,none,,Quiesce1dEtopshp53,Etoposide,7d,DDIS,none,PRJNA231867,10.00%,XAF1,p53,E1A,No,,-1.329667,-146907466379.0,,Lung,5.00%,Yes,,No,6.807006e-12,,,3,M,,,No,,,Human,,kirschner_1,,,shp53,none,Ishp53_QD24shp53,1,kirschner_1_Ishp53_QD24shp53,XIAP associated factor 1,Induces,Stress-induced,26802028,downregulated
8114418,GSE24810,Limma,Affymetrix_U133A,HMF3A,5%,OIS,none,none,,Inactive_SV40LT_EV,SV40,7d,OIS,none,PRJNA132307,0.25%,NRAS,p53,none,Yes,hTERT_SV40_LT,1.197406,1.096979e+19,7.0,Skin,20%,Yes,,No,9.115943999999999e-20,,,3,M,SV40,OIS,No,,,Human,,parmjit_1,SV40_LT,7d,shp53,none,SSVp53sh_SSVev,1,parmjit_1_SSVp53sh_SSVev,"NRAS proto-oncogene, GTPase",Induces,Oncogene-induced,16964246,upregulated
16803810,GSE190998,Limma,,WI38,5%,Prolif,none,none,,Prolif_siCtrl,Etoposide,8d,DDIS,none,PRJNA789266,10%,DNMT3B,BDNF,none,No,,-1.13176339533163,-476.844105367184,8.0,Lung,,0.50%,,No,0.0020971214464944,,50uM,3,R,Etoposide,DDIS,No,Illumina_NovaSeq6000,Paired,Human,204,Anerillas_2,Etoposide,8d,siBDNF,none,DB_P,,Anerillas_2_DB_P,DNA methyltransferase 3 beta,Inhibits,Unclear,21572997,downregulated
1408036,GSE122918,Limma,Affymetrix_HTA2_0,WI38,,RAS,none,none,,R72_siCTRL,RAS,3d,OIS,none,PRJNA506911,,SIX1,JUN,none,No,,-0.2,-41.55119,3.0,Lung,,,,Yes,0.0240667,,,2,M,RAS,OIS,No,,,human,,bischof_2,ER:RASv12,3d,siJUN1,20uM,R72jun1_R72ctrl,1,bischof_2_R72jun1_R72ctrl,SIX homeobox 1,Inhibits,Oncogene-induced,26500063,no_change
4194686,GSE101766,Limma,,IMR,,RAS,none,none,14.0,RAS_shC,RAS,6d,OIS,none,PRJNA395386,,TRIM28,DUSP11,none,No,,-1.015545,-3761.423,6.0,Lung,,,14.0,No,0.0002658568,,,3,R,RAS,OIS,No,Illumina_HiSeq_2500,Single,Human,50,georgilis_1,ER_RAS,6d,DUSP11,none,DUSP11_RASc,,georgilis_1_DUSP11_RASc,tripartite motif containing 28,Induces,Oncogene-induced,25160591,downregulated
10259020,GSE132369,Limma,,IMR,5.00%,IR_Parkin,none,Parkin,,IR_Parkin,IR,10d,DDIS,Parkin,PRJNA547764,10.00%,STK4,mitochondrial,Parkin,No,,0.3570592,10390.92,10.0,Lung,3.00%,Yes,,No,9.623786e-05,,20Gy,3,R,IR,DDIS,No,NextSeq_500,Paired,Human,71,vizioli,Xrays,10d,CCCP,48h12.5uMCCCP2daIR,ICP_IP,,vizioli_ICP_IP,serine/threonine kinase 4,Induces,Unclear,26611489,no_change
9895858,GSE74324,Limma,,IMR,,RASwJQ1,BRD4,none,,RASwJQ1,RAS,12d,OIS,none,PRJNA299683,10.00%,MCU,BRD4,none,No,,-1.190193,-1.162568e+19,12.0,Lung,,,,No,8.601648e-20,,,3,R,RAS,OIS,No,Illumina_HiSeq_2500,Single,Human,100,tasdemir,HRASG12V,12d,shBRD4,none,RASshBRD4_RASwJQ1,,tasdemir_RASshBRD4_RASwJQ1,mitochondrial calcium uniporter,Induces,Oncogene-induced,24797322,downregulated
9730835,GSE74324,Limma,,IMR,,RAS,none,none,,RASshC,RAS,12d,OIS,none,PRJNA299683,10.00%,CDCA2,p53_pRb,none,No,,1.637562,29046728.0,12.0,Lung,,,,No,3.442729e-08,,,3,R,RAS,OIS,No,Illumina_HiSeq_2500,Single,Human,100,tasdemir,HRASG12V,12d,shp53pRb,none,RASshp53pRb_RAS,,tasdemir_RASshp53pRb_RAS,cell division cycle associated 2,Inhibits,Stress-induced,24905922,upregulated
566324,GSE40349,Limma,Affymetrix_U133A,IMR,,RAS,E2F7,none,,RASshE2F7,RAS,7d,OIS,none,PRJNA173792,10%,SIRT1,pRb,none,No,,1.424701,746477.1,7.0,Lung,,,,No,1.339626e-06,,,2,M,RAS,OIS,No,,,Human,,aksoy_1,ER:RasV12,7d,shpRb,none,SshRB_SshE2F7,1,aksoy_1_SshRB_SshE2F7,sirtuin 1,Inhibits,Unclear,18320031,upregulated
5348096,GSE127116,Limma,,IMR,,RAS_siLTR2,LTR2,none,,RASd8_siLTR2,RAS,8d,OIS,none,PRJNA524181,10.00%,ATG12,LTR2,none,No,,0.04206136,1.415006,8.0,Lung,,,,No,0.7067107,,,3,R,RAS,OIS,No,IonXpress,Single,Human,110,hari,ER:RAS,8d,siLTR2,none,R8siLTR2_R5siLTR2,,hari_R8siLTR2_R5siLTR2,autophagy related 12,Inhibits,Unclear,21858089,no_change
17206810,GSE190998,Limma,,WI38,5%,Prolif,none,none,,Prolif_siCtrl,Etoposide,8d,DDIS,none,PRJNA789266,10%,HAUS4,BDNF,none,No,,-1.03561998343769,-194848.810746024,8.0,Lung,,0.50%,,No,5.13218426210183e-06,,50uM,3,R,Etoposide,DDIS,No,Illumina_NovaSeq6000,Paired,Human,204,Anerillas_2,Etoposide,8d,siBDNF,none,DB_P,,Anerillas_2_DB_P,HAUS augmin like complex subunit 4,Inhibits,Unclear,32264951,downregulated
9824911,GSE74324,Limma,,IMR,,RASshBRD4,BRD4,none,,RASshBRD4,RAS,12d,OIS,none,PRJNA299683,10.00%,SERPINB2,p16_p21,none,No,,2.514684,2.45182e+17,12.0,Lung,,,,No,4.078602e-18,,,3,R,RAS,OIS,No,Illumina_HiSeq_2500,Single,Human,100,tasdemir,HRASG12V,12d,shp16p21,none,RASshp16p21_RASshBRD4,,tasdemir_RASshp16p21_RASshBRD4,serpin family B member 2,Induces,Unclear,28794016,upregulated
5763541,GSE122079,Limma,,IMR,,RAS_caspase_inhibitor,caspase,none,14.0,RAS_EV36hCI,RAS,7d,OIS,none,PRJNA503415,10.00%,PPARG,IONpump,none,No,,-1.290642,-4433522.0,7.0,Lung,,,14.0,No,2.255543e-07,,,3,R,RAS,OIS,No,Illumina_HiSeq_2500,Single,Human,50,herranz_2,ER_RAS,7d,digoxin_caspase_inhibitor,none,RASdig36CI_RAS36CI,,herranz_2_RASdig36CI_RAS36CI,peroxisome proliferator activated receptor gamma,Induces,Replicative,18544633,downregulated
171202,GSE103938,Limma,,IMR,,RAS_Rap1nM,mTOR,none,12.0,RAS_Rap1nM,RAS,10d,OIS,none,PRJNA407729,,TBX3,mTOR,none,No,,-1.86943627997383,-1095.76616619751,10.0,Lung,,,12.0,No,0.0009126034649072,,,3,R,OSKM,OSKM,No,Illumina_HiSeq_2500,Single,Human,50,aarts_1,OSKM,10d,rapamycin,1nM,OSKM1nMRap_R1nMRap,,aarts_1_OSKM1nMRap_R1nMRap,T-box transcription factor 3,Inhibits,Oncogene-induced,24876127,downregulated
2757231,GSE134747,Limma,Illumina_HT12V4,BJ,,OIS,none,GR,,BRAF_24h_Clob_2h,RAF,1d,OIS,none,PRJNA556258,,SIRT2,none,GR,Yes,hTERT,29.73704,682.3482,3.0,Skin,,,,Yes,0.001465527,,1000ng_ml,4,M,RAF,OIS,No,,,human,,carvalho_1,BRAF_doxycycline,3d,clobetasol,2nM_2h,O72Clob2_O24Clob2,1,carvalho_1_O72Clob2_O24Clob2,sirtuin 2,Inhibits,Unclear,25924011,upregulated
104937410,GSE214409,Limma,,IMR,,OIS,none,none,,OIS_ctrlVector,RAS,7d,OIS,,PRJNA885153,10%,PIN1,none,WSTF,No,,0.395986575837311,8394.22149247673,7.0,Lung,3%,,,No,0.0001191295703712,,,3,R,RAS,OIS,No,Illumina_HiSeq_2500,Single,Human,51,Dou,RAS_WSTFOE,7d,WSTF,none,OW_O,,Dou_OW_O,"peptidylprolyl cis/trans isomerase, NIMA-interacting 1",Induces,Replicative,28986099,no_change
9380124,GSE60652,Limma,Affymetrix_U133A,IMR,,OIS,none,none,,ER_RAS,RAS,6d,OIS,none,PRJNA259203,,STAG2,pRb,none,No,,72.7,20.7217,6.0,Lung,,,,No,0.04825858,,,2,M,RAS,OIS,No,,,Human,,takebayashi,ER_RAS,6d,sipRb,none,RshRb_R,1,takebayashi_RshRb_R,stromal antigen 2,Induces,Replicative,28819029,upregulated
3687414,GSE2487,Limma,Affymetrix_U133A,IMR,,OIS,none,none,,MEK_ER,MEK,3d,OIS,none,PRJNA91885,,TXNIP,none,E6_E7,Yes,hTERT,-1137.95,-602.604,,Lung,,,,No,0.001659465,,,2,M,,,No,,,Human,,collado_1,,,E6_E7,none,RE67_R,1,collado_1_RE67_R,thioredoxin interacting protein,Induces,Replicative,20656682,downregulated
2633428,GSE134747,Limma,Illumina_HT12V4,BJ,,OIS,none,none,,BRAF_24h_DMSO_2h,RAF,1d,OIS,none,PRJNA556258,,SIAH1,none,GR,Yes,hTERT,-8.707348,-29.43518,1.0,Skin,,,,Yes,0.03397296,,1000ng_ml,8,M,RAF,OIS,No,,,human,,carvalho_1,BRAF_doxycycline,1d,clobetasol,2nM_2h,O24Clob2_O24DMSO2,1,carvalho_1_O24Clob2_O24DMSO2,siah E3 ubiquitin protein ligase 1,Induces,Replicative,21057505,downregulated
8071473,GSE24810,Limma,Affymetrix_U133A,HMF3A,5%,OIS,none,none,,Inactive_SV40LT_EV,SV40,7d,OIS,none,PRJNA132307,0.25%,BCL6,none,E1A,Yes,hTERT_SV40_LT,-2.026918,-1.427189e+23,7.0,Skin,20%,Yes,,No,7.006782e-24,,,3,M,,,No,,,Human,,parmjit_1,,7d,Ad5_E1A_12S,none,ISVe1a_SSVev,1,parmjit_1_ISVe1a_SSVev,BCL6 transcription repressor,Inhibits,Replicative,11914273,downregulated
85885710,GSE212085,Limma,,IMR,5%,DDIS,none,none,,Doxorubicin_150nM,Doxorubicin,10d,DDIS,none,PRJNA873928,10%,CPEB1,none,none,No,,2.13182740346597,5453436.35386671,10.0,Lung,,,,No,1.8337061902097e-07,,150nM,3,R,Doxorubicin,DDIS,No,NextSeq_2000,Paired,Human,116,Marin,Doxorubicin,10d,MDL72527,50uM,DM_D,,Marin_DM_D,cytoplasmic polyadenylation element binding protein 1,Induces,Replicative,19141477,upregulated
11588046,GSE178115,Limma,Agilent,HDF,,REP,ATM,none,,REP_3d,REP,3d,REP,none,PRJNA737497,10%,MCRS1,none,none,No,,-17.0,-1.434242,3.0,Skin,,,,Yes,0.6972325,,,3,M,REP,REP,No,,,Human,,Yang,REP,3d,KU60019,0.5uM,R3dATMi_R3d,1,Yang_R3dATMi_R3d,microspherule protein 1,Induces,Unclear,22563078,no_change
75940,GSE103938,Limma,,IMR,,RAS,none,none,12.0,RAS10d,RAS,10d,OIS,none,PRJNA407729,,CD34,mTOR,none,No,,0.0,0.0,10.0,Lung,,,12.0,No,1.0,,,3,R,RAS,OIS,No,Illumina_HiSeq_2500,Single,Human,50,aarts_1,RAS,10d,rapamycin,1nM,R1nMRap_R,,aarts_1_R1nMRap_R,CD34 molecule,Induces,Unclear,25879198,no_change
498868,GSE40349,Limma,Affymetrix_U133A,IMR,,RAS,none,none,,RASshLuc,RAS,7d,OIS,none,PRJNA173792,10%,FOXQ1,pRb,none,No,,-1.438114,-2858.989,7.0,Lung,,,,No,0.000349774,,,2,M,RAS,OIS,No,,,Human,,aksoy_1,ER:RasV12,7d,shpRb,none,SshRB_R,1,aksoy_1_SshRB_R,forkhead box Q1,Inhibits,Unclear,29500491,downregulated
513943,GSE40349,Limma,Affymetrix_U133A,IMR,,RAS,none,none,,RASshLuc,RAS,7d,OIS,none,PRJNA173792,10%,NAMPT,E2F7,none,No,,-2.108042,-86569.54,7.0,Lung,,,,No,1.155141e-05,,,2,M,RAS,OIS,No,,,Human,,aksoy_1,ER:RasV12,7d,ShE2F7,none,SshE2F7_R,1,aksoy_1_SshE2F7_R,nicotinamide phosphoribosyltransferase,Inhibits,Replicative,17307730,downregulated
5199355,GSE98216,Limma,Affymetrix_HuGene2,IMR,,E7,none,none,,E7STAT5A,E7_STAT5A,8d,OIS,none,PRJNA384317,10.00%,ARF1,none,none,No,,-0.3669333,-101.1097,8.0,Lung,,1.00%,,No,0.009890243,,,3,M,E7_STAT5A,OIS,No,,,Human,,germain_1,E7_STAT5A,8d,shSOCS1,none,EshSOCS1_E,1,germain_1_EshSOCS1_E,ADP ribosylation factor 1,Induces,Oncogene-induced,29420297,no_change
3985001,GSE151745,Limma,,WI38,,DDIS,none,none,,IR_10Gy,IR,8d,DDIS,none,PRJNA637079,,YBX1,G3BP1,none,No,,-1.140687,-38.71783,8.0,Lung,,,,No,0.02582789,,10Gy,2,R,IR,DDIS,No,NextSeq_500,Single,Human,85,gallouzi,IR,8d,siG3BP1,none,IsiG3BP1_I,,gallouzi_IsiG3BP1_I,Y-box binding protein 1,Inhibits,Replicative,29712925,downregulated
4465399,GSE101766,Limma,,IMR,,RAS,none,none,14.0,RAS_shC,RAS,6d,OIS,none,PRJNA395386,,SIRT6,RNF6,none,No,,1.44232,5571.472,6.0,Lung,,,14.0,No,0.0001794858,,,3,R,RAS,OIS,No,Illumina_HiSeq_2500,Single,Human,50,georgilis_1,ER_RAS,6d,RNF6,none,RNF6_RASc,,georgilis_1_RNF6_RASc,sirtuin 6,Inhibits,Replicative,25819580,upregulated
2629968,GSE134747,Limma,Illumina_HT12V4,BJ,,OIS,none,none,,BRAF_24h_DMSO_2h,RAF,1d,OIS,none,PRJNA556258,,MCRS1,none,GR,Yes,hTERT,154.9271,39.06854,1.0,Skin,,,,Yes,0.02559604,,1000ng_ml,8,M,RAF,OIS,No,,,human,,carvalho_1,BRAF_doxycycline,1d,clobetasol,2nM_2h,O24Clob2_O24DMSO2,1,carvalho_1_O24Clob2_O24DMSO2,microspherule protein 1,Induces,Unclear,22563078,upregulated
3706738,GSE2487,Limma,Affymetrix_U133A,IMR,,OIS,none,SmallT,,MEK_ER_SmallT,MEK,3d,OIS,none,PRJNA91885,,MAP3K7,none,E6_E7,Yes,hTERT,-249.35,-132.2302,,Lung,,,,No,0.007562567,,,2,M,,,No,,,Human,,collado_1,,,E6_E7,none,RE67_Rst,1,collado_1_RE67_Rst,mitogen-activated protein kinase kinase kinase 7,Induces,Unclear,26583757,downregulated
2606558,GSE134747,Limma,Illumina_HT12V4,BJ,,OIS,none,GR,,BRAF_48h_Clob_2h,RAF,2d,OIS,none,PRJNA556258,,PBRM1,none,GR,Yes,hTERT,292.7841,431.8184,3.0,Skin,,,,Yes,0.002315788,,1000ng_ml,4,M,RAF,OIS,No,,,human,,carvalho_1,BRAF_doxycycline,3d,clobetasol,2nM_2h,O72Clob2_O48Clob2,1,carvalho_1_O72Clob2_O48Clob2,polybromo 1,Induces,Replicative,26992241,upregulated
4069303,GSE101766,Limma,,IMR,,RAS,none,none,14.0,RAS_shC,RAS,6d,OIS,none,PRJNA395386,,SIRT6,ABCD4,none,No,,1.382859,3097.727,6.0,Lung,,,14.0,No,0.0003228173,,,3,R,RAS,OIS,No,Illumina_HiSeq_2500,Single,Human,50,georgilis_1,ER_RAS,6d,ABCD4,none,ABCD4_RASc,,georgilis_1_ABCD4_RASc,sirtuin 6,Inhibits,Replicative,25819580,upregulated
4101437,GSE101766,Limma,,IMR,,RAS,none,none,14.0,RAS_shC,RAS,6d,OIS,none,PRJNA395386,,HAUS4,ASB15,none,No,,0.0,0.0,6.0,Lung,,,14.0,No,1.0,,,3,R,RAS,OIS,No,Illumina_HiSeq_2500,Single,Human,50,georgilis_1,ER_RAS,6d,ASB15,none,ASB15_RASc,,georgilis_1_ASB15_RASc,HAUS augmin like complex subunit 4,Inhibits,Unclear,32264951,no_change
3698399,GSE2487,Limma,Affymetrix_U133A,IMR,,OIS,none,none,,MEK_ER,MEK,3d,OIS,none,PRJNA91885,,SOCS1,none,SmallT_E6_E7,Yes,hTERT,96.45,7.834863,,Lung,,,,No,0.1276346,,,2,M,,,No,,,Human,,collado_1,,,SmallT_E6_E7,none,RstE67_R,1,collado_1_RstE67_R,suppressor of cytokine signaling 1,Induces,Replicative,20005840,no_change
93144710,GSE212085,Limma,,IMR,5%,DDIS,none,none,,Doxorubicin_150nM,Doxorubicin,10d,DDIS,none,PRJNA873928,10%,IL6,none,none,No,,-0.0840537022758934,-1.91816628544139,10.0,Lung,,,,No,0.521331235769213,,150nM,3,R,Doxorubicin,DDIS,No,NextSeq_2000,Paired,Human,116,Marin,Doxorubicin,10d,MDL72527,50uM,DM_D,,Marin_DM_D,interleukin 6,Induces,Oncogene-induced,18555778,no_change
191385,GSE103938,Limma,,IMR,,RAS,none,none,12.0,RAS10d,RAS,10d,OIS,none,PRJNA407729,,MAP3K6,mTOR,none,No,,1.17704157879574,91.2436968934634,10.0,Lung,,,12.0,No,0.0109596611497187,,,3,R,OSKM,OSKM,No,Illumina_HiSeq_2500,Single,Human,50,aarts_1,OSKM,10d,rapamycin,1nM,OSKM1nMRap_R,,aarts_1_OSKM1nMRap_R,mitogen-activated protein kinase kinase kinase 6,Induces,Unclear,26583757,upregulated
2542128,GSE134747,Limma,Illumina_HT12V4,BJ,,OIS,none,GR,,BRAF_122_Clob_122h,RAF,5d,OIS,none,PRJNA556258,,HSPB1,RELA,none,Yes,hTERT,-31.98219,-2430.106,1.0,Skin,,,,Yes,0.0004115046,,1000ng_ml,3,M,RAF,OIS,No,,,human,,carvalho_1,BRAF_doxycycline,1d,compoundA,2uM_2h,O24CpdA2_O122Clob122,1,carvalho_1_O24CpdA2_O122Clob122,heat shock protein family B (small) member 1,Inhibits,Stress-induced,18089808,downregulated
42134410,GSE214409,Limma,,IMR,,OIS,none,none,,RAS,RAS,7d,OIS,,PRJNA885153,10%,ATG7,none,WSTF,No,,-1.7659056532159,-14122.7865251146,7.0,Lung,3%,,,No,7.08075561590979e-05,,,3,R,Prolif,,No,Illumina_HiSeq_2500,Single,Human,51,Dou,Prolif_WSTFOE,7d,WSTF,none,PW_O,,Dou_PW_O,autophagy related 7,Inhibits,Oncogene-induced,19279323,downregulated
8912979,GSE128711,Limma,,HFF,,Dox,none,none,,Dox,Dox,1d,DDIS,none,PRJNA528619,,ATM,p130_pRb,none,No,,-1.282785,-1874.347,1.0,Skin,,,,Yes,0.000533519,,350nM,2,R,Doxorubicin,DDIS,No,NextSeq_500,Single,Human,75,schade_1,Dox,1d,sgp130pRb,none,Dp130pRb_D,,schade_1_Dp130pRb_D,ATM serine/threonine kinase,Inhibits,Replicative,9312059,downregulated
9710797,GSE74324,Limma,,IMR,,RAS,none,none,,RASshC,RAS,12d,OIS,none,PRJNA299683,10.00%,NAMPT,RELA,none,No,,-1.32434,-73609249.0,12.0,Lung,,,,No,1.358525e-08,,,3,R,RAS,OIS,No,Illumina_HiSeq_2500,Single,Human,100,tasdemir,HRASG12V,12d,shRELA,none,RASshRELA_RAS,,tasdemir_RASshRELA_RAS,nicotinamide phosphoribosyltransferase,Inhibits,Replicative,17307730,downregulated
57392410,GSE214409,Limma,,IMR,,OIS,none,none,,RAS,RAS,7d,OIS,,PRJNA885153,10%,MAPK12,none,WSTF,No,,-0.580490989050494,-391692.386748052,7.0,Lung,3%,,,No,2.55302383664462e-06,,,3,R,Prolif,,No,Illumina_HiSeq_2500,Single,Human,51,Dou,Prolif_WSTFOE,7d,WSTF,none,PW_O,,Dou_PW_O,mitogen-activated protein kinase 12,Induces,Unclear,26583757,no_change
9677221,GSE74324,Limma,,IMR,,RAS,none,none,,RASshC,RAS,12d,OIS,none,PRJNA299683,10.00%,STAT5B,none,none,No,,-0.172424,-7.007591,12.0,Lung,,,,No,0.1427024,,,3,R,RAS,OIS,No,Illumina_HiSeq_2500,Single,Human,100,tasdemir,HRASG12V,12d,DMSO,100nM_48h,RASwDMSO_RAS,,tasdemir_RASwDMSO_RAS,signal transducer and activator of transcription 5B,Induces,Unclear,20536843,no_change
4169855,GSE101766,Limma,,IMR,,RAS,none,none,14.0,RAS_shC,RAS,6d,OIS,none,PRJNA395386,,TPP1,CTDSPL,none,No,,1.364484,829457.5,6.0,Lung,,,14.0,No,1.205607e-06,,,3,R,RAS,OIS,No,Illumina_HiSeq_2500,Single,Human,50,georgilis_1,ER_RAS,6d,CTDSPL,none,CTDSPL_RASc,,georgilis_1_CTDSPL_RASc,tripeptidyl peptidase 1,Inhibits,Stress-induced,27559927,upregulated
6556814,GSE53379,Limma,Illumin_HWG6V3,IMR,,DDIS,none,none,,DDIS,Etoposide,7d,DDIS,none,PRJNA231867,10.00%,RRM2B,p53,none,No,,-1.427558,-3724782000000.0,7.0,Lung,5.00%,Yes,,No,2.684721e-13,,100uM2d+5d,3,M,Etoposide,DDIS,No,,,Human,,kirschner_1,Etoposide,7d,shp53,none,Dshp53_D,1,kirschner_1_Dshp53_D,ribonucleotide reductase regulatory TP53 inducible subunit M2B,Inhibits,Unclear,23139867,downregulated
4337201,GSE101766,Limma,,IMR,,RAS,none,none,14.0,RAS_shC,RAS,6d,OIS,none,PRJNA395386,,IRF3,LOC51136,none,No,,-1.093557,-34060.92,6.0,Lung,,,14.0,No,2.935916e-05,,,3,R,RAS,OIS,No,Illumina_HiSeq_2500,Single,Human,50,georgilis_1,ER_RAS,6d,LOC51136,none,LOC51136_RASc,,georgilis_1_LOC51136_RASc,interferon regulatory factor 3,Induces,Unclear,16513254,downregulated
16815751,GSE224070,Limma,,IMR,5%,DDIS,COPB2,none,,50ugmL_Bleomycin_24hr,Bleomycin,10d,DDIS,none,PRJNA929513,10%,DPY30,COPB2,none,No,,0.0286988776901813,1.17202052143405,10.0,Lung,,Yes,,No,0.853227381015849,,100nM_4OHT,3,R,RAS,OIS,No,NextSeq_2000,Single,Human,71,McHugh_1,ER:RAS,10d,shCOPB2,1ugml_Doxycycline,Osh_Dsh,,McHugh_1_Osh_Dsh,dpy-30 histone methyltransferase complex regulatory subunit,Inhibits,Unclear,23872946,no_change
1631619,GSE122918,Limma,Affymetrix_HTA2_0,WI38,,RAS,JUN,none,,R144_siJUN1,RAS,6d,OIS,none,PRJNA506911,,SUMO3,RELA,none,No,,-0.25,-60587.0,6.0,Lung,,,,No,1.650519e-05,,,4,M,RAS,OIS,No,,,human,,bischof_2,ER:RASv12,6d,siRELA1,20uM,R144relA1_R144jun1,1,bischof_2_R144relA1_R144jun1,small ubiquitin like modifier 3,Induces,Unclear,17012228,no_change
3666574,GSE2487,Limma,Affymetrix_U133A,IMR,,OIS,none,none,,MEK_ER,MEK,3d,OIS,none,PRJNA91885,,DICER1,none,SmallT,Yes,hTERT,-32.75,-1.939701,3.0,Lung,,,,Yes,0.5155435,,,2,M,MEK,OIS,No,,,Human,,collado_1,MEK_ER,3d,SmallT,none,Rst_R,1,collado_1_Rst_R,"dicer 1, ribonuclease III",Inhibits,Stress-induced,26990999,no_change
9017682,GSE105591,Limma,,IMR,,REP,none,none,77.0,REP_shC,REP,,REP,none,PRJNA415490,10.00%,NCAPG2,CBP,none,No,,1.074079,24.55627,,Lung,3.00%,1.00%,,No,0.0407228,,,2,R,REP,REP,No,NextSeq_500,Single,Human,47,sen,REP,,shCBP,none,REPshCBP_REPshCON,,sen_REPshCBP_REPshCON,non-SMC condensin II complex subunit G2,Inhibits,Unclear,25474630,upregulated
40375141,GSE213993,Limma,,WI38,5%,DDIS,none,none,,DDIS_siControl,IR,10d,DDIS,none,PRJNA883434,10%,AAK1,BAFF,none,No,,0.0722930586861938,2.21762246707079,10.0,Lung,,1%,,No,0.450933382416927,,10Gy_10days,2,R,IR,DDIS,No,NovaSeq_6000,Paired,Human,217-219,Rossi,IR,10d,siBAFF,none,Dsi_D,,Rossi_Dsi_D,AP2 associated kinase 1,Induces,Unclear,26583757,no_change
495322,GSE40349,Limma,Affymetrix_U133A,IMR,,RAS,none,none,,RASshLuc,RAS,7d,OIS,none,PRJNA173792,10%,ADCK5,pRb,none,No,,-0.04612717,-1.313553,7.0,Lung,,,,No,0.7612941,,,2,M,RAS,OIS,No,,,Human,,aksoy_1,ER:RasV12,7d,shpRb,none,SshRB_R,1,aksoy_1_SshRB_R,aarF domain containing kinase 5,Induces,Unclear,26583757,no_change
10957092,GSE156648,Limma,,IMR,,OIS,none,none,,RAS,RAS,4d,OIS,none,PRJNA658579,10.00%,PHB2,DOT1L,none,No,,-1.250616,-35723179999.0,4.0,Lung,2.00%,,,No,2.799303e-11,,,3,R,RAS,OIS,No,Illumina_NovaSeq6000,Paired,Human,150,leon,pBABEHRASG12V,4d,pLKO.1_shDOT1L,none,OKD_O,,leon_OKD_O,prohibitin 2,Inhibits,Unclear,29307834,downregulated
8096123,GSE24810,Limma,Affymetrix_U133A,HMF3A,5%,OIS,none,none,,Inactive_SV40LT_EV,SV40,7d,OIS,none,PRJNA132307,0.25%,AURKB,E2F,none,Yes,hTERT_SV40_LT,2.710436,3.736814e+25,7.0,Skin,20%,Yes,,No,2.6760759999999996e-26,,,3,M,SV40,OIS,No,,,Human,,parmjit_1,SV40_LT,7d,DB_DomNeg_E2F,none,SSVe2f_SSVev,1,parmjit_1_SSVe2f_SSVev,aurora kinase B,Inhibits,Unclear,22024481,upregulated
5127769,GSE101750,Limma,,IMR,,RAS,none,none,15.0,RAS_EV_no_sh,RAS,6d,OIS,none,PRJNA395363,10.00%,ETS1,PTBP1,none,No,,-0.3002908,-5357.864,6.0,Lung,,,15.0,No,0.0001866415,,,3,R,RAS,OIS,No,Illumina_HiSeq_2500,Paired,Human,201,georgilis_2,ER:RAS,6d,shPTBP1,none,RASshPTBP1_RAS,,georgilis_2_RASshPTBP1_RAS,"ETS proto-oncogene 1, transcription factor",Induces,Oncogene-induced,11234019,no_change
3704315,GSE2487,Limma,Affymetrix_U133A,IMR,,OIS,none,SmallT,,MEK_ER_SmallT,MEK,3d,OIS,none,PRJNA91885,,EWSR1,none,E6_E7,Yes,hTERT,405.3,372.6947,,Lung,,,,No,0.002683161,,,2,M,,,No,,,Human,,collado_1,,,E6_E7,none,RE67_Rst,1,collado_1_RE67_Rst,EWS RNA binding protein 1,Induces,Unclear,21030557,upregulated
7032175,GSE75643,Limma,,Tig3,,BRAF,none,none,,BRAF10d,RAF,10d,OIS,none,PRJNA302675,9.00%,CARF,none,SV40smallT,Yes,hTERT,0.3715941,2.263509,10.0,Lung,,,,No,0.4417919,,,3,R,RAF,OIS,No,Illumina_HiSeq_2000,Single,Human,51,lenain,BRAFE600,10d,SV40smallT,none,BRAF10SV40_10,,lenain_BRAF10SV40_10,calcium responsive transcription factor,Induces,Replicative,19001376,no_change
208084,GSE103938,Limma,,IMR,,RAS,none,none,12.0,RAS10d,RAS,10d,OIS,none,PRJNA407729,,STK4,mTOR,none,No,,-1.34192192267594,-366.122879230627,10.0,Lung,,,12.0,No,0.0027313234346386,,,3,R,OSKM,OSKM,No,Illumina_HiSeq_2500,Single,Human,50,aarts_1,OSKM,10d,rapamycin,10nM,OSKM10nMRap_R,,aarts_1_OSKM10nMRap_R,serine/threonine kinase 4,Induces,Unclear,26611489,downregulated
11104502,GSE144752,Limma,,BJ,,OIS,none,none,,BRAF_2d_1uM4OHT,BRAF,3d,OIS,none,PRJNA604779,10.00%,CAV1,YBX1,none,Yes,hTERT,-1.86723,-6107699742.0,3.0,Skin,,,,Yes,1.637278e-10,,2d_1uM4OHT,3,R,RAF,OIS,No,NextSeq_500,Single,Human,75,montes,BRAFE600,3d,siYBX1,none,OYKD_O,,montes_OYKD_O,caveolin 1,Induces,Unclear,15263006,downregulated
6899023,GSE108278,Limma,,IMR,,RAS,none,none,,RAS_shC,RAS,10d,OIS,none,PRJNA423028,,HJURP,IL1R,none,Yes,hTERT,1.144457,310.7887,10.0,Lung,,,,No,0.00321762,,,2,R,RAS,OIS,No,Illumina_HiSeq_2500,Paired,Human,51,lau,ERT2_RASG12V,10d,shIL1R,none,R10IL_R10,,lau_R10IL_R10,Holliday junction recognition protein,Inhibits,Unclear,23292286,upregulated
6891923,GSE108278,Limma,,IMR,,RAS,none,none,,RAS_shC,RAS,4d,OIS,none,PRJNA423028,,SOCS1,IL1R,none,Yes,hTERT,-0.0519463,-1.143284,4.0,Lung,,,,No,0.8746737,,,2,R,RAS,OIS,No,Illumina_HiSeq_2500,Paired,Human,51,lau,ERT2_RASG12V,4d,shIL1R,none,R4IL_R4,,lau_R4IL_R4,suppressor of cytokine signaling 1,Induces,Replicative,20005840,no_change
9372520,GSE60652,Limma,Affymetrix_U133A,IMR,,OIS,none,none,,ER_RAS,RAS,6d,OIS,none,PRJNA259203,,CTSB,pRb,none,No,,-1600.7,-3.72788,6.0,Lung,,,,No,0.268249,,,2,M,RAS,OIS,No,,,Human,,takebayashi,ER_RAS,6d,sipRb,none,RshRb_R,1,takebayashi_RshRb_R,cathepsin B,Inhibits,Unclear,30352807,no_change
194138,GSE103938,Limma,,IMR,,RAS,none,none,12.0,RAS10d,RAS,10d,OIS,none,PRJNA407729,,RECK,mTOR,none,No,,1.00631122595029,30.8085423593633,10.0,Lung,,,12.0,No,0.0324585301159528,,,3,R,OSKM,OSKM,No,Illumina_HiSeq_2500,Single,Human,50,aarts_1,OSKM,10d,rapamycin,1nM,OSKM1nMRap_R,,aarts_1_OSKM1nMRap_R,reversion inducing cysteine rich protein with kazal motifs,Inhibits,Unclear,20407016,upregulated
9739572,GSE74324,Limma,,IMR,,RAS,none,none,,RASshC,RAS,12d,OIS,none,PRJNA299683,10.00%,TIMELESS,p53_pRb,none,No,,2.368345,3.372422e+23,12.0,Lung,,,,No,2.965228e-24,,,3,R,RAS,OIS,No,Illumina_HiSeq_2500,Single,Human,100,tasdemir,HRASG12V,12d,shp53pRb,none,RASshp53pRb_RAS,,tasdemir_RASshp53pRb_RAS,timeless circadian regulator,Inhibits,Oncogene-induced,30100061,upregulated
1488637,GSE122918,Limma,Affymetrix_HTA2_0,WI38,,RAS,JUN,none,,R72_siJUN1,RAS,3d,OIS,none,PRJNA506911,,ETS1,ETS1,none,No,,-1.95,-5.38848e+22,6.0,Lung,,,,No,1.8558110000000002e-23,,,4,M,RAS,OIS,No,,,human,,bischof_2,ER:RASv12,6d,siETS11,20uM,R144ets11_R72jun1,1,bischof_2_R144ets11_R72jun1,"ETS proto-oncogene 1, transcription factor",Induces,Oncogene-induced,11234019,downregulated
28480131,GSE224071,Limma,,IMR,5%,OIS,none,none,,RAS_100nM4OHT_3daysDDD86481,RAS,10d,OIS,none,PRJNA929514,10%,BLVRA,none,none,No,,-0.361956179233076,-8.29686679694014,10.0,Lung,,Yes,,No,0.120527426132573,,100nM_4OHT_7days,3,R,RAS,OIS,No,NextSeq_2000,Single,Human,71,McHugh_2,RAS,10d,IMP1088,300nM,OIMP_ODDD,,McHugh_2_OIMP_ODDD,biliverdin reductase A,Inhibits,Stress-induced,21099244,no_change
84318110,GSE221104,Limma,,WI38,,DDIS,none,none,,Etoposide,Etoposide,8d,DDIS,none,PRJNA912759,,CCL2,none,none,No,,-1.53380032715585,-35051272.3195223,8.0,Lung,,,,No,2.85296348413303e-08,,50uM,3,R,Etoposide,DDIS,No,Illumina_NovaSeq6000,Paired,Human,217-218,Anerillas_3,Etoposide,8d,Verteporfin,1.5uM,DV_D,,Anerillas_3_DV_D,C-C motif chemokine ligand 2,Induces,Unclear,26573462,downregulated
2581259,GSE134747,Limma,Illumina_HT12V4,BJ,,OIS,none,none,,BRAF_48h_DMSO_2h,RAF,2d,OIS,none,PRJNA556258,,NF2,none,GR,Yes,hTERT,11.16362,35.33487,2.0,Skin,,,,Yes,0.02830065,,1000ng_ml,4,M,RAF,OIS,No,,,human,,carvalho_1,BRAF_doxycycline,2d,clobetasol,2nM_2h,O48Clob2_O48DMSO2,1,carvalho_1_O48Clob2_O48DMSO2,neurofibromin 2,Induces,Oncogene-induced,18267069,upregulated
1439024,GSE122918,Limma,Affymetrix_HTA2_0,WI38,,RAS,none,none,,R72_siCTRL,RAS,3d,OIS,none,PRJNA506911,,ENTPD7,ETS1,none,No,,2.15,2565023000000.0,6.0,Lung,,,,No,3.898601e-13,,,4,M,RAS,OIS,No,,,human,,bischof_2,ER:RASv12,6d,siETS11,20uM,R144ets11_R72ctrl,1,bischof_2_R144ets11_R72ctrl,ectonucleoside triphosphate diphosphohydrolase 7,Induces,Oncogene-induced,27737960,upregulated
1602586,GSE122918,Limma,Affymetrix_HTA2_0,WI38,,RAS,ETS1,none,,R144_siETS1,RAS,6d,OIS,none,PRJNA506911,,MCM7,JUN,none,No,,-1.025,-19743430000000.0,6.0,Lung,,,,No,5.064976e-14,,,4,M,RAS,OIS,No,,,human,,bischof_2,ER:RASv12,6d,siJUN1,20uM,R144jun1_R144ets11,1,bischof_2_R144jun1_R144ets11,minichromosome maintenance complex component 7,Inhibits,Unclear,32264951,downregulated
9834495,GSE74324,Limma,,IMR,,RASshBRD4,BRD4,none,,RASshBRD4,RAS,12d,OIS,none,PRJNA299683,10.00%,MYC,p53_pRb,none,No,,0.3856128,15177.59,12.0,Lung,,,,No,6.588662e-05,,,3,R,RAS,OIS,No,Illumina_HiSeq_2500,Single,Human,100,tasdemir,HRASG12V,12d,shp53pRb,none,RASshp53pRb_RASshBRD4,,tasdemir_RASshp53pRb_RASshBRD4,"MYC proto-oncogene, bHLH transcription factor",Inhibits,Oncogene-induced,16537449,no_change
6685731,GSE53379,Limma,Illumin_HWG6V3,IMR,,DDISshp53,p53,none,,Quiesce1dEtopshp53,Etoposide,7d,DDIS,none,PRJNA231867,10.00%,CCL2,p53,none,No,,-0.3583106,-2.748858,7.0,Lung,5.00%,Yes,,No,0.3637874,,10dPuromycin,3,M,RAS,OIS,No,,,Human,,kirschner_1,H-RASG12V,7d,shp53,none,Rshp53_QD24shp53,1,kirschner_1_Rshp53_QD24shp53,C-C motif chemokine ligand 2,Induces,Unclear,26573462,no_change
11672998,GSE178115,Limma,Agilent,HDF,,REP,ROCK_ATM,none,,REP_8d,REP,8d,REP,none,PRJNA737497,10%,MIF,none,none,No,,31104.33,1114.64,8.0,Skin,,,,No,0.0008971509,,,3,M,REP,REP,No,,,Human,,Yang,REP,8d,Y27632_KU60019,2.5uM_0.5uM,R8dCOMBOi_R8d,1,Yang_R8dCOMBOi_R8d,macrophage migration inhibitory factor,Inhibits,Stress-induced,24274936,upregulated
11573586,GSE178115,Limma,Agilent,HDF,,REP,ROCK,none,,REP_3d,REP,3d,REP,none,PRJNA737497,10%,SPI1,none,none,No,,-0.8333333,-1.234973,3.0,Skin,,,,Yes,0.8097342,,,3,M,REP,REP,No,,,Human,,Yang,REP,3d,Y27632,2.5uM,R3dROCKi_R3d,1,Yang_R3dROCKi_R3d,Spi-1 proto-oncogene,Induces,Oncogene-induced,28912174,no_change
1594387,GSE122918,Limma,Affymetrix_HTA2_0,WI38,,RAS,none,none,,R144_siCTRL,RAS,6d,OIS,none,PRJNA506911,,STAT5B,RELA,none,No,,-0.025,-1.956433,6.0,Lung,,,,No,0.5111342,,,4,M,RAS,OIS,No,,,human,,bischof_2,ER:RASv12,6d,siRELA1,20uM,R144relA1_R144ctrl,1,bischof_2_R144relA1_R144ctrl,signal transducer and activator of transcription 5B,Induces,Unclear,20536843,no_change
2624893,GSE134747,Limma,Illumina_HT12V4,BJ,,OIS,none,none,,BRAF_24h_DMSO_2h,RAF,1d,OIS,none,PRJNA556258,,ASF1A,none,GR,Yes,hTERT,-8.989985,-32.06533,1.0,Skin,,,,Yes,0.03118633,,1000ng_ml,8,M,RAF,OIS,No,,,human,,carvalho_1,BRAF_doxycycline,1d,clobetasol,2nM_2h,O24Clob2_O24DMSO2,1,carvalho_1_O24Clob2_O24DMSO2,anti-silencing function 1A histone chaperone,Induces,Replicative,15621527,downregulated
2742646,GSE134747,Limma,Illumina_HT12V4,BJ,,OIS,none,GR,,BRAF_24h_Clob_2h,RAF,1d,OIS,none,PRJNA556258,,PAK4,none,GR,Yes,hTERT,-19.47557,-3475.377,2.0,Skin,,,,Yes,0.0002877386,,1000ng_ml,4,M,RAF,OIS,No,,,human,,carvalho_1,BRAF_doxycycline,2d,clobetasol,2nM_2h,O48Clob2_O24Clob2,1,carvalho_1_O48Clob2_O24Clob2,p21 (RAC1) activated kinase 4,Induces,Unclear,26583757,downregulated
8072547,GSE24810,Limma,Affymetrix_U133A,HMF3A,5%,OIS,none,none,,Inactive_SV40LT_EV,SV40,7d,OIS,none,PRJNA132307,0.25%,CNOT6,none,E1A,Yes,hTERT_SV40_LT,1.023238,49882580000000.0,7.0,Skin,20%,Yes,,No,2.004708e-14,,,3,M,,,No,,,Human,,parmjit_1,,7d,Ad5_E1A_12S,none,ISVe1a_SSVev,1,parmjit_1_ISVe1a_SSVev,CCR4-NOT transcription complex subunit 6,Inhibits,Unclear,26792405,upregulated
8956461,GSE128711,Limma,,HFF,,Dox_sgpRb,pRb,none,,Dox_sgpRb,Dox,1d,DDIS,none,PRJNA528619,,PATZ1,p130_pRb,none,No,,-0.2065786,-1.87157,1.0,Skin,,,,Yes,0.5343107,,350nM,2,R,Doxorubicin,DDIS,No,NextSeq_500,Single,Human,75,schade_1,Dox,1d,sgp130pRb,none,Dp130pRb_DpRb,,schade_1_Dp130pRb_DpRb,POZ/BTB and AT hook containing zinc finger 1,Inhibits,Unclear,22052190,no_change
4050301,GSE101766,Limma,,IMR,,RAS,none,none,14.0,RAS_shC,RAS,6d,OIS,none,PRJNA395386,,DIRAS3,CEBPb,none,No,,1.081412,90.34182,6.0,Lung,,,14.0,No,0.01106907,,,3,R,RAS,OIS,No,Illumina_HiSeq_2500,Single,Human,50,georgilis_1,ER_RAS,6d,CEBPB,none,CEBPB_RASc,,georgilis_1_CEBPB_RASc,DIRAS family GTPase 3,Inhibits,Unclear,28316325,upregulated
4201614,GSE101766,Limma,,IMR,,RAS,none,none,14.0,RAS_shC,RAS,6d,OIS,none,PRJNA395386,,LOX,EMR4,none,No,,1.080087,798.5492,6.0,Lung,,,14.0,No,0.001252271,,,3,R,RAS,OIS,No,Illumina_HiSeq_2500,Single,Human,50,georgilis_1,ER_RAS,6d,EMR4,none,EMR4_RASc,,georgilis_1_EMR4_RASc,lysyl oxidase,Inhibits,Oncogene-induced,24113189,upregulated
9748294,GSE74324,Limma,,IMR,,RAS,none,none,,RASshCwDMSO,RAS,12d,OIS,none,PRJNA299683,10.00%,NQO1,BRD4,none,No,,2.360288,9.791163e+30,12.0,Lung,,,,No,1.021329e-31,,,3,R,RAS,OIS,No,Illumina_HiSeq_2500,Single,Human,100,tasdemir,HRASG12V,12d,JQ1,100nM_48h,RASwJQ1_RASwDMSO,,tasdemir_RASwJQ1_RASwDMSO,NAD(P)H quinone dehydrogenase 1,Induces,Oncogene-induced,26078718,upregulated
5313446,GSE127116,Limma,,IMR,,RAS,none,none,,RASd5,RAS,5d,OIS,none,PRJNA524181,10.00%,ETV6,LTR10,none,No,,-0.1592562,-2.322675,5.0,Lung,,,,No,0.4305381,,,3,R,RAS,OIS,No,IonXpress,Single,Human,110,hari,ER:RAS,5d,siLTR10,none,R5siLTR10_R5,,hari_R5siLTR10_R5,ETS variant transcription factor 6,Induces,Unclear,30088951,no_change
4226536,GSE101766,Limma,,IMR,,RAS,none,none,14.0,RAS_shC,RAS,6d,OIS,none,PRJNA395386,,MAD2L1,GPRC5D,none,No,,0.4147742,7.065778,6.0,Lung,,,14.0,No,0.1415272,,,3,R,RAS,OIS,No,Illumina_HiSeq_2500,Single,Human,50,georgilis_1,ER_RAS,6d,GPRC5D,none,GPRC5D_RASc,,georgilis_1_GPRC5D_RASc,mitotic arrest deficient 2 like 1,Inhibits,Unclear,22170163,no_change
11579081,GSE178115,Limma,Agilent,HDF,,REP,ATM,none,,REP_3d,REP,3d,REP,none,PRJNA737497,10%,BTG2,none,none,No,,-319.8333,-483.349,3.0,Skin,,,,Yes,0.002068898,,,3,M,REP,REP,No,,,Human,,Yang,REP,3d,KU60019,0.5uM,R3dATMi_R3d,1,Yang_R3dATMi_R3d,BTG anti-proliferation factor 2,Induces,Replicative,20569234,downregulated
4210285,GSE101766,Limma,,IMR,,RAS,none,none,14.0,RAS_shC,RAS,6d,OIS,none,PRJNA395386,,CDK6,ERCC3,none,No,,-1.053205,-122.895,6.0,Lung,,,14.0,No,0.008137028,,,3,R,RAS,OIS,No,Illumina_HiSeq_2500,Single,Human,50,georgilis_1,ER_RAS,6d,ERCC3,none,ERCC3_RASc,,georgilis_1_ERCC3_RASc,cyclin dependent kinase 6,Inhibits,Replicative,12082615,downregulated
1444226,GSE122918,Limma,Affymetrix_HTA2_0,WI38,,RAS,none,none,,R72_siCTRL,RAS,3d,OIS,none,PRJNA506911,,RB1,ETS1,none,No,,-8.881784e-16,-1.0,6.0,Lung,,,,No,1.0,,,4,M,RAS,OIS,No,,,human,,bischof_2,ER:RASv12,6d,siETS11,20uM,R144ets11_R72ctrl,1,bischof_2_R144ets11_R72ctrl,RB transcriptional corepressor 1,Induces,Stress-induced,24231354,no_change
9013558,GSE105591,Limma,,IMR,,REP,none,none,77.0,REP_shC,REP,,REP,none,PRJNA415490,10.00%,CTSB,CBP,none,No,,-0.06265126,-1.083895,,Lung,3.00%,1.00%,,No,0.9225986,,,2,R,REP,REP,No,NextSeq_500,Single,Human,47,sen,REP,,shCBP,none,REPshCBP_REPshCON,,sen_REPshCBP_REPshCON,cathepsin B,Inhibits,Unclear,30352807,no_change
8953887,GSE128711,Limma,,HFF,,Dox_sgpRb,pRb,none,,Dox_sgpRb,Dox,1d,DDIS,none,PRJNA528619,,HRAS,p130_pRb,none,No,,-0.09889455,-1.138287,1.0,Skin,,,,Yes,0.8785129,,350nM,2,R,Doxorubicin,DDIS,No,NextSeq_500,Single,Human,75,schade_1,Dox,1d,sgp130pRb,none,Dp130pRb_DpRb,,schade_1_Dp130pRb_DpRb,"HRas proto-oncogene, GTPase",Induces,Oncogene-induced,9054499,no_change
10255593,GSE132369,Limma,,IMR,5.00%,IR_Parkin,none,Parkin,,IR_Parkin,IR,10d,DDIS,Parkin,PRJNA547764,10.00%,NEK2,mitochondrial,Parkin,No,,-1.154408,-2452790.0,10.0,Lung,3.00%,Yes,,No,4.07699e-07,,20Gy,3,R,IR,DDIS,No,NextSeq_500,Paired,Human,71,vizioli,Xrays,10d,CCCP,48h12.5uMCCCP2daIR,ICP_IP,,vizioli_ICP_IP,NIMA related kinase 2,Inhibits,Unclear,32264951,downregulated
5185295,GSE101758,Limma,,IMR,,RAS,none,none,14.0,RAS_siC,RAS,5d,OIS,none,PRJNA395378,,ULK3,EXOC7,none,No,,0.1816059,2.572736,5.0,Lung,,,14.0,No,0.3886912,,,3,R,RAS,OIS,No,Illumina_HiSeq_2500,Single,Human,50,georgilis_3,ER_RAS,5d,shEXOC7,none,RASsiEXOC7_RAS,,georgilis_3_RASsiEXOC7_RAS,unc-51 like kinase 3,Induces,Unclear,19279323,no_change
9707047,GSE74324,Limma,,IMR,,RAS,none,none,,RASshC,RAS,12d,OIS,none,PRJNA299683,10.00%,DIRAS3,RELA,none,No,,0.2660251,4.99068,12.0,Lung,,,,No,0.2003735,,,3,R,RAS,OIS,No,Illumina_HiSeq_2500,Single,Human,100,tasdemir,HRASG12V,12d,shRELA,none,RASshRELA_RAS,,tasdemir_RASshRELA_RAS,DIRAS family GTPase 3,Inhibits,Unclear,28316325,no_change
3694453,GSE2487,Limma,Affymetrix_U133A,IMR,,OIS,none,none,,MEK_ER,MEK,3d,OIS,none,PRJNA91885,,MCAM,none,SmallT_E6_E7,Yes,hTERT,121.8,1780.458,,Lung,,,,No,0.0005616531,,,2,M,,,No,,,Human,,collado_1,,,SmallT_E6_E7,none,RstE67_R,1,collado_1_RstE67_R,melanoma cell adhesion molecule,Inhibits,Replicative,26941359,upregulated
165507,GSE103938,Limma,,IMR,,RAS_Rap1nM,mTOR,none,12.0,RAS_Rap1nM,RAS,10d,OIS,none,PRJNA407729,,HRAS,mTOR,none,No,,-5.20634520191838,-152116918.793642,10.0,Lung,,,12.0,No,6.5738907146586e-09,,,3,R,OSKM,OSKM,No,Illumina_HiSeq_2500,Single,Human,50,aarts_1,OSKM,10d,rapamycin,1nM,OSKM1nMRap_R1nMRap,,aarts_1_OSKM1nMRap_R1nMRap,"HRas proto-oncogene, GTPase",Induces,Oncogene-induced,9054499,downregulated
4563449,GSE101766,Limma,,IMR,,RAS,none,none,14.0,RAS_shC,RAS,6d,OIS,none,PRJNA395386,,RAPGEF4,RELA,none,No,,0.0,0.0,6.0,Lung,,,14.0,No,1.0,,,3,R,RAS,OIS,No,Illumina_HiSeq_2500,Single,Human,50,georgilis_1,ER_RAS,6d,RELA,none,RELA_RASc,,georgilis_1_RELA_RASc,Rap guanine nucleotide exchange factor 4,Inhibits,Unclear,24169561,no_change
1563350,GSE122918,Limma,Affymetrix_HTA2_0,WI38,,RAS,none,none,,R144_siCTRL,RAS,6d,OIS,none,PRJNA506911,,FOS,ETS1,none,No,,-2.0125,-35345460000000.0,6.0,Lung,,,,No,2.829218e-14,,,4,M,RAS,OIS,No,,,human,,bischof_2,ER:RASv12,6d,siETS11,20uM,R144ets11_R144ctrl,1,bischof_2_R144ets11_R144ctrl,"Fos proto-oncogene, AP-1 transcription factor subunit",Inhibits,Unclear,1560044,downregulated
4535033,GSE101766,Limma,,IMR,,RAS,none,none,14.0,RAS_shC,RAS,6d,OIS,none,PRJNA395386,,ID1,p38,none,No,,0.7340854,92.81725,6.0,Lung,,,14.0,No,0.01077386,,,3,R,RAS,OIS,No,Illumina_HiSeq_2500,Single,Human,50,georgilis_1,ER_RAS,6d,MAPK14,none,MAPK14_RASc,,georgilis_1_MAPK14_RASc,"inhibitor of DNA binding 1, HLH protein",Inhibits,Replicative,12177246,no_change
4202751,GSE101766,Limma,,IMR,,RAS,none,none,14.0,RAS_shC,RAS,6d,OIS,none,PRJNA395386,,NEK2,EMR4,none,No,,0.0,0.0,6.0,Lung,,,14.0,No,1.0,,,3,R,RAS,OIS,No,Illumina_HiSeq_2500,Single,Human,50,georgilis_1,ER_RAS,6d,EMR4,none,EMR4_RASc,,georgilis_1_EMR4_RASc,NIMA related kinase 2,Inhibits,Unclear,32264951,no_change
4083786,GSE101766,Limma,,IMR,,RAS,none,none,14.0,RAS_shC,RAS,6d,OIS,none,PRJNA395386,,VCAN,AKR1C1,none,No,,-1.445852,-1402.994,6.0,Lung,,,14.0,No,0.0007127613,,,3,R,RAS,OIS,No,Illumina_HiSeq_2500,Single,Human,50,georgilis_1,ER_RAS,6d,AKR1C1,none,AKR1C1_RASc,,georgilis_1_AKR1C1_RASc,versican,Induces,Stress-induced,30622695,downregulated
20001251,GSE224070,Limma,,IMR,5%,DDIS,COPB2,none,,50ugmL_Bleomycin_24hr,Bleomycin,10d,DDIS,none,PRJNA929513,10%,VDR,COPB2,none,No,,-1.14548269730115,-832.301876507512,10.0,Lung,,Yes,,No,0.0012014871385322,,100nM_4OHT,3,R,RAS,OIS,No,NextSeq_2000,Single,Human,71,McHugh_1,ER:RAS,10d,shCOPB2,1ugml_Doxycycline,Osh_Dsh,,McHugh_1_Osh_Dsh,vitamin D receptor,Inhibits,Oncogene-induced,27041576,downregulated
9758341,GSE74324,Limma,,IMR,,RASshp53,p53,none,,RASshp53,RAS,12d,OIS,none,PRJNA299683,10.00%,HJURP,BRD4,none,No,,-3.141985,-5.035663e+16,12.0,Lung,,,,No,1.9858360000000003e-17,,,3,R,RAS,OIS,No,Illumina_HiSeq_2500,Single,Human,100,tasdemir,HRASG12V,12d,shBRD4,none,RASshBRD4_RASshp53,,tasdemir_RASshBRD4_RASshp53,Holliday junction recognition protein,Inhibits,Unclear,23292286,downregulated
202873,GSE103938,Limma,,IMR,,RAS,none,none,12.0,RAS10d,RAS,10d,OIS,none,PRJNA407729,,ING2,mTOR,none,No,,-1.02570750987097,-85.1470948947031,10.0,Lung,,,12.0,No,0.0117443818986032,,,3,R,OSKM,OSKM,No,Illumina_HiSeq_2500,Single,Human,50,aarts_1,OSKM,10d,rapamycin,10nM,OSKM10nMRap_R,,aarts_1_OSKM10nMRap_R,inhibitor of growth family member 2,Induces,Replicative,16024799,downregulated
19653741,GSE234417,Limma,,WI38,5%,DDIS,none,none,,12Gy,IR,20d,DDIS,none,PRJNA981207,10%,STAT3,none,none,No,,-0.202397535075722,-12.7457440339187,20.0,Lung,5%,Yes,,No,0.0784575617820991,,12Gy,4,R,IR,DDIS,No,Illumina_NextSeq_500,Single,Human,85,Gulen,IR,20d,H151,0.5uM_FromD10PerDayFor10days,DH_D,,Gulen_DH_D,signal transducer and activator of transcription 3,Induces,Oncogene-induced,22374671,no_change
5334411,GSE127116,Limma,,IMR,,RAS,none,none,,RASd8,RAS,8d,OIS,none,PRJNA524181,10.00%,ZMPSTE24,LTR2,none,No,,-0.05648938,-1.301712,8.0,Lung,,,,No,0.7682192,,,3,R,RAS,OIS,No,IonXpress,Single,Human,110,hari,ER:RAS,8d,siLTR2,none,R8siLTR2_R8,,hari_R8siLTR2_R8,zinc metallopeptidase STE24,Inhibits,Replicative,24101728,no_change
57483210,GSE213993,Limma,,WI38,5%,DDIS,none,none,,DDIS_siControl,IR,10d,DDIS,none,PRJNA883434,10%,MAST1,BAFF,none,No,,-1.54408498348836,-558.276515974905,10.0,Lung,,1%,,No,0.0017912270557426,,10Gy_10days,2,R,IR,DDIS,No,NovaSeq_6000,Paired,Human,217-219,Rossi,IR,10d,siBAFF,none,Dsi_D,,Rossi_Dsi_D,microtubule associated serine/threonine kinase 1,Induces,Unclear,26583757,downregulated
11599540,GSE178115,Limma,Agilent,HDF,,REP,ROCK_ATM,none,,REP_3d,REP,3d,REP,none,PRJNA737497,10%,ARID3A,none,none,No,,-180.0,-173.6339,3.0,Skin,,,,Yes,0.005759244,,,3,M,REP,REP,No,,,Human,,Yang,REP,3d,Y27632_KU60019,2.5uM_0.5uM,R3dCOMBOi_R3d,1,Yang_R3dCOMBOi_R3d,AT-rich interaction domain 3A,Inhibits,Oncogene-induced,11812999,downregulated
3585153,GSE19864,Limma,Affymetrix_U133A,IMR,,RAS_shpRb,pRb,none,,RAS_shpRb,RAS,7d,OIS,none,PRJNA124029,10.0%,PRKAA2,p107,none,No,,0.02128513,1.142318,7.0,Lung,,,,No,0.8754131,,,2,M,RAS,OIS,No,,,Human,,chicas_1,H-rasV12,7d,shp107,none,Rshp107_RshRB,1,chicas_1_Rshp107_RshRB,protein kinase AMP-activated catalytic subunit alpha 2,Inhibits,Stress-induced,26890602,no_change
2606068,GSE134747,Limma,Illumina_HT12V4,BJ,,OIS,none,GR,,BRAF_48h_Clob_2h,RAF,2d,OIS,none,PRJNA556258,,NIPA2,none,GR,Yes,hTERT,50.10286,49.32488,3.0,Skin,,,,Yes,0.02027374,,1000ng_ml,4,M,RAF,OIS,No,,,human,,carvalho_1,BRAF_doxycycline,3d,clobetasol,2nM_2h,O72Clob2_O48Clob2,1,carvalho_1_O72Clob2_O48Clob2,NIPA magnesium transporter 2,Inhibits,Unclear,32264951,upregulated
542718,GSE40349,Limma,Affymetrix_U133A,IMR,,RAS,pRb,none,,RASshRB,RAS,7d,OIS,none,PRJNA173792,10%,TIMELESS,E2F7,none,No,,-1.202095,-15608.81,7.0,Lung,,,,No,6.406637e-05,,,2,M,RAS,OIS,No,,,Human,,aksoy_1,ER:RasV12,7d,ShE2F7,none,SshE2F7_SshRB,1,aksoy_1_SshE2F7_SshRB,timeless circadian regulator,Inhibits,Oncogene-induced,30100061,downregulated
56835410,GSE214409,Limma,,IMR,,OIS,none,none,,RAS,RAS,7d,OIS,,PRJNA885153,10%,LOXL2,none,WSTF,No,,1.62323834310319,64077643399.9291,7.0,Lung,3%,,,No,1.56060670608418e-11,,,3,R,Prolif,,No,Illumina_HiSeq_2500,Single,Human,51,Dou,Prolif_WSTFOE,7d,WSTF,none,PW_O,,Dou_PW_O,lysyl oxidase like 2,Inhibits,Oncogene-induced,24113189,upregulated
4438397,GSE101766,Limma,,IMR,,RAS,none,none,14.0,RAS_shC,RAS,6d,OIS,none,PRJNA395386,,P3H1,PTBP1,none,No,,-1.34855,-27828.28,6.0,Lung,,,14.0,No,3.593466e-05,,,3,R,RAS,OIS,No,Illumina_HiSeq_2500,Single,Human,50,georgilis_1,ER_RAS,6d,PTBP1,none,PTBP1_RASc,,georgilis_1_PTBP1_RASc,prolyl 3-hydroxylase 1,Inhibits,Replicative,26206181,downregulated
11663759,GSE178115,Limma,Agilent,HDF,,REP,ROCK_ATM,none,,REP_8d,REP,8d,REP,none,PRJNA737497,10%,BRD7,none,none,No,,-250.8333,-2.175256,8.0,Skin,,,,No,0.459716,,,3,M,REP,REP,No,,,Human,,Yang,REP,8d,Y27632_KU60019,2.5uM_0.5uM,R8dCOMBOi_R8d,1,Yang_R8dCOMBOi_R8d,bromodomain containing 7,Induces,Replicative,20660729,no_change
10956836,GSE156648,Limma,,IMR,,OIS,none,none,,RAS,RAS,4d,OIS,none,PRJNA658579,10.00%,PAK4,DOT1L,none,No,,-0.4137261,-79.16876,4.0,Lung,2.00%,,,No,0.01263124,,,3,R,RAS,OIS,No,Illumina_NovaSeq6000,Paired,Human,150,leon,pBABEHRASG12V,4d,pLKO.1_shDOT1L,none,OKD_O,,leon_OKD_O,p21 (RAC1) activated kinase 4,Induces,Unclear,26583757,no_change
198250,GSE103938,Limma,,IMR,,RAS,none,none,12.0,RAS10d,RAS,10d,OIS,none,PRJNA407729,,ADCK5,mTOR,none,No,,1.04648392163395,53.083789118575,10.0,Lung,,,12.0,No,0.0188381428041293,,,3,R,OSKM,OSKM,No,Illumina_HiSeq_2500,Single,Human,50,aarts_1,OSKM,10d,rapamycin,10nM,OSKM10nMRap_R,,aarts_1_OSKM10nMRap_R,aarF domain containing kinase 5,Induces,Unclear,26583757,upregulated
4193742,GSE101766,Limma,,IMR,,RAS,none,none,14.0,RAS_shC,RAS,6d,OIS,none,PRJNA395386,,STAG2,DUSP11,none,No,,1.095221,181.4223,6.0,Lung,,,14.0,No,0.005512002,,,3,R,RAS,OIS,No,Illumina_HiSeq_2500,Single,Human,50,georgilis_1,ER_RAS,6d,DUSP11,none,DUSP11_RASc,,georgilis_1_DUSP11_RASc,stromal antigen 2,Induces,Replicative,28819029,upregulated
5861403,GSE122079,Limma,,IMR,,RAS_digoxin,IONpump,none,14.0,RAS16h_dig,RAS,7d,OIS,none,PRJNA503415,10.00%,NEK2,IONpump,none,No,,0.0,0.0,7.0,Lung,,,14.0,No,1.0,,,3,R,RAS,OIS,No,Illumina_HiSeq_2500,Single,Human,50,herranz_2,ER_RAS,7d,digoxin,none,RASdig36_RASdig16,,herranz_2_RASdig36_RASdig16,NIMA related kinase 2,Inhibits,Unclear,32264951,no_change
534801,GSE40349,Limma,Affymetrix_U133A,IMR,,RAS,pRb,none,,RASshRB,RAS,7d,OIS,none,PRJNA173792,10%,DDB2,E2F7,none,No,,-1.040078,-6634.997,7.0,Lung,,,,No,0.000150716,,,2,M,RAS,OIS,No,,,Human,,aksoy_1,ER:RasV12,7d,ShE2F7,none,SshE2F7_SshRB,1,aksoy_1_SshE2F7_SshRB,damage specific DNA binding protein 2,Induces,Oncogene-induced,20351176,downregulated
13279118,GSE196610,Limma,,IMR,5%,DDIS,none,Parkin,,IR_ParkinYFP,IR,10d,DDIS,none,PRJNA806156,10.00%,ID1,none,Parkin,No,,1.371598835527,568146985.447944,10.0,Lung,3%,,,No,1.7601079044916e-09,,20Gy,3,R,IR,DDIS,No,Illumina_NovaSeq6000,Paired,Human,202,Victorelli,IR,10d,CCCP,12uM,DPC_DP,,Victorelli_DPC_DP,"inhibitor of DNA binding 1, HLH protein",Inhibits,Replicative,12177246,upregulated
199720,GSE103938,Limma,,IMR,,RAS,none,none,12.0,RAS10d,RAS,10d,OIS,none,PRJNA407729,,CD34,mTOR,none,No,,0.0,0.0,10.0,Lung,,,12.0,No,1.0,,,3,R,OSKM,OSKM,No,Illumina_HiSeq_2500,Single,Human,50,aarts_1,OSKM,10d,rapamycin,10nM,OSKM10nMRap_R,,aarts_1_OSKM10nMRap_R,CD34 molecule,Induces,Unclear,25879198,no_change
5561697,GSE61130,Limma,,IMR,,RAS,none,none,15.0,RAS_EV,RAS,7d,OIS,none,PRJNA260300,,GJA1,none,ZFP36L1,No,,-1.470931,-18459371430.0,7.0,Lung,,,15.0,No,5.417303e-11,,,3,R,RAS,OIS,No,Illumina_HiSeq_2500,Paired,Human,200,herranz_1,ER_RAS,7d,ZFP36L1mut,none,RASZmut_RAS,,herranz_1_RASZmut_RAS,gap junction protein alpha 1,Induces,Unclear,30518918,downregulated
8069673,GSE24810,Limma,Affymetrix_U133A,HMF3A,5%,OIS,none,none,,Inactive_SV40LT_EV,SV40,7d,OIS,none,PRJNA132307,0.25%,WIPI1,p53,none,Yes,hTERT_SV40_LT,-0.9301397,-4276665846.0,7.0,Skin,20%,Yes,,No,2.33827e-10,,,3,M,SV40,OIS,No,,,Human,,parmjit_1,SV40_LT,7d,GSE_DomNeg_p53,none,SSVp53g_SSVev,1,parmjit_1_SSVp53g_SSVev,"WD repeat domain, phosphoinositide interacting 1",Inhibits,Unclear,30352807,no_change
4546648,GSE101766,Limma,,IMR,,RAS,none,none,14.0,RAS_shC,RAS,6d,OIS,none,PRJNA395386,,GDF15,p53,none,No,,-2.293285,-711.6786,6.0,Lung,,,14.0,No,0.001405129,,,3,R,RAS,OIS,No,Illumina_HiSeq_2500,Single,Human,50,georgilis_1,ER_RAS,6d,p53,none,P53_RASc,,georgilis_1_P53_RASc,growth differentiation factor 15,Induces,Oncogene-induced,26909594,downregulated
6714198,GSE53379,Limma,Illumin_HWG6V3,IMR,,DDISshp53,p53,none,,Quiesce1dEtopshp53,Etoposide,7d,DDIS,none,PRJNA231867,10.00%,LAYN,p53,E1A,No,,-1.675154,-16047696180.0,,Lung,5.00%,Yes,,No,6.231424e-11,,,3,M,,,No,,,Human,,kirschner_1,,,shp53,none,Ishp53_QD24shp53,1,kirschner_1_Ishp53_QD24shp53,layilin,Induces,Unclear,21740549,downregulated
8062404,GSE24810,Limma,Affymetrix_U133A,HMF3A,5%,OIS,none,none,,Inactive_SV40LT_EV,SV40,7d,OIS,none,PRJNA132307,0.25%,HBP1,p53,none,Yes,hTERT_SV40_LT,-0.04889468,-1.636545,7.0,Skin,20%,Yes,,No,0.6110434,,,3,M,SV40,OIS,No,,,Human,,parmjit_1,SV40_LT,7d,GSE_DomNeg_p53,none,SSVp53g_SSVev,1,parmjit_1_SSVp53g_SSVev,HMG-box transcription factor 1,Induces,Oncogene-induced,16966377,no_change
3592055,GSE19864,Limma,Affymetrix_U133A,IMR,,RAS_shpRb,pRb,none,,RAS_shpRb,RAS,7d,OIS,none,PRJNA124029,10.0%,CYB5R3,p130,none,No,,1.196288,102.3975,7.0,Lung,,,,No,0.009765863,,,2,M,RAS,OIS,No,,,Human,,chicas_1,H-rasV12,7d,shp130,none,Rshp130_RshRB,1,chicas_1_Rshp130_RshRB,cytochrome b5 reductase 3,Inhibits,Unclear,24450884,upregulated
4188241,GSE101766,Limma,,IMR,,RAS,none,none,14.0,RAS_shC,RAS,6d,OIS,none,PRJNA395386,,HJURP,DUSP11,none,No,,0.0,0.0,6.0,Lung,,,14.0,No,1.0,,,3,R,RAS,OIS,No,Illumina_HiSeq_2500,Single,Human,50,georgilis_1,ER_RAS,6d,DUSP11,none,DUSP11_RASc,,georgilis_1_DUSP11_RASc,Holliday junction recognition protein,Inhibits,Unclear,23292286,no_change
2600457,GSE134747,Limma,Illumina_HT12V4,BJ,,OIS,none,GR,,BRAF_48h_Clob_2h,RAF,2d,OIS,none,PRJNA556258,,BMI1,none,GR,Yes,hTERT,169.592,240623300000000.0,3.0,Skin,,,,Yes,4.155874e-15,,1000ng_ml,4,M,RAF,OIS,No,,,human,,carvalho_1,BRAF_doxycycline,3d,clobetasol,2nM_2h,O72Clob2_O48Clob2,1,carvalho_1_O72Clob2_O48Clob2,"BMI1 proto-oncogene, polycomb ring finger",Inhibits,Replicative,12482990,upregulated
3712455,GSE2487,Limma,Affymetrix_U133A,IMR,,OIS,none,SmallT,,MEK_ER_SmallT,MEK,3d,OIS,none,PRJNA91885,,VEGFA,none,E6_E7,Yes,hTERT,670.05,70.59638,,Lung,,,,No,0.01416503,,,2,M,,,No,,,Human,,collado_1,,,E6_E7,none,RE67_Rst,1,collado_1_RE67_Rst,vascular endothelial growth factor A,Inhibits,Replicative,9160882,upregulated
3613593,GSE19864,Limma,Affymetrix_U133A,IMR,,RAS_shp107,p107,none,,RAS_shp107,RAS,7d,OIS,none,PRJNA124029,10.0%,WIPI1,p130,none,No,,-0.2531501,-3.78675,7.0,Lung,,,,No,0.2640787,,,2,M,RAS,OIS,No,,,Human,,chicas_1,H-rasV12,7d,shp130,none,Rshp130_Rshp107,1,chicas_1_Rshp130_Rshp107,"WD repeat domain, phosphoinositide interacting 1",Inhibits,Unclear,30352807,no_change
5204602,GSE98216,Limma,Affymetrix_HuGene2,IMR,,E7,none,none,,E7STAT5A,E7_STAT5A,8d,OIS,none,PRJNA384317,10.00%,MDH1,none,none,No,,0.0,0.0,8.0,Lung,,1.00%,,No,1.0,,,3,M,E7_STAT5A,OIS,No,,,Human,,germain_1,E7_STAT5A,8d,shSOCS1,none,EshSOCS1_E,1,germain_1_EshSOCS1_E,malate dehydrogenase 1,Inhibits,Unclear,22971926,no_change
6049780,E-MEXP-2241,Limma,Affymetrix_U133A,Tig3,5.00%,OIS,none,none,,BRAF,RAF,3d,OIS,none,,10.00%,SIRT3,miR34a,none,Yes,hTERT,-0.1183747,-3.395898,3.0,Lung,,Yes,,Yes,0.2944729,,,3,M,RAF,OIS,No,,,Human,,jacobsen_1,deltaBRAF_ER,3d,LNAmiR34a,none,B34_B,1,jacobsen_1_B34_B,sirtuin 3,Inhibits,Stress-induced,23494737,no_change
7037339,GSE75643,Limma,,Tig3,,BRAF,none,none,,BRAF10d,RAF,10d,OIS,none,PRJNA302675,9.00%,NF2,none,SV40smallT,Yes,hTERT,1.10839,428818.0,10.0,Lung,,,,No,2.331992e-06,,,3,R,RAF,OIS,No,Illumina_HiSeq_2000,Single,Human,51,lenain,BRAFE600,10d,SV40smallT,none,BRAF10SV40_10,,lenain_BRAF10SV40_10,neurofibromin 2,Induces,Oncogene-induced,18267069,upregulated
5125100,GSE101750,Limma,,IMR,,RAS,none,none,15.0,RAS_EV_no_sh,RAS,6d,OIS,none,PRJNA395363,10.00%,ARG2,PTBP1,none,No,,-1.023835,-30021.08,6.0,Lung,,,15.0,No,3.330992e-05,,,3,R,RAS,OIS,No,Illumina_HiSeq_2500,Paired,Human,201,georgilis_2,ER:RAS,6d,shPTBP1,none,RASshPTBP1_RAS,,georgilis_2_RASshPTBP1_RAS,arginase 2,Induces,Unclear,23832324,downregulated
2576400,GSE134747,Limma,Illumina_HT12V4,BJ,,OIS,none,none,,BRAF_48h_DMSO_2h,RAF,2d,OIS,none,PRJNA556258,,CDKN2A,none,GR,Yes,hTERT,8.480697,14.80082,2.0,Skin,,,,Yes,0.0675638,,1000ng_ml,4,M,RAF,OIS,No,,,human,,carvalho_1,BRAF_doxycycline,2d,clobetasol,2nM_2h,O48Clob2_O48DMSO2,1,carvalho_1_O48Clob2_O48DMSO2,cyclin dependent kinase inhibitor 2A,Induces,Replicative,9607312,no_change
1603396,GSE122918,Limma,Affymetrix_HTA2_0,WI38,,RAS,ETS1,none,,R144_siETS1,RAS,6d,OIS,none,PRJNA506911,,NF1,JUN,none,No,,2.05,4230570000000.0,6.0,Lung,,,,No,2.363747e-13,,,4,M,RAS,OIS,No,,,human,,bischof_2,ER:RASv12,6d,siJUN1,20uM,R144jun1_R144ets11,1,bischof_2_R144jun1_R144ets11,neurofibromin 1,Inhibits,Oncogene-induced,25824590,upregulated
47652821,GSE224071,Limma,,IMR,5%,OIS,none,none,,RAS_100nM4OHT,RAS,10d,OIS,none,PRJNA929514,10%,SERPINB2,none,none,No,,-1.56131783207178,-12363.3532832698,10.0,Lung,,Yes,,No,8.0884204882603e-05,,100nM_4OHT_7days,3,R,RAS,OIS,No,NextSeq_2000,Single,Human,71,McHugh_2,RAS,10d,DDD86481,1.5uM,ODDD_O,,McHugh_2_ODDD_O,serpin family B member 2,Induces,Unclear,28794016,downregulated
4500720,GSE101766,Limma,,IMR,,RAS,none,none,14.0,RAS_shC,RAS,6d,OIS,none,PRJNA395386,,PINK1,TMEM219,none,No,,-1.085449,-25440.03,6.0,Lung,,,14.0,No,3.930813e-05,,,3,R,RAS,OIS,No,Illumina_HiSeq_2500,Single,Human,50,georgilis_1,ER_RAS,6d,TMEM219,none,TMEM219_RASc,,georgilis_1_TMEM219_RASc,PTEN induced kinase 1,Inhibits,Stress-induced,29890141,downregulated
63731161,GSE213993,Limma,,WI38,5%,DDIS,none,none,,DDIS_siControl,IR,10d,DDIS,none,PRJNA883434,10%,PAK2,BAFF,none,No,,1.11058112258615,1953041.75753097,10.0,Lung,,1%,,No,5.12021822443876e-07,,10Gy_10days,2,R,IR,DDIS,No,NovaSeq_6000,Paired,Human,217-219,Rossi,IR,10d,siBAFF,none,Dsi_D,,Rossi_Dsi_D,p21 (RAC1) activated kinase 2,Induces,Oncogene-induced,31209047,upregulated
5799258,GSE122079,Limma,,IMR,,RAS_caspase_inhibitor,caspase,none,14.0,RAS_EV36hCI,RAS,7d,OIS,none,PRJNA503415,10.00%,MXD4,IONpump,none,No,,-1.376236,-2109548445.0,7.0,Lung,,,14.0,No,4.740351e-10,,,3,R,RAS,OIS,No,Illumina_HiSeq_2500,Single,Human,50,herranz_2,ER_RAS,7d,ouabain_caspase_inhibitor,none,RASouab36CI_RAS36CI,,herranz_2_RASouab36CI_RAS36CI,MAX dimerization protein 4,Induces,Replicative,12761891,downregulated
5772474,GSE122079,Limma,,IMR,,RAS,none,none,14.0,RAS_EV16h,RAS,6d,OIS,none,PRJNA503415,10.00%,HBP1,IONpump,none,No,,1.679356,2384658000000.0,6.0,Lung,,,14.0,No,4.193473e-13,,,3,R,RAS,OIS,No,Illumina_HiSeq_2500,Single,Human,50,herranz_2,ER_RAS,6d,ouabain,none,RASouab16_RAS16,,herranz_2_RASouab16_RAS16,HMG-box transcription factor 1,Induces,Oncogene-induced,16966377,upregulated
16341312,GSE196610,Limma,,IMR,5%,DDIS,none,Parkin,,IR_ParkinYFP,IR,10d,DDIS,none,PRJNA806156,10.00%,AURKB,none,Parkin_mtDNA,No,,-2.27157158442882,-244172589.454681,10.0,Lung,3%,,,No,4.095463795642811e-09,,20Gy,3,R,IR,DDIS,No,Illumina_NovaSeq6000,Paired,Human,202,Victorelli,IR,10d,CCCP_mtDNA,12uM_15ug,DPCM_DP,,Victorelli_DPCM_DP,aurora kinase B,Inhibits,Unclear,22024481,downregulated
8099538,GSE24810,Limma,Affymetrix_U133A,HMF3A,5%,OIS,none,none,,Inactive_SV40LT_EV,SV40,7d,OIS,none,PRJNA132307,0.25%,HBP1,E2F,none,Yes,hTERT_SV40_LT,-0.3732834,-2836.667,7.0,Skin,20%,Yes,,No,0.0003525264,,,3,M,SV40,OIS,No,,,Human,,parmjit_1,SV40_LT,7d,DB_DomNeg_E2F,none,SSVe2f_SSVev,1,parmjit_1_SSVe2f_SSVev,HMG-box transcription factor 1,Induces,Oncogene-induced,16966377,no_change
10170109,GSE132370,Limma,,IMR,5.00%,IR_TSA,HDAC,none,,ProlifEV_TSA,IR,10d,DDIS,none,PRJNA547766,10.00%,PPARG,HDAC,none,No,,-1.213432,-153.9924,,Lung,3.00%,Yes,,No,0.006493828,,,3,R,,,No,NextSeq_500,Paired,Human,70,vizioli_2,,,TSA,100nM,Pt_P,,vizioli_2_Pt_P,peroxisome proliferator activated receptor gamma,Induces,Replicative,18544633,downregulated
5859479,GSE122079,Limma,,IMR,,RAS_digoxin,IONpump,none,14.0,RAS16h_dig,RAS,7d,OIS,none,PRJNA503415,10.00%,ID1,IONpump,none,No,,-2.019716,-71378.26,7.0,Lung,,,14.0,No,1.400987e-05,,,3,R,RAS,OIS,No,Illumina_HiSeq_2500,Single,Human,50,herranz_2,ER_RAS,7d,digoxin,none,RASdig36_RASdig16,,herranz_2_RASdig36_RASdig16,"inhibitor of DNA binding 1, HLH protein",Inhibits,Replicative,12177246,downregulated
3561694,GSE19864,Limma,Affymetrix_U133A,IMR,,RAS,none,none,,RAS,RAS,7d,OIS,none,PRJNA124029,10.0%,SFRP1,p107,none,No,,-2.342537,-122.1326,7.0,Lung,,,,No,0.008187822,,,2,M,RAS,OIS,No,,,Human,,chicas_1,H-rasV12,7d,shp107,none,Rshp107_R,1,chicas_1_Rshp107_R,secreted frizzled related protein 1,Induces,Stress-induced,22927647,downregulated
11668315,GSE178115,Limma,Agilent,HDF,,REP,ROCK_ATM,none,,REP_8d,REP,8d,REP,none,PRJNA737497,10%,FOXO1,none,none,No,,26.33333,2.640432,8.0,Skin,,,,No,0.3787258,,,3,M,REP,REP,No,,,Human,,Yang,REP,8d,Y27632_KU60019,2.5uM_0.5uM,R8dCOMBOi_R8d,1,Yang_R8dCOMBOi_R8d,forkhead box O1,Induces,Unclear,30088951,no_change
510442,GSE40349,Limma,Affymetrix_U133A,IMR,,RAS,none,none,,RASshLuc,RAS,7d,OIS,none,PRJNA173792,10%,E2F7,E2F7,none,No,,-1.173151,-7198.345,7.0,Lung,,,,No,0.0001389208,,,2,M,RAS,OIS,No,,,Human,,aksoy_1,ER:RasV12,7d,ShE2F7,none,SshE2F7_R,1,aksoy_1_SshE2F7_R,E2F transcription factor 7,Induces,Oncogene-induced,22802529,downregulated
5801205,GSE122079,Limma,,IMR,,RAS_caspase_inhibitor,caspase,none,14.0,RAS_EV36hCI,RAS,7d,OIS,none,PRJNA503415,10.00%,RAD51C,IONpump,none,No,,-1.31,-3603810.0,7.0,Lung,,,14.0,No,2.774841e-07,,,3,R,RAS,OIS,No,Illumina_HiSeq_2500,Single,Human,50,herranz_2,ER_RAS,7d,ouabain_caspase_inhibitor,none,RASouab36CI_RAS36CI,,herranz_2_RASouab36CI_RAS36CI,RAD51 paralog C,Inhibits,Stress-induced,26820992,downregulated
10954979,GSE156648,Limma,,IMR,,OIS,none,none,,RAS,RAS,4d,OIS,none,PRJNA658579,10.00%,KEAP1,DOT1L,none,No,,-1.899743,-5244812455.0,4.0,Lung,2.00%,,,No,1.906646e-10,,,3,R,RAS,OIS,No,Illumina_NovaSeq6000,Paired,Human,150,leon,pBABEHRASG12V,4d,pLKO.1_shDOT1L,none,OKD_O,,leon_OKD_O,kelch like ECH associated protein 1,Induces,Stress-induced,31491600,downregulated
3581865,GSE19864,Limma,Affymetrix_U133A,IMR,,RAS_shpRb,pRb,none,,RAS_shpRb,RAS,7d,OIS,none,PRJNA124029,10.0%,HSP90AB1,p107,none,No,,1.020952,33.50936,7.0,Lung,,,,No,0.02984241,,,2,M,RAS,OIS,No,,,Human,,chicas_1,H-rasV12,7d,shp107,none,Rshp107_RshRB,1,chicas_1_Rshp107_RshRB,heat shock protein 90 alpha family class B member 1,Inhibits,Oncogene-induced,27793846,upregulated
18346311,GSE190998,Limma,,WI38,5%,Prolif,none,none,,Prolif_siCtrl,Etoposide,8d,DDIS,none,PRJNA789266,10%,NUTF2,BDNF,none,No,,0.338350689485329,2239.76547371987,8.0,Lung,,0.50%,,No,0.0004464753170514,,50uM,3,R,Etoposide,DDIS,No,Illumina_NovaSeq6000,Paired,Human,204,Anerillas_2,Etoposide,8d,siBDNF,none,DB_P,,Anerillas_2_DB_P,nuclear transport factor 2,Inhibits,Unclear,29970603,no_change
4246466,GSE101766,Limma,,IMR,,RAS,none,none,14.0,RAS_shC,RAS,6d,OIS,none,PRJNA395386,,ATG5,IFNA17,none,No,,1.616502,71599771428.0,6.0,Lung,,,14.0,No,1.396653e-11,,,3,R,RAS,OIS,No,Illumina_HiSeq_2500,Single,Human,50,georgilis_1,ER_RAS,6d,IFNA17,none,IFNA17_RASc,,georgilis_1_IFNA17_RASc,autophagy related 5,Inhibits,Oncogene-induced,19279323,upregulated
5385913,GSE127116,Limma,,IMR,,RAS_siLTR2,LTR2,none,,RASd8_siLTR2,RAS,8d,OIS,none,PRJNA524181,10.00%,CASP2,LTR10,none,No,,0.1563842,2.469145,8.0,Lung,,,,No,0.4049985,,,3,R,RAS,OIS,No,IonXpress,Single,Human,110,hari,ER:RAS,8d,siLTR10,none,R8siLTR10_R8siLTR2,,hari_R8siLTR10_R8siLTR2,caspase 2,Induces,Oncogene-induced,25114039,no_change
4370354,GSE101766,Limma,,IMR,,RAS,none,none,14.0,RAS_shC,RAS,6d,OIS,none,PRJNA395386,,AXL,NRG1,none,No,,1.039979,2124.769,6.0,Lung,,,14.0,No,0.0004706395,,,3,R,RAS,OIS,No,Illumina_HiSeq_2500,Single,Human,50,georgilis_1,ER_RAS,6d,NRG1,none,NRG1_RASc,,georgilis_1_NRG1_RASc,AXL receptor tyrosine kinase,Induces,Unclear,26583757,upregulated
11309240,GSE124609,Limma,,WI38,,REP,none,none,,Prolif,REP,4d,REP,none,PRJNA512837,,PI4KB,none,none,No,,0.09362524,1.765799,4.0,Lung,,1.00%,,No,0.566316,,,2,R,REP,REP,No,Illumina_HiSeq_2000,Single,Human,51,sabath,REP,4d,HeatShock,2hr_440C_onD4,RHS_R,,sabath_RHS_R,phosphatidylinositol 4-kinase beta,Induces,Oncogene-induced,29420297,no_change
4473256,GSE101766,Limma,,IMR,,RAS,none,none,14.0,RAS_shC,RAS,6d,OIS,none,PRJNA395386,,IL6,SHFM3,none,No,,0.0,0.0,6.0,Lung,,,14.0,No,1.0,,,3,R,RAS,OIS,No,Illumina_HiSeq_2500,Single,Human,50,georgilis_1,ER_RAS,6d,SHFM3,none,SHFM3_RASc,,georgilis_1_SHFM3_RASc,interleukin 6,Induces,Oncogene-induced,18555778,no_change
10171500,GSE132370,Limma,,IMR,5.00%,IR_TSA,HDAC,none,,ProlifEV_TSA,IR,10d,DDIS,none,PRJNA547766,10.00%,SERPINE1,HDAC,none,No,,1.41297,10934.39,,Lung,3.00%,Yes,,No,9.145456e-05,,,3,R,,,No,NextSeq_500,Paired,Human,70,vizioli_2,,,TSA,100nM,Pt_P,,vizioli_2_Pt_P,serpin family E member 1,Induces,Replicative,16862142,upregulated
9767375,GSE74324,Limma,,IMR,,RASshp53,p53,none,,RASshp53,RAS,12d,OIS,none,PRJNA299683,10.00%,BRIP1,RELA,none,No,,-1.339091,-289697568.0,12.0,Lung,,,,No,3.451876e-09,,,3,R,RAS,OIS,No,Illumina_HiSeq_2500,Single,Human,100,tasdemir,HRASG12V,12d,shRELA,none,RASshRELA_RASshp53,,tasdemir_RASshRELA_RASshp53,BRCA1 interacting helicase 1,Inhibits,Oncogene-induced,22137763,downregulated
11641461,GSE178115,Limma,Agilent,HDF,,REP,ATM,none,,REP_8d,REP,8d,REP,none,PRJNA737497,10%,ALOX15B,none,none,No,,24.0,111.7636,8.0,Skin,,,,No,0.00894746,,,3,M,REP,REP,No,,,Human,,Yang,REP,8d,KU60019,0.5uM,R8dATMi_R8d,1,Yang_R8dATMi_R8d,arachidonate 15-lipoxygenase type B,Induces,Unclear,17164141,upregulated
2746962,GSE134747,Limma,Illumina_HT12V4,BJ,,OIS,none,GR,,BRAF_24h_Clob_2h,RAF,1d,OIS,none,PRJNA556258,,VCAN,none,GR,Yes,hTERT,-1.904628,-1.632971,2.0,Skin,,,,Yes,0.6123806,,1000ng_ml,4,M,RAF,OIS,No,,,human,,carvalho_1,BRAF_doxycycline,2d,clobetasol,2nM_2h,O48Clob2_O24Clob2,1,carvalho_1_O48Clob2_O24Clob2,versican,Induces,Stress-induced,30622695,no_change
16220051,GSE224070,Limma,,IMR,5%,DDIS,COPB2,none,,50ugmL_Bleomycin_24hr,Bleomycin,10d,DDIS,none,PRJNA929513,10%,ALDH2,COPB2,none,No,,-0.376041119128274,-123.865342708988,10.0,Lung,,Yes,,No,0.008073283277869,,100nM_4OHT,3,R,RAS,OIS,No,NextSeq_2000,Single,Human,71,McHugh_1,ER:RAS,10d,shCOPB2,1ugml_Doxycycline,Osh_Dsh,,McHugh_1_Osh_Dsh,aldehyde dehydrogenase 2 family member,Inhibits,Stress-induced,30538807,no_change
4420429,GSE101766,Limma,,IMR,,RAS,none,none,14.0,RAS_shC,RAS,6d,OIS,none,PRJNA395386,,CASP2,PROK2,none,No,,0.2327916,4.879644,6.0,Lung,,,14.0,No,0.204933,,,3,R,RAS,OIS,No,Illumina_HiSeq_2500,Single,Human,50,georgilis_1,ER_RAS,6d,PROK2,none,PROK2_RASc,,georgilis_1_PROK2_RASc,caspase 2,Induces,Oncogene-induced,25114039,no_change
4267635,GSE101766,Limma,,IMR,,RAS,none,none,14.0,RAS_shC,RAS,6d,OIS,none,PRJNA395386,,SMC2,IL15,none,No,,0.7533475,35.50731,6.0,Lung,,,14.0,No,0.02816321,,,3,R,RAS,OIS,No,Illumina_HiSeq_2500,Single,Human,50,georgilis_1,ER_RAS,6d,IL15,none,IL15_RASc,,georgilis_1_IL15_RASc,structural maintenance of chromosomes 2,Inhibits,Unclear,25474630,no_change
11465202,GSE145650,Limma,,IMR,5.00%,OIS,none,none,,ER_RAS_G12V,RAS,6d,OIS,none,PRJNA607798,10.00%,ITSN2,COX2,none,No,,0.5775217,577772.8,6.0,Lung,5.00%,,,No,1.730784e-06,,6d_100nM4OHT,8,R,RAS,OIS,No,Illumina_HiSeq_4000,Paired,Human,,hoare_3,ER_RAS_G12V,6d,Celecoxib,6d_40uM,OC_O,,hoare_3_OC_O,intersectin 2,Induces,Stress-induced,23472054,no_change
5761473,GSE122079,Limma,,IMR,,RAS_caspase_inhibitor,caspase,none,14.0,RAS_EV36hCI,RAS,7d,OIS,none,PRJNA503415,10.00%,MAP2K7,IONpump,none,No,,0.1958531,1.561054,7.0,Lung,,,14.0,No,0.6405929,,,3,R,RAS,OIS,No,Illumina_HiSeq_2500,Single,Human,50,herranz_2,ER_RAS,7d,digoxin_caspase_inhibitor,none,RASdig36CI_RAS36CI,,herranz_2_RASdig36CI_RAS36CI,mitogen-activated protein kinase kinase 7,Induces,Unclear,26583757,no_change
2725525,GSE134747,Limma,Illumina_HT12V4,BJ,,OIS,none,GR,,BRAF_24h_Clob_2h,RAF,1d,OIS,none,PRJNA556258,,CTNNB1,RELA,none,Yes,hTERT,1.607054,1.725335,1.0,Skin,,,,Yes,0.5795976,,1000ng_ml,3,M,RAF,OIS,No,,,human,,carvalho_1,BRAF_doxycycline,1d,compoundA,2uM_2h,O24CpdA2_O24Clob2,1,carvalho_1_O24CpdA2_O24Clob2,catenin beta 1,Induces,Unclear,24130040,no_change
11674169,GSE178115,Limma,Agilent,HDF,,REP,ROCK_ATM,none,,REP_8d,REP,8d,REP,none,PRJNA737497,10%,NOX1,none,none,No,,-13.33333,-7630.937,8.0,Skin,,,,No,0.0001310455,,,3,M,REP,REP,No,,,Human,,Yang,REP,8d,Y27632_KU60019,2.5uM_0.5uM,R8dCOMBOi_R8d,1,Yang_R8dCOMBOi_R8d,NADPH oxidase 1,Induces,Unclear,29042481,downregulated
4472932,GSE101766,Limma,,IMR,,RAS,none,none,14.0,RAS_shC,RAS,6d,OIS,none,PRJNA395386,,HIVEP1,SHFM3,none,No,,0.0,0.0,6.0,Lung,,,14.0,No,1.0,,,3,R,RAS,OIS,No,Illumina_HiSeq_2500,Single,Human,50,georgilis_1,ER_RAS,6d,SHFM3,none,SHFM3_RASc,,georgilis_1_SHFM3_RASc,HIVEP zinc finger 1,Inhibits,Unclear,18852884,no_change
4298429,GSE101766,Limma,,IMR,,RAS,none,none,14.0,RAS_shC,RAS,6d,OIS,none,PRJNA395386,,ESR1,KCNA5,none,No,,-0.01879065,-1.089677,6.0,Lung,,,14.0,No,0.9177034,,,3,R,RAS,OIS,No,Illumina_HiSeq_2500,Single,Human,50,georgilis_1,ER_RAS,6d,KCNA5,none,KCNA5_RASc,,georgilis_1_KCNA5_RASc,estrogen receptor 1,Inhibits,Oncogene-induced,27259243,no_change
11733198,GSE178115,Limma,Agilent,HDF,,REP,ROCK_ATM,none,,REP_15d,REP,15d,REP,none,PRJNA737497,10%,HMGA1,none,none,No,,1136.167,416.3987,15.0,Skin,,,,No,0.002401544,,,3,M,REP,REP,No,,,Human,,Yang,REP,15d,Y27632_KU60019,2.5uM_0.5uM,R15dCOMBOi_R15d,1,Yang_R15dCOMBOi_R15d,high mobility group AT-hook 1,Induces,Oncogene-induced,16901784,upregulated
164177,GSE103938,Limma,,IMR,,RAS_Rap1nM,mTOR,none,12.0,RAS_Rap1nM,RAS,10d,OIS,none,PRJNA407729,,ESR1,mTOR,none,No,,0.0,0.0,10.0,Lung,,,12.0,No,1.0,,,3,R,OSKM,OSKM,No,Illumina_HiSeq_2500,Single,Human,50,aarts_1,OSKM,10d,rapamycin,1nM,OSKM1nMRap_R1nMRap,,aarts_1_OSKM1nMRap_R1nMRap,estrogen receptor 1,Inhibits,Oncogene-induced,27259243,no_change
11340117,GSE141991,Limma,,IMR,5.00%,OIS,none,none,,ER_RAS,RAS,7d,OIS,none,PRJNA595545,10.00%,IL1R1,METTL14,none,No,,-1.483316,-10285.74,7.0,Lung,2.00%,,,No,9.722201e-05,,,3,R,RAS,OIS,No,NextSeq_500,Paired,Human,75,zhang_2,ER_RAS,7d,siMETTL14,none,OKO_O,,zhang_2_OKO_O,interleukin 1 receptor type 1,Induces,Oncogene-induced,18267069,downregulated
3954936,GSE99028,Limma,,IMR,,Etop,none,none,32.0,Etoposide,Etoposide,7d,DDIS,none,PRJNA387040,10.00%,MXD4,cGAS,none,No,,1.088013,68.2436,7.0,Lung,,Yes,32.0,No,0.01465339,,50uM_48h,2,R,Etoposide,DDIS,No,NextSeq_500,Single,Human,48,dou,Etoposide,7d,cGASsh,none,EtopGASsh_Etop,,dou_EtopGASsh_Etop,MAX dimerization protein 4,Induces,Replicative,12761891,upregulated
16815741,GSE234417,Limma,,WI38,5%,DDIS,none,none,,12Gy,IR,20d,DDIS,none,PRJNA981207,10%,DPY30,none,none,No,,-0.153273430569463,-16.808359403712,20.0,Lung,5%,Yes,,No,0.0594942061852363,,12Gy,4,R,IR,DDIS,No,Illumina_NextSeq_500,Single,Human,85,Gulen,IR,20d,H151,0.5uM_FromD10PerDayFor10days,DH_D,,Gulen_DH_D,dpy-30 histone methyltransferase complex regulatory subunit,Inhibits,Unclear,23872946,no_change
6620615,GSE53379,Limma,Illumin_HWG6V3,IMR,,DDIS,none,none,,DDIS,Etoposide,7d,DDIS,none,PRJNA231867,10.00%,TNFSF15,p53,none,No,,1.551103,1.111442e+16,7.0,Lung,5.00%,Yes,,No,8.997322000000001e-17,,10dPuromycin,3,M,RAS,OIS,No,,,Human,,kirschner_1,H-RASG12V,7d,shp53,none,Rshp53_D,1,kirschner_1_Rshp53_D,TNF superfamily member 15,Induces,Replicative,20675618,upregulated
4485521,GSE101766,Limma,,IMR,,RAS,none,none,14.0,RAS_shC,RAS,6d,OIS,none,PRJNA395386,,ID1,SKP1A,none,No,,1.035742,71998.44,6.0,Lung,,,14.0,No,1.388919e-05,,,3,R,RAS,OIS,No,Illumina_HiSeq_2500,Single,Human,50,georgilis_1,ER_RAS,6d,SKP1A,none,SKP1A_RASc,,georgilis_1_SKP1A_RASc,"inhibitor of DNA binding 1, HLH protein",Inhibits,Replicative,12177246,upregulated
176570,GSE103938,Limma,,IMR,,RAS_Rap10nM,mTOR,none,12.0,Ras_Rap10nM,RAS,10d,OIS,none,PRJNA407729,,ETS2,mTOR,none,No,,-1.99461239801341,-22047.5452865567,10.0,Lung,,,12.0,No,4.5356523232078e-05,,,3,R,OSKM,OSKM,No,Illumina_HiSeq_2500,Single,Human,50,aarts_1,OSKM,10d,rapamycin,10nM,OSKM10nMRap_R10nMRap,,aarts_1_OSKM10nMRap_R10nMRap,"ETS proto-oncogene 2, transcription factor",Induces,Oncogene-induced,11234019,downregulated
6623247,GSE53379,Limma,Illumin_HWG6V3,IMR,,OIS,none,none,,OIS,RAS,7d,OIS,none,PRJNA231867,10.00%,BCL6,p53,none,No,,1.105467,673.1689,7.0,Lung,5.00%,Yes,,No,0.001485511,,100uM2d+5d,3,M,Etoposide,DDIS,No,,,Human,,kirschner_1,Etoposide,7d,shp53,none,Dshp53_R,1,kirschner_1_Dshp53_R,BCL6 transcription repressor,Inhibits,Replicative,11914273,upregulated
11571849,GSE178115,Limma,Agilent,HDF,,REP,ROCK,none,,REP_3d,REP,3d,REP,none,PRJNA737497,10%,S100A6,none,none,No,,15271.67,79.28769,3.0,Skin,,,,Yes,0.0126123,,,3,M,REP,REP,No,,,Human,,Yang,REP,3d,Y27632,2.5uM,R3dROCKi_R3d,1,Yang_R3dROCKi_R3d,S100 calcium binding protein A6,Inhibits,Unclear,23095053,upregulated
1547756,GSE122918,Limma,Affymetrix_HTA2_0,WI38,,RAS,RELA,none,,R72_siRELA1,RAS,3d,OIS,none,PRJNA506911,,ANXA5,RELA,none,No,,0.175,423.4713,6.0,Lung,,,,No,0.002361435,,,4,M,RAS,OIS,No,,,human,,bischof_2,ER:RASv12,6d,siRELA1,20uM,R144relA1_R72relA1,1,bischof_2_R144relA1_R72relA1,annexin A5,Inhibits,Replicative,22728018,no_change
9375042,GSE60652,Limma,Affymetrix_U133A,IMR,,OIS,none,none,,ER_RAS,RAS,6d,OIS,none,PRJNA259203,,IRF1,pRb,none,No,,366.4,255.7079,6.0,Lung,,,,No,0.003910712,,,2,M,RAS,OIS,No,,,Human,,takebayashi,ER_RAS,6d,sipRb,none,RshRb_R,1,takebayashi_RshRb_R,interferon regulatory factor 1,Induces,Oncogene-induced,18267069,upregulated
3548955,GSE19864,Limma,Affymetrix_U133A,IMR,,RAS,none,none,,RAS,RAS,7d,OIS,none,PRJNA124029,10.0%,RRAS2,pRb,none,No,,-1.281941,-9396.839,7.0,Lung,,,,No,0.0001064188,,,2,M,RAS,OIS,No,,,Human,,chicas_1,H-rasV12,7d,shpRb,none,RshRB_R,1,chicas_1_RshRB_R,RAS related 2,Inhibits,Unclear,29440281,downregulated
5336903,GSE127116,Limma,,IMR,,RAS,none,none,,RASd8,RAS,8d,OIS,none,PRJNA524181,10.00%,CKB,LTR10,none,No,,-1.335096,-104749.0,8.0,Lung,,,,No,9.546628e-06,,,3,R,RAS,OIS,No,IonXpress,Single,Human,110,hari,ER:RAS,8d,siLTR10,none,R8siLTR10_R8,,hari_R8siLTR10_R8,creatine kinase B,Induces,Unclear,26583757,downregulated
7877788,GSE62701,Limma,Illumina_HT12V4,WI38,,DDIS,none,none,,DDIS_EV,Etoposide,21d,DDIS,none,PRJNA264903,,LIMK1,H2AJ,none,Yes,hTERT,2.215088,2.023087,21.0,Lung,,,,No,0.4942942,,,4,M,Etoposide,DDIS,No,,,Human,,olaso_1,Etoposide,21d,shH2AJ,none,DshH2_D,1,olaso_1_DshH2_D,LIM domain kinase 1,Induces,Unclear,26583757,no_change
5348353,GSE127116,Limma,,IMR,,RAS_siLTR2,LTR2,none,,RASd8_siLTR2,RAS,8d,OIS,none,PRJNA524181,10.00%,BIN1,LTR2,none,No,,0.0,0.0,8.0,Lung,,,,No,1.0,,,3,R,RAS,OIS,No,IonXpress,Single,Human,110,hari,ER:RAS,8d,siLTR2,none,R8siLTR2_R5siLTR2,,hari_R8siLTR2_R5siLTR2,bridging integrator 1,Induces,Oncogene-induced,18267069,no_change
11368637,GSE200479,Limma,,BJ,5%,OIS,none,none,,AKT1,AKT1,14d,OIS,none,PRJNA824798,15%,RARB,CBS,none,Yes,hTERT,1.336372,52462.14,14.0,Skin,,,,No,1.906137e-05,,,3,R,AKT,OIS,No,Illumina_NextSeq_500,Single,Human,75,Zhu,myristoylated_AKT1,14d,shCBA,none,OshCBS_O,,Zhu_OshCBS_O,retinoic acid receptor beta,Induces,Oncogene-induced,7737367,upregulated
7038205,GSE75643,Limma,,Tig3,,BRAF,none,none,,BRAF10d,RAF,10d,OIS,none,PRJNA302675,9.00%,PIM1,none,SV40smallT,Yes,hTERT,-1.587462,-998.757,10.0,Lung,,,,No,0.001001245,,,3,R,RAF,OIS,No,Illumina_HiSeq_2000,Single,Human,51,lenain,BRAFE600,10d,SV40smallT,none,BRAF10SV40_10,,lenain_BRAF10SV40_10,"Pim-1 proto-oncogene, serine/threonine kinase",Induces,Replicative,25040935,downregulated
1405349,GSE122918,Limma,Affymetrix_HTA2_0,WI38,,RAS,none,none,,R72_siCTRL,RAS,3d,OIS,none,PRJNA506911,,NF2,JUN,none,No,,-0.1,-1.775993,3.0,Lung,,,,Yes,0.5630653,,,2,M,RAS,OIS,No,,,human,,bischof_2,ER:RASv12,3d,siJUN1,20uM,R72jun1_R72ctrl,1,bischof_2_R72jun1_R72ctrl,neurofibromin 2,Induces,Oncogene-induced,18267069,no_change
16681113,GSE196610,Limma,,IMR,5%,DDIS,none,Parkin,,IR_ParkinYFP,IR,10d,DDIS,none,PRJNA806156,10.00%,CSNK2A1,none,Parkin_mtDNA,No,,1.08486558414818,17477.3830828214,10.0,Lung,3%,,,No,5.72168038693908e-05,,20Gy,3,R,IR,DDIS,No,Illumina_NovaSeq6000,Paired,Human,202,Victorelli,IR,10d,CCCP_mtDNA,12uM_15ug,DPCM_DP,,Victorelli_DPCM_DP,casein kinase 2 alpha 1,Inhibits,Replicative,16442104,upregulated
11863718,GSE221104,Limma,,WI38,,DDIS,none,none,,Etoposide,Etoposide,8d,DDIS,none,PRJNA912759,,TXNIP,none,none,No,,0.688976754857312,12586522.2615199,8.0,Lung,,,,No,7.94500640623539e-08,,50uM,3,R,Etoposide,DDIS,No,Illumina_NovaSeq6000,Paired,Human,217-218,Anerillas_3,Etoposide,8d,Verteporfin,1.5uM,DV_D,,Anerillas_3_DV_D,thioredoxin interacting protein,Induces,Replicative,20656682,no_change
6613600,GSE53379,Limma,Illumin_HWG6V3,IMR,,DDIS,none,none,,DDIS,Etoposide,7d,DDIS,none,PRJNA231867,10.00%,FOXQ1,p53,none,No,,2.289732,2.443743e+16,7.0,Lung,5.00%,Yes,,No,4.0920830000000006e-17,,10dPuromycin,3,M,RAS,OIS,No,,,Human,,kirschner_1,H-RASG12V,7d,shp53,none,Rshp53_D,1,kirschner_1_Rshp53_D,forkhead box Q1,Inhibits,Unclear,29500491,upregulated
3719224,GSE2487,Limma,Affymetrix_U133A,IMR,,OIS,none,SmallT,,MEK_ER_SmallT,MEK,3d,OIS,none,PRJNA91885,,MCM7,none,SmallT_E6_E7,Yes,hTERT,770.0,595.9345,,Lung,,,,No,0.001678037,,,2,M,,,No,,,Human,,collado_1,,,SmallT_E6_E7,none,RstE67_Rst,1,collado_1_RstE67_Rst,minichromosome maintenance complex component 7,Inhibits,Unclear,32264951,upregulated
4466003,GSE101766,Limma,,IMR,,RAS,none,none,14.0,RAS_shC,RAS,6d,OIS,none,PRJNA395386,,SRSF2,RNF6,none,No,,0.1053068,2.419753,6.0,Lung,,,14.0,No,0.4132654,,,3,R,RAS,OIS,No,Illumina_HiSeq_2500,Single,Human,50,georgilis_1,ER_RAS,6d,RNF6,none,RNF6_RASc,,georgilis_1_RNF6_RASc,serine and arginine rich splicing factor 2,Inhibits,Stress-induced,30026406,no_change
11104151,GSE144752,Limma,,BJ,,OIS,none,none,,BRAF_2d_1uM4OHT,BRAF,3d,OIS,none,PRJNA604779,10.00%,BCL3,YBX1,none,Yes,hTERT,-1.306514,-346.2782,3.0,Skin,,,,Yes,0.002887851,,2d_1uM4OHT,3,R,RAF,OIS,No,NextSeq_500,Single,Human,75,montes,BRAFE600,3d,siYBX1,none,OYKD_O,,montes_OYKD_O,BCL3 transcription coactivator,Inhibits,Unclear,25255445,downregulated
6686494,GSE53379,Limma,Illumin_HWG6V3,IMR,,DDISshp53,p53,none,,Quiesce1dEtopshp53,Etoposide,7d,DDIS,none,PRJNA231867,10.00%,CTSB,p53,none,No,,1.684605,2.437827e+17,7.0,Lung,5.00%,Yes,,No,4.102015e-18,,10dPuromycin,3,M,RAS,OIS,No,,,Human,,kirschner_1,H-RASG12V,7d,shp53,none,Rshp53_QD24shp53,1,kirschner_1_Rshp53_QD24shp53,cathepsin B,Inhibits,Unclear,30352807,upregulated
9676046,GSE74324,Limma,,IMR,,RAS,none,none,,RASshC,RAS,12d,OIS,none,PRJNA299683,10.00%,RPS6KB1,none,none,No,,0.04073377,1.396746,12.0,Lung,,,,No,0.7159498,,,3,R,RAS,OIS,No,Illumina_HiSeq_2500,Single,Human,100,tasdemir,HRASG12V,12d,DMSO,100nM_48h,RASwDMSO_RAS,,tasdemir_RASwDMSO_RAS,ribosomal protein S6 kinase B1,Induces,Unclear,22928666,no_change
161971,GSE103938,Limma,,IMR,,RAS_Rap1nM,mTOR,none,12.0,RAS_Rap1nM,RAS,10d,OIS,none,PRJNA407729,,BIN1,mTOR,none,No,,1.33763029235653,1023.33944261118,10.0,Lung,,,12.0,No,0.0009771928632481,,,3,R,OSKM,OSKM,No,Illumina_HiSeq_2500,Single,Human,50,aarts_1,OSKM,10d,rapamycin,1nM,OSKM1nMRap_R1nMRap,,aarts_1_OSKM1nMRap_R1nMRap,bridging integrator 1,Induces,Oncogene-induced,18267069,upregulated
194280,GSE103938,Limma,,IMR,,RAS,none,none,12.0,RAS10d,RAS,10d,OIS,none,PRJNA407729,,RNASEL,mTOR,none,No,,1.19454555089768,483.083286092071,10.0,Lung,,,12.0,No,0.0020700364280651,,,3,R,OSKM,OSKM,No,Illumina_HiSeq_2500,Single,Human,50,aarts_1,OSKM,10d,rapamycin,1nM,OSKM1nMRap_R,,aarts_1_OSKM1nMRap_R,ribonuclease L,Induces,Replicative,17130839,upregulated
4304513,GSE101766,Limma,,IMR,,RAS,none,none,14.0,RAS_shC,RAS,6d,OIS,none,PRJNA395386,,SLC13A3,KCNA5,none,No,,0.0,0.0,6.0,Lung,,,14.0,No,1.0,,,3,R,RAS,OIS,No,Illumina_HiSeq_2500,Single,Human,50,georgilis_1,ER_RAS,6d,KCNA5,none,KCNA5_RASc,,georgilis_1_KCNA5_RASc,solute carrier family 13 member 3,Induces,Stress-induced,25384549,no_change
9793407,GSE74324,Limma,,IMR,,RASshp53,p53,none,,RASshp53,RAS,12d,OIS,none,PRJNA299683,10.00%,CXCL1,p53_pRb,none,No,,1.009145,215.0941,12.0,Lung,,,,No,0.004649128,,,3,R,RAS,OIS,No,Illumina_HiSeq_2500,Single,Human,100,tasdemir,HRASG12V,12d,shp53pRb,none,RASshp53pRb_RASshp53,,tasdemir_RASshp53pRb_RASshp53,C-X-C motif chemokine ligand 1,Induces,Oncogene-induced,17060621,upregulated
2732452,GSE134747,Limma,Illumina_HT12V4,BJ,,OIS,none,GR,,BRAF_24h_Clob_2h,RAF,1d,OIS,none,PRJNA556258,,SIAH1,RELA,none,Yes,hTERT,12.08944,115.3725,1.0,Skin,,,,Yes,0.008667577,,1000ng_ml,3,M,RAF,OIS,No,,,human,,carvalho_1,BRAF_doxycycline,1d,compoundA,2uM_2h,O24CpdA2_O24Clob2,1,carvalho_1_O24CpdA2_O24Clob2,siah E3 ubiquitin protein ligase 1,Induces,Replicative,21057505,upregulated
3579570,GSE19864,Limma,Affymetrix_U133A,IMR,,RAS_shpRb,pRb,none,,RAS_shpRb,RAS,7d,OIS,none,PRJNA124029,10.0%,CSNK2A1,p107,none,No,,1.304416,17465.88,7.0,Lung,,,,No,5.725447e-05,,,2,M,RAS,OIS,No,,,Human,,chicas_1,H-rasV12,7d,shp107,none,Rshp107_RshRB,1,chicas_1_Rshp107_RshRB,casein kinase 2 alpha 1,Inhibits,Replicative,16442104,upregulated
5355417,GSE127116,Limma,,IMR,,RAS_siLTR2,LTR2,none,,RASd8_siLTR2,RAS,8d,OIS,none,PRJNA524181,10.00%,PTPN1,LTR2,none,No,,-0.05415318,-1.267845,8.0,Lung,,,,No,0.7887401,,,3,R,RAS,OIS,No,IonXpress,Single,Human,110,hari,ER:RAS,8d,siLTR2,none,R8siLTR2_R5siLTR2,,hari_R8siLTR2_R5siLTR2,protein tyrosine phosphatase non-receptor type 1,Unclear,Oncogene-induced,25175024,no_change
9844829,GSE74324,Limma,,IMR,,RASshRELA,RELA,none,,RASshRELA,RAS,12d,OIS,none,PRJNA299683,10.00%,HAUS4,p16_p21,none,No,,1.532012,26550165.0,12.0,Lung,,,,No,3.766455e-08,,,3,R,RAS,OIS,No,Illumina_HiSeq_2500,Single,Human,100,tasdemir,HRASG12V,12d,shp16p21,none,RASshp16p21_RASshRELA,,tasdemir_RASshp16p21_RASshRELA,HAUS augmin like complex subunit 4,Inhibits,Unclear,32264951,upregulated
9710601,GSE74324,Limma,,IMR,,RAS,none,none,,RASshC,RAS,12d,OIS,none,PRJNA299683,10.00%,MSN,RELA,none,No,,-1.389892,-7.411305e+36,12.0,Lung,,,,No,1.34929e-37,,,3,R,RAS,OIS,No,Illumina_HiSeq_2500,Single,Human,100,tasdemir,HRASG12V,12d,shRELA,none,RASshRELA_RAS,,tasdemir_RASshRELA_RAS,moesin,Inhibits,Unclear,20376899,downregulated
3981806,GSE151745,Limma,,WI38,,DDIS,none,none,,IR_10Gy,IR,8d,DDIS,none,PRJNA637079,,RECK,G3BP1,none,No,,-1.977386,-101.2143,8.0,Lung,,,,No,0.009880027,,10Gy,2,R,IR,DDIS,No,NextSeq_500,Single,Human,85,gallouzi,IR,8d,siG3BP1,none,IsiG3BP1_I,,gallouzi_IsiG3BP1_I,reversion inducing cysteine rich protein with kazal motifs,Inhibits,Unclear,20407016,downregulated
4312440,GSE101766,Limma,,IMR,,RAS,none,none,14.0,RAS_shC,RAS,6d,OIS,none,PRJNA395386,,IRF1,KCNQ4,none,No,,-0.7296837,-22.06418,6.0,Lung,,,14.0,No,0.04532232,,,3,R,RAS,OIS,No,Illumina_HiSeq_2500,Single,Human,50,georgilis_1,ER_RAS,6d,KCNQ4,none,KCNQ4_RASc,,georgilis_1_KCNQ4_RASc,interferon regulatory factor 1,Induces,Oncogene-induced,18267069,no_change
4273251,GSE101766,Limma,,IMR,,RAS,none,none,14.0,RAS_shC,RAS,6d,OIS,none,PRJNA395386,,DPP4,IL17RE,none,No,,0.08920533,1.319374,6.0,Lung,,,14.0,No,0.7579353,,,3,R,RAS,OIS,No,Illumina_HiSeq_2500,Single,Human,50,georgilis_1,ER_RAS,6d,IL17RE,none,IL17RE_RASc,,georgilis_1_IL17RE_RASc,dipeptidyl peptidase 4,Induces,Oncogene-induced,29481642,no_change
2757945,GSE134747,Limma,Illumina_HT12V4,BJ,,OIS,none,GR,,BRAF_24h_Clob_2h,RAF,1d,OIS,none,PRJNA556258,,STK32C,none,GR,Yes,hTERT,19.96168,22077.92,3.0,Skin,,,,Yes,4.529411e-05,,1000ng_ml,4,M,RAF,OIS,No,,,human,,carvalho_1,BRAF_doxycycline,3d,clobetasol,2nM_2h,O72Clob2_O24Clob2,1,carvalho_1_O72Clob2_O24Clob2,serine/threonine kinase 32C,Induces,Unclear,26583757,upregulated
1521718,GSE122918,Limma,Affymetrix_HTA2_0,WI38,,RAS,JUN,none,,R72_siJUN1,RAS,3d,OIS,none,PRJNA506911,,WNT16,RELA,none,No,,0.275,2.545182,6.0,Lung,,,,No,0.3928992,,,4,M,RAS,OIS,No,,,human,,bischof_2,ER:RASv12,6d,siRELA1,20uM,R144relA1_R72jun1,1,bischof_2_R144relA1_R72jun1,Wnt family member 16,Induces,Replicative,19951988,no_change
2600039,GSE134747,Limma,Illumina_HT12V4,BJ,,OIS,none,GR,,BRAF_48h_Clob_2h,RAF,2d,OIS,none,PRJNA556258,,ARID1B,none,GR,Yes,hTERT,-397.6992,-41274.2,3.0,Skin,,,,Yes,2.422821e-05,,1000ng_ml,4,M,RAF,OIS,No,,,human,,carvalho_1,BRAF_doxycycline,3d,clobetasol,2nM_2h,O72Clob2_O48Clob2,1,carvalho_1_O72Clob2_O48Clob2,AT-rich interaction domain 1B,Induces,Oncogene-induced,27737960,downregulated
9374769,GSE60652,Limma,Affymetrix_U133A,IMR,,OIS,none,none,,ER_RAS,RAS,6d,OIS,none,PRJNA259203,,HSP90AB1,pRb,none,No,,-711.25,-4215.953,6.0,Lung,,,,No,0.0002371943,,,2,M,RAS,OIS,No,,,Human,,takebayashi,ER_RAS,6d,sipRb,none,RshRb_R,1,takebayashi_RshRb_R,heat shock protein 90 alpha family class B member 1,Inhibits,Oncogene-induced,27793846,downregulated
4094342,GSE101766,Limma,,IMR,,RAS,none,none,14.0,RAS_shC,RAS,6d,OIS,none,PRJNA395386,,SMC1A,ALOX5,none,No,,1.144413,98.9113,6.0,Lung,,,14.0,No,0.01011007,,,3,R,RAS,OIS,No,Illumina_HiSeq_2500,Single,Human,50,georgilis_1,ER_RAS,6d,ALOX5,none,ALOX5_RASc,,georgilis_1_ALOX5_RASc,structural maintenance of chromosomes 1A,Inhibits,Unclear,27731420,upregulated
8108723,GSE24810,Limma,Affymetrix_U133A,HMF3A,5%,OIS,none,none,,Inactive_SV40LT_EV,SV40,7d,OIS,none,PRJNA132307,0.25%,BRIP1,p53,none,Yes,hTERT_SV40_LT,1.152777,1100139000000.0,7.0,Skin,20%,Yes,,No,9.089759e-13,,,3,M,SV40,OIS,No,,,Human,,parmjit_1,SV40_LT,7d,shp53,none,SSVp53sh_SSVev,1,parmjit_1_SSVp53sh_SSVev,BRCA1 interacting helicase 1,Inhibits,Oncogene-induced,22137763,upregulated
577766,GSE40349,Limma,Affymetrix_U133A,IMR,,RAS,E2F7,none,,RASshE2F7,RAS,7d,OIS,none,PRJNA173792,10%,RB1,pRb_E2F7,none,No,,-3.278394,-107281971.0,7.0,Lung,,,,No,9.321231e-09,,,2,M,RAS,OIS,No,,,Human,,aksoy_1,ER:RasV12,7d,shpRb_shE2F7,none,SshRBE2F7_SshE2F7,1,aksoy_1_SshRBE2F7_SshE2F7,RB transcriptional corepressor 1,Induces,Stress-induced,24231354,downregulated
3583740,GSE19864,Limma,Affymetrix_U133A,IMR,,RAS_shpRb,pRb,none,,RAS_shpRb,RAS,7d,OIS,none,PRJNA124029,10.0%,NCAPG2,p107,none,No,,-1.433472,-2993.932,7.0,Lung,,,,No,0.0003340089,,,2,M,RAS,OIS,No,,,Human,,chicas_1,H-rasV12,7d,shp107,none,Rshp107_RshRB,1,chicas_1_Rshp107_RshRB,non-SMC condensin II complex subunit G2,Inhibits,Unclear,25474630,downregulated
3712681,GSE2487,Limma,Affymetrix_U133A,IMR,,OIS,none,SmallT,,MEK_ER_SmallT,MEK,3d,OIS,none,PRJNA91885,,YAP1,none,E6_E7,Yes,hTERT,-169.0,-177.9704,,Lung,,,,No,0.005618912,,,2,M,,,No,,,Human,,collado_1,,,E6_E7,none,RE67_Rst,1,collado_1_RE67_Rst,Yes1 associated transcriptional regulator,Inhibits,Replicative,23576552,downregulated
11706057,GSE178115,Limma,Agilent,HDF,,REP,ATM,none,,REP_15d,REP,15d,REP,none,PRJNA737497,10%,BMI1,none,none,No,,-172.6667,-50.65327,15.0,Skin,,,,No,0.01974206,,,3,M,REP,REP,No,,,Human,,Yang,REP,15d,KU60019,0.5uM,R15dATMi_R15d,1,Yang_R15dATMi_R15d,"BMI1 proto-oncogene, polycomb ring finger",Inhibits,Replicative,12482990,downregulated
4102954,GSE101766,Limma,,IMR,,RAS,none,none,14.0,RAS_shC,RAS,6d,OIS,none,PRJNA395386,,MCU,ASB15,none,No,,1.044582,6969.533,6.0,Lung,,,14.0,No,0.0001434816,,,3,R,RAS,OIS,No,Illumina_HiSeq_2500,Single,Human,50,georgilis_1,ER_RAS,6d,ASB15,none,ASB15_RASc,,georgilis_1_ASB15_RASc,mitochondrial calcium uniporter,Induces,Oncogene-induced,24797322,upregulated
2577847,GSE134747,Limma,Illumina_HT12V4,BJ,,OIS,none,none,,BRAF_48h_DMSO_2h,RAF,2d,OIS,none,PRJNA556258,,ERCC1,none,GR,Yes,hTERT,-46.42157,-140.2664,2.0,Skin,,,,Yes,0.00712929,,1000ng_ml,4,M,RAF,OIS,No,,,human,,carvalho_1,BRAF_doxycycline,2d,clobetasol,2nM_2h,O48Clob2_O48DMSO2,1,carvalho_1_O48Clob2_O48DMSO2,"ERCC excision repair 1, endonuclease non-catalytic subunit",Inhibits,Unclear,24964749,downregulated
10232334,GSE132369,Limma,,IMR,5.00%,IR,none,none,,IR,IR,10d,DDIS,none,PRJNA547764,10.00%,PTGS2,mitochondrial,none,No,,-0.1062957,-1.574725,10.0,Lung,3.00%,Yes,,No,0.6350313,,20Gy,3,R,IR,DDIS,No,NextSeq_500,Paired,Human,71,vizioli,Xrays,10d,CCCP,48h12.5uMCCCP2daIR,IC_I,,vizioli_IC_I,prostaglandin-endoperoxide synthase 2,Induces,Replicative,28803844,no_change
11731066,GSE178115,Limma,Agilent,HDF,,REP,ROCK_ATM,none,,REP_15d,REP,15d,REP,none,PRJNA737497,10%,EWSR1,none,none,No,,-159.6667,-337.1782,15.0,Skin,,,,No,0.002965791,,,3,M,REP,REP,No,,,Human,,Yang,REP,15d,Y27632_KU60019,2.5uM_0.5uM,R15dCOMBOi_R15d,1,Yang_R15dCOMBOi_R15d,EWS RNA binding protein 1,Induces,Unclear,21030557,downregulated
74013100,GSE190998,Limma,,WI38,5%,DDIS,none,none,,Etoposide_siCtrl,Etoposide,8d,DDIS,none,PRJNA789266,10%,SMARCA4,NTRK2,none,No,,1.52351190134706,52.8563083706472,8.0,Lung,,0.50%,,No,0.0189192176076249,,50uM,3,R,Etoposide,DDIS,No,Illumina_NovaSeq6000,Paired,Human,204,Anerillas_2,Etoposide,8d,siNTRK2,none,DN_D,,Anerillas_2_DN_D,"SWI/SNF related, matrix associated, actin dependent regulator of chromatin, subfamily a, member 4",Inhibits,Replicative,20697355,upregulated
4253310,GSE101766,Limma,,IMR,,RAS,none,none,14.0,RAS_shC,RAS,6d,OIS,none,PRJNA395386,,PMVK,IFNA17,none,No,,-1.399717,-5941205.0,6.0,Lung,,,14.0,No,1.68316e-07,,,3,R,RAS,OIS,No,Illumina_HiSeq_2500,Single,Human,50,georgilis_1,ER_RAS,6d,IFNA17,none,IFNA17_RASc,,georgilis_1_IFNA17_RASc,phosphomevalonate kinase,Induces,Unclear,26583757,downregulated
5129449,GSE101750,Limma,,IMR,,RAS,none,none,15.0,RAS_EV_no_sh,RAS,6d,OIS,none,PRJNA395363,10.00%,ITPR2,PTBP1,none,No,,-1.138282,-4291.567,6.0,Lung,,,15.0,No,0.0002330151,,,3,R,RAS,OIS,No,Illumina_HiSeq_2500,Paired,Human,201,georgilis_2,ER:RAS,6d,shPTBP1,none,RASshPTBP1_RAS,,georgilis_2_RASshPTBP1_RAS,"inositol 1,4,5-trisphosphate receptor type 2",Induces,Oncogene-induced,24797322,downregulated
13790310,GSE190998,Limma,,WI38,5%,Prolif,none,none,,Prolif_siCtrl,Etoposide,8d,DDIS,none,PRJNA789266,10%,MAF,NTRK2,none,No,,-0.286116750904715,-3.32605638670211,8.0,Lung,,0.50%,,No,0.300656358081629,,50uM,3,R,Etoposide,DDIS,No,Illumina_NovaSeq6000,Paired,Human,204,Anerillas_2,Etoposide,8d,siNTRK2,none,DN_P,,Anerillas_2_DN_P,MAF bZIP transcription factor,Inhibits,Stress-induced,26496036,no_change
166649,GSE103938,Limma,,IMR,,RAS_Rap1nM,mTOR,none,12.0,RAS_Rap1nM,RAS,10d,OIS,none,PRJNA407729,,MAPK14,mTOR,none,No,,-0.606914666496315,-10.9871488745992,10.0,Lung,,,12.0,No,0.0910154227828716,,,3,R,OSKM,OSKM,No,Illumina_HiSeq_2500,Single,Human,50,aarts_1,OSKM,10d,rapamycin,1nM,OSKM1nMRap_R1nMRap,,aarts_1_OSKM1nMRap_R1nMRap,mitogen-activated protein kinase 14,Induces,Replicative,12581156,no_change
9380909,GSE60652,Limma,Affymetrix_U133A,IMR,,OIS,none,none,,ER_RAS,RAS,6d,OIS,none,PRJNA259203,,TNFSF15,pRb,none,No,,-1202.65,-18.17425,6.0,Lung,,,,No,0.0550229,,,2,M,RAS,OIS,No,,,Human,,takebayashi,ER_RAS,6d,sipRb,none,RshRb_R,1,takebayashi_RshRb_R,TNF superfamily member 15,Induces,Replicative,20675618,no_change
11605017,GSE178115,Limma,Agilent,HDF,,REP,ROCK_ATM,none,,REP_3d,REP,3d,REP,none,PRJNA737497,10%,GATA4,none,none,No,,-6.666667,-49.72719,3.0,Skin,,,,Yes,0.02010972,,,3,M,REP,REP,No,,,Human,,Yang,REP,3d,Y27632_KU60019,2.5uM_0.5uM,R3dCOMBOi_R3d,1,Yang_R3dCOMBOi_R3d,GATA binding protein 4,Induces,Replicative,26404840,downregulated
2627864,GSE134747,Limma,Illumina_HT12V4,BJ,,OIS,none,none,,BRAF_24h_DMSO_2h,RAF,1d,OIS,none,PRJNA556258,,FOXD1,none,GR,Yes,hTERT,53.96656,4759.057,1.0,Skin,,,,Yes,0.0002101257,,1000ng_ml,8,M,RAF,OIS,No,,,human,,carvalho_1,BRAF_doxycycline,1d,clobetasol,2nM_2h,O24Clob2_O24DMSO2,1,carvalho_1_O24Clob2_O24DMSO2,forkhead box D1,Unclear,Replicative,30933975,upregulated
4235685,GSE101766,Limma,,IMR,,RAS,none,none,14.0,RAS_shC,RAS,6d,OIS,none,PRJNA395386,,CXCL1,HSPC182,none,No,,0.0,0.0,6.0,Lung,,,14.0,No,1.0,,,3,R,RAS,OIS,No,Illumina_HiSeq_2500,Single,Human,50,georgilis_1,ER_RAS,6d,HSPC182,none,HSPC182_RASc,,georgilis_1_HSPC182_RASc,C-X-C motif chemokine ligand 1,Induces,Oncogene-induced,17060621,no_change
2549127,GSE134747,Limma,Illumina_HT12V4,BJ,,OIS,none,GR,,BRAF_122_Clob_122h,RAF,5d,OIS,none,PRJNA556258,,XPO1,RELA,none,Yes,hTERT,-1191.32,-13602944.0,1.0,Skin,,,,Yes,7.35135e-08,,1000ng_ml,3,M,RAF,OIS,No,,,human,,carvalho_1,BRAF_doxycycline,1d,compoundA,2uM_2h,O24CpdA2_O122Clob122,1,carvalho_1_O24CpdA2_O122Clob122,exportin 1,Induces,Unclear,31305018,downregulated
1550534,GSE122918,Limma,Affymetrix_HTA2_0,WI38,,RAS,RELA,none,,R72_siRELA1,RAS,3d,OIS,none,PRJNA506911,,ETV6,RELA,none,No,,1.05,2.001056e+17,6.0,Lung,,,,No,4.997361e-18,,,4,M,RAS,OIS,No,,,human,,bischof_2,ER:RASv12,6d,siRELA1,20uM,R144relA1_R72relA1,1,bischof_2_R144relA1_R72relA1,ETS variant transcription factor 6,Induces,Unclear,30088951,upregulated
9788222,GSE74324,Limma,,IMR,,RASshp53,p53,none,,RASshp53,RAS,12d,OIS,none,PRJNA299683,10.00%,SMC1A,p16_p21,none,No,,0.05593247,1.296915,12.0,Lung,,,,No,0.7710604,,,3,R,RAS,OIS,No,Illumina_HiSeq_2500,Single,Human,100,tasdemir,HRASG12V,12d,shp16p21,none,RASshp16p21_RASshp53,,tasdemir_RASshp16p21_RASshp53,structural maintenance of chromosomes 1A,Inhibits,Unclear,27731420,no_change
2579798,GSE134747,Limma,Illumina_HT12V4,BJ,,OIS,none,none,,BRAF_48h_DMSO_2h,RAF,2d,OIS,none,PRJNA556258,,KIFC1,none,GR,Yes,hTERT,-12.29598,-32.74159,2.0,Skin,,,,Yes,0.03054219,,1000ng_ml,4,M,RAF,OIS,No,,,human,,carvalho_1,BRAF_doxycycline,2d,clobetasol,2nM_2h,O48Clob2_O48DMSO2,1,carvalho_1_O48Clob2_O48DMSO2,kinesin family member C1,Inhibits,Unclear,23318213,downregulated
9835742,GSE74324,Limma,,IMR,,RASshBRD4,BRD4,none,,RASshBRD4,RAS,12d,OIS,none,PRJNA299683,10.00%,PLK1,p53_pRb,none,No,,3.726855,1.880603e+21,12.0,Lung,,,,No,5.317444e-22,,,3,R,RAS,OIS,No,Illumina_HiSeq_2500,Single,Human,100,tasdemir,HRASG12V,12d,shp53pRb,none,RASshp53pRb_RASshBRD4,,tasdemir_RASshp53pRb_RASshBRD4,polo like kinase 1,Inhibits,Replicative,23525475,upregulated
5861226,GSE122079,Limma,,IMR,,RAS_digoxin,IONpump,none,14.0,RAS16h_dig,RAS,7d,OIS,none,PRJNA503415,10.00%,NADK,IONpump,none,No,,-1.239453,-64.97984,7.0,Lung,,,14.0,No,0.01538939,,,3,R,RAS,OIS,No,Illumina_HiSeq_2500,Single,Human,50,herranz_2,ER_RAS,7d,digoxin,none,RASdig36_RASdig16,,herranz_2_RASdig36_RASdig16,NAD kinase,Induces,Unclear,26583757,downregulated
5354547,GSE127116,Limma,,IMR,,RAS_siLTR2,LTR2,none,,RASd8_siLTR2,RAS,8d,OIS,none,PRJNA524181,10.00%,PDCD10,LTR2,none,No,,-0.08624261,-1.665329,8.0,Lung,,,,No,0.600482,,,3,R,RAS,OIS,No,IonXpress,Single,Human,110,hari,ER:RAS,8d,siLTR2,none,R8siLTR2_R5siLTR2,,hari_R8siLTR2_R5siLTR2,programmed cell death 10,Induces,Replicative,25655101,no_change
8377506,GSE24810,Limma,Affymetrix_U133A,HMF3A,5%,OISshp53,p53,none,,Active_SV40LT_shp53,SV40,7d,OIS,none,PRJNA132307,0.25%,STAG2,laminA,none,Yes,hTERT_SV40_LT,-0.6489372,-1316645.0,7.0,Skin,20%,Yes,,No,7.595059e-07,,,3,M,SV40,OIS,No,,,Human,,parmjit_1,SV40_LT,7d,shLaminA,none,SSVLA_SSVp53sh,1,parmjit_1_SSVLA_SSVp53sh,stromal antigen 2,Induces,Replicative,28819029,no_change
87254,GSE103938,Limma,,IMR,,RAS,none,none,12.0,RAS10d,RAS,10d,OIS,none,PRJNA407729,,ARG2,mTOR,none,No,,-1.54106617950547,-153.400466464523,10.0,Lung,,,12.0,No,0.0065188850011174,,,3,R,RAS,OIS,No,Illumina_HiSeq_2500,Single,Human,50,aarts_1,RAS,10d,rapamycin,10nM,R10nMRap_R,,aarts_1_R10nMRap_R,arginase 2,Induces,Unclear,23832324,downregulated
11466543,GSE145650,Limma,,IMR,5.00%,OIS,none,none,,ER_RAS_G12V,RAS,6d,OIS,none,PRJNA607798,10.00%,NDST2,COX2,none,No,,0.1422066,3.900572,6.0,Lung,5.00%,,,No,0.2563726,,6d_100nM4OHT,8,R,RAS,OIS,No,Illumina_HiSeq_4000,Paired,Human,,hoare_3,ER_RAS_G12V,6d,Celecoxib,6d_40uM,OC_O,,hoare_3_OC_O,N-deacetylase and N-sulfotransferase 2,Induces,Oncogene-induced,27737960,no_change
11110150,GSE144752,Limma,,BJ,,OIS,none,none,,BRAF_2d_1uM4OHT,BRAF,3d,OIS,none,PRJNA604779,10.00%,RUNX1,YBX1,none,Yes,hTERT,1.41056,57867.46,3.0,Skin,,,,Yes,1.728087e-05,,2d_1uM4OHT,3,R,RAF,OIS,No,NextSeq_500,Single,Human,75,montes,BRAFE600,3d,siYBX1,none,OYKD_O,,montes_OYKD_O,RUNX family transcription factor 1,Induces,Unclear,19448675,upregulated
92022,GSE103938,Limma,,IMR,,RAS,none,none,12.0,RAS10d,RAS,10d,OIS,none,PRJNA407729,,LIMA1,mTOR,none,No,,-1.29476104208757,-330.507494181886,10.0,Lung,,,12.0,No,0.0030256500006915,,,3,R,RAS,OIS,No,Illumina_HiSeq_2500,Single,Human,50,aarts_1,RAS,10d,rapamycin,10nM,R10nMRap_R,,aarts_1_R10nMRap_R,LIM domain and actin binding 1,Inhibits,Replicative,26206181,downregulated
11630822,GSE178115,Limma,Agilent,HDF,,REP,ROCK,none,,REP_8d,REP,8d,REP,none,PRJNA737497,10%,MOS,none,none,No,,-24.66667,-25.89958,8.0,Skin,,,,No,0.03861067,,,3,M,REP,REP,No,,,Human,,Yang,REP,8d,Y27632,2.5uM,R8dROCKi_R8d,1,Yang_R8dROCKi_R8d,"MOS proto-oncogene, serine/threonine kinase",Induces,Oncogene-induced,17136093,downregulated
10253936,GSE132369,Limma,,IMR,5.00%,IR_Parkin,none,Parkin,,IR_Parkin,IR,10d,DDIS,Parkin,PRJNA547764,10.00%,ITPK1,mitochondrial,Parkin,No,,1.138922,27844923.0,10.0,Lung,3.00%,Yes,,No,3.591319e-08,,20Gy,3,R,IR,DDIS,No,NextSeq_500,Paired,Human,71,vizioli,Xrays,10d,CCCP,48h12.5uMCCCP2daIR,ICP_IP,,vizioli_ICP_IP,inositol-tetrakisphosphate 1-kinase,Induces,Unclear,26583757,upregulated
10166529,GSE132370,Limma,,IMR,5.00%,IR_TSA,HDAC,none,,ProlifEV_TSA,IR,10d,DDIS,none,PRJNA547766,10.00%,GRK4,HDAC,none,No,,0.06781582,1.465185,,Lung,3.00%,Yes,,No,0.6825077,,,3,R,,,No,NextSeq_500,Paired,Human,70,vizioli_2,,,TSA,100nM,Pt_P,,vizioli_2_Pt_P,G protein-coupled receptor kinase 4,Induces,Unclear,28912086,no_change
11723392,GSE178115,Limma,Agilent,HDF,,REP,ATM,none,,REP_15d,REP,15d,REP,none,PRJNA737497,10%,TOM1,none,none,No,,-649.5,-35.50006,15.0,Skin,,,,No,0.02816897,,,3,M,REP,REP,No,,,Human,,Yang,REP,15d,KU60019,0.5uM,R15dATMi_R15d,1,Yang_R15dATMi_R15d,target of myb1 membrane trafficking protein,Induces,Unclear,15265694,downregulated
11715558,GSE178115,Limma,Agilent,HDF,,REP,ATM,none,,REP_15d,REP,15d,REP,none,PRJNA737497,10%,MOS,none,none,No,,-10.5,-2.7577,15.0,Skin,,,,No,0.362621,,,3,M,REP,REP,No,,,Human,,Yang,REP,15d,KU60019,0.5uM,R15dATMi_R15d,1,Yang_R15dATMi_R15d,"MOS proto-oncogene, serine/threonine kinase",Induces,Oncogene-induced,17136093,no_change
49851141,GSE213993,Limma,,WI38,5%,DDIS,none,none,,DDIS_siControl,IR,10d,DDIS,none,PRJNA883434,10%,GDF15,BAFF,none,No,,-0.133963306810736,-6.11436118797202,10.0,Lung,,1%,,No,0.163549383043836,,10Gy_10days,2,R,IR,DDIS,No,NovaSeq_6000,Paired,Human,217-219,Rossi,IR,10d,siBAFF,none,Dsi_D,,Rossi_Dsi_D,growth differentiation factor 15,Induces,Oncogene-induced,26909594,no_change
9371262,GSE60652,Limma,Affymetrix_U133A,IMR,,OIS,none,none,,ER_RAS,RAS,6d,OIS,none,PRJNA259203,,BRAF,pRb,none,No,,-82.15,-30.35148,6.0,Lung,,,,No,0.03294732,,,2,M,RAS,OIS,No,,,Human,,takebayashi,ER_RAS,6d,sipRb,none,RshRb_R,1,takebayashi_RshRb_R,"B-Raf proto-oncogene, serine/threonine kinase",Induces,Oncogene-induced,16079850,downregulated
9819729,GSE74324,Limma,,IMR,,RASshBRD4,BRD4,none,,RASshBRD4,RAS,12d,OIS,none,PRJNA299683,10.00%,GJA1,p16_p21,none,No,,1.154612,5.657436e+22,12.0,Lung,,,,No,1.7675850000000003e-23,,,3,R,RAS,OIS,No,Illumina_HiSeq_2500,Single,Human,100,tasdemir,HRASG12V,12d,shp16p21,none,RASshp16p21_RASshBRD4,,tasdemir_RASshp16p21_RASshBRD4,gap junction protein alpha 1,Induces,Unclear,30518918,upregulated
200743,GSE103938,Limma,,IMR,,RAS,none,none,12.0,RAS10d,RAS,10d,OIS,none,PRJNA407729,,DIRAS3,mTOR,none,No,,-0.62350426770687,-4.46366708916784,10.0,Lung,,,12.0,No,0.224031044435805,,,3,R,OSKM,OSKM,No,Illumina_HiSeq_2500,Single,Human,50,aarts_1,OSKM,10d,rapamycin,10nM,OSKM10nMRap_R,,aarts_1_OSKM10nMRap_R,DIRAS family GTPase 3,Inhibits,Unclear,28316325,no_change
9891643,GSE74324,Limma,,IMR,,RASwJQ1,BRD4,none,,RASwJQ1,RAS,12d,OIS,none,PRJNA299683,10.00%,CCND1,BRD4,none,No,,1.297088,1.331786e+31,12.0,Lung,,,,No,7.508715e-32,,,3,R,RAS,OIS,No,Illumina_HiSeq_2500,Single,Human,100,tasdemir,HRASG12V,12d,shBRD4,none,RASshBRD4_RASwJQ1,,tasdemir_RASshBRD4_RASwJQ1,cyclin D1,Induces,Unclear,7698220,upregulated
5325484,GSE127116,Limma,,IMR,,RAS,none,none,,RASd8,RAS,8d,OIS,none,PRJNA524181,10.00%,E2F7,LTR2,none,No,,-1.197917,-105670.2,8.0,Lung,,,,No,9.463409e-06,,,3,R,RAS,OIS,No,IonXpress,Single,Human,110,hari,ER:RAS,8d,siLTR2,none,R8siLTR2_R8,,hari_R8siLTR2_R8,E2F transcription factor 7,Induces,Oncogene-induced,22802529,downregulated
11465731,GSE145650,Limma,,IMR,5.00%,OIS,none,none,,ER_RAS_G12V,RAS,6d,OIS,none,PRJNA607798,10.00%,MAD2L1,COX2,none,No,,-1.747224,-1.057238e+18,6.0,Lung,5.00%,,,No,9.45861e-19,,6d_100nM4OHT,8,R,RAS,OIS,No,Illumina_HiSeq_4000,Paired,Human,,hoare_3,ER_RAS_G12V,6d,Celecoxib,6d_40uM,OC_O,,hoare_3_OC_O,mitotic arrest deficient 2 like 1,Inhibits,Unclear,22170163,downregulated
53754100,GSE213993,Limma,,WI38,5%,DDIS,none,none,,DDIS_siControl,IR,10d,DDIS,none,PRJNA883434,10%,KNDC1,BAFF,none,No,,-1.07511564220933,-55.8858664482052,10.0,Lung,,1%,,No,0.0178936118119739,,10Gy_10days,2,R,IR,DDIS,No,NovaSeq_6000,Paired,Human,217-219,Rossi,IR,10d,siBAFF,none,Dsi_D,,Rossi_Dsi_D,kinase non-catalytic C-lobe domain containing 1,Induces,Unclear,29568929,downregulated
5395193,GSE127116,Limma,,IMR,,RAS_siLTR2,LTR2,none,,RASd8_siLTR2,RAS,8d,OIS,none,PRJNA524181,10.00%,TNFSF15,LTR10,none,No,,-1.647647,-815.2541,8.0,Lung,,,,No,0.001226611,,,3,R,RAS,OIS,No,IonXpress,Single,Human,110,hari,ER:RAS,8d,siLTR10,none,R8siLTR10_R8siLTR2,,hari_R8siLTR10_R8siLTR2,TNF superfamily member 15,Induces,Replicative,20675618,downregulated
10253461,GSE132369,Limma,,IMR,5.00%,IR_Parkin,none,Parkin,,IR_Parkin,IR,10d,DDIS,Parkin,PRJNA547764,10.00%,HJURP,mitochondrial,Parkin,No,,-1.998519,-156427350062.0,10.0,Lung,3.00%,Yes,,No,6.392744e-12,,20Gy,3,R,IR,DDIS,No,NextSeq_500,Paired,Human,71,vizioli,Xrays,10d,CCCP,48h12.5uMCCCP2daIR,ICP_IP,,vizioli_ICP_IP,Holliday junction recognition protein,Inhibits,Unclear,23292286,downregulated
3597741,GSE19864,Limma,Affymetrix_U133A,IMR,,RAS_shpRb,pRb,none,,RAS_shpRb,RAS,7d,OIS,none,PRJNA124029,10.0%,PTPN1,p130,none,No,,1.469558,14475.17,7.0,Lung,,,,No,6.908382e-05,,,2,M,RAS,OIS,No,,,Human,,chicas_1,H-rasV12,7d,shp130,none,Rshp130_RshRB,1,chicas_1_Rshp130_RshRB,protein tyrosine phosphatase non-receptor type 1,Unclear,Oncogene-induced,25175024,upregulated
5302292,GSE127116,Limma,,IMR,,RAS,none,none,,RASd5,RAS,5d,OIS,none,PRJNA524181,10.00%,HMGB2,LTR2,none,No,,1.857892,415.2152,5.0,Lung,,,,No,0.00240839,,,3,R,RAS,OIS,No,IonXpress,Single,Human,110,hari,ER:RAS,5d,siLTR2,none,R5siLTR2_R5,,hari_R5siLTR2_R5,high mobility group box 2,Inhibits,Oncogene-induced,27799366,upregulated
5804043,GSE122079,Limma,,IMR,,RAS_caspase_inhibitor,caspase,none,14.0,RAS_EV36hCI,RAS,7d,OIS,none,PRJNA503415,10.00%,TXN,IONpump,none,No,,1.631118,674243281.0,7.0,Lung,,,14.0,No,1.483144e-09,,,3,R,RAS,OIS,No,Illumina_HiSeq_2500,Single,Human,50,herranz_2,ER_RAS,7d,ouabain_caspase_inhibitor,none,RASouab36CI_RAS36CI,,herranz_2_RASouab36CI_RAS36CI,thioredoxin,Inhibits,Unclear,20074557,upregulated
4490416,GSE101766,Limma,,IMR,,RAS,none,none,14.0,RAS_shC,RAS,6d,OIS,none,PRJNA395386,,SMAD3,SKP1A,none,No,,-1.526285,-16532.95,6.0,Lung,,,14.0,No,6.048528e-05,,,3,R,RAS,OIS,No,Illumina_HiSeq_2500,Single,Human,50,georgilis_1,ER_RAS,6d,SKP1A,none,SKP1A_RASc,,georgilis_1_SKP1A_RASc,SMAD family member 3,Induces,Stress-induced,27892764,downregulated
194977,GSE103938,Limma,,IMR,,RAS,none,none,12.0,RAS10d,RAS,10d,OIS,none,PRJNA407729,,SIN3B,mTOR,none,No,,-1.02118376010493,-140.735243055655,10.0,Lung,,,12.0,No,0.007105540718074,,,3,R,OSKM,OSKM,No,Illumina_HiSeq_2500,Single,Human,50,aarts_1,OSKM,10d,rapamycin,1nM,OSKM1nMRap_R,,aarts_1_OSKM1nMRap_R,SIN3 transcription regulator family member B,Induces,Unclear,19654306,downregulated
6042865,E-MEXP-2241,Limma,Affymetrix_U133A,Tig3,5.00%,OIS,none,none,,BRAF,RAF,3d,OIS,none,,10.00%,CUX1,miR34a,none,Yes,hTERT,0.07442199,2.415852,3.0,Lung,,Yes,,Yes,0.4139326,,,3,M,RAF,OIS,No,,,Human,,jacobsen_1,deltaBRAF_ER,3d,LNAmiR34a,none,B34_B,1,jacobsen_1_B34_B,cut like homeobox 1,Inhibits,Oncogene-induced,24618719,no_change
5563437,GSE61130,Limma,,IMR,,RAS,none,none,15.0,RAS_EV,RAS,7d,OIS,none,PRJNA260300,,MAP3K6,none,ZFP36L1,No,,0.1760028,3.906852,7.0,Lung,,,15.0,No,0.2559606,,,3,R,RAS,OIS,No,Illumina_HiSeq_2500,Paired,Human,200,herranz_1,ER_RAS,7d,ZFP36L1mut,none,RASZmut_RAS,,herranz_1_RASZmut_RAS,mitogen-activated protein kinase kinase kinase 6,Induces,Unclear,26583757,no_change
4445222,GSE101766,Limma,,IMR,,RAS,none,none,14.0,RAS_shC,RAS,6d,OIS,none,PRJNA395386,,CBX5,PTPN14,none,No,,-0.2684503,-4.69087,6.0,Lung,,,14.0,No,0.2131801,,,3,R,RAS,OIS,No,Illumina_HiSeq_2500,Single,Human,50,georgilis_1,ER_RAS,6d,PTPN14,none,PTPN14_RASc,,georgilis_1_PTPN14_RASc,chromobox 5,Inhibits,Unclear,26160351,no_change
2628462,GSE134747,Limma,Illumina_HT12V4,BJ,,OIS,none,none,,BRAF_24h_DMSO_2h,RAF,1d,OIS,none,PRJNA556258,,HBP1,none,GR,Yes,hTERT,10.10852,43.70581,1.0,Skin,,,,Yes,0.02288025,,1000ng_ml,8,M,RAF,OIS,No,,,human,,carvalho_1,BRAF_doxycycline,1d,clobetasol,2nM_2h,O24Clob2_O24DMSO2,1,carvalho_1_O24Clob2_O24DMSO2,HMG-box transcription factor 1,Induces,Oncogene-induced,16966377,upregulated
16008810,GSE190998,Limma,,WI38,5%,Prolif,none,none,,Prolif_siCtrl,Etoposide,8d,DDIS,none,PRJNA789266,10%,WNT16,NTRK2,none,No,,1.25735162502068,1551706652.01074,8.0,Lung,,0.50%,,No,6.44451706580092e-10,,50uM,3,R,Etoposide,DDIS,No,Illumina_NovaSeq6000,Paired,Human,204,Anerillas_2,Etoposide,8d,siNTRK2,none,DN_P,,Anerillas_2_DN_P,Wnt family member 16,Induces,Replicative,19951988,upregulated
194772,GSE103938,Limma,,IMR,,RAS,none,none,12.0,RAS10d,RAS,10d,OIS,none,PRJNA407729,,SELENOH,mTOR,none,No,,1.70244939777701,64.660016711692,10.0,Lung,,,12.0,No,0.0154655079113083,,,3,R,OSKM,OSKM,No,Illumina_HiSeq_2500,Single,Human,50,aarts_1,OSKM,10d,rapamycin,1nM,OSKM1nMRap_R,,aarts_1_OSKM1nMRap_R,selenoprotein H,Inhibits,Stress-induced,25336634,upregulated
5898251,GSE122079,Limma,,IMR,,RAS_ouabain,IONpump,none,14.0,RAS36h_ouab,RAS,7d,OIS,none,PRJNA503415,10.00%,MTOR,IONpump,none,No,,-0.8418817,-1496.354,7.0,Lung,,,14.0,No,0.0006682911,,,3,R,RAS,OIS,No,Illumina_HiSeq_2500,Single,Human,50,herranz_2,ER_RAS,7d,ouabain_caspase_inhibitor,none,RASouab36CI_RASouab16,,herranz_2_RASouab36CI_RASouab16,mechanistic target of rapamycin kinase,Inhibits,Stress-induced,31219803,no_change
1503196,GSE122918,Limma,Affymetrix_HTA2_0,WI38,,RAS,JUN,none,,R72_siJUN1,RAS,3d,OIS,none,PRJNA506911,,LMNB1,JUN,none,No,,-0.15,-5.409729,6.0,Lung,,,,No,0.1848521,,,4,M,RAS,OIS,No,,,human,,bischof_2,ER:RASv12,6d,siJUN1,20uM,R144jun1_R72jun1,1,bischof_2_R144jun1_R72jun1,lamin B1,Inhibits,Oncogene-induced,22155925,no_change
11464468,GSE145650,Limma,,IMR,5.00%,OIS,none,none,,ER_RAS_G12V,RAS,6d,OIS,none,PRJNA607798,10.00%,GMNN,COX2,none,No,,-1.289639,-1051367000000.0,6.0,Lung,5.00%,,,No,9.511424e-13,,6d_100nM4OHT,8,R,RAS,OIS,No,Illumina_HiSeq_4000,Paired,Human,,hoare_3,ER_RAS_G12V,6d,Celecoxib,6d_40uM,OC_O,,hoare_3_OC_O,geminin DNA replication inhibitor,Inhibits,Replicative,23142824,downregulated
4251401,GSE101766,Limma,,IMR,,RAS,none,none,14.0,RAS_shC,RAS,6d,OIS,none,PRJNA395386,,MAPKAPK5,IFNA17,none,No,,-0.3563085,-5.814634,6.0,Lung,,,14.0,No,0.1719799,,,3,R,RAS,OIS,No,Illumina_HiSeq_2500,Single,Human,50,georgilis_1,ER_RAS,6d,IFNA17,none,IFNA17_RASc,,georgilis_1_IFNA17_RASc,MAPK activated protein kinase 5,Induces,Oncogene-induced,17254968,no_change
11562649,GSE178115,Limma,Agilent,HDF,,REP,ROCK,none,,REP_3d,REP,3d,REP,none,PRJNA737497,10%,GATA4,none,none,No,,-4.833333,-11.84615,3.0,Skin,,,,Yes,0.08441562,,,3,M,REP,REP,No,,,Human,,Yang,REP,3d,Y27632,2.5uM,R3dROCKi_R3d,1,Yang_R3dROCKi_R3d,GATA binding protein 4,Induces,Replicative,26404840,no_change
4394473,GSE101766,Limma,,IMR,,RAS,none,none,14.0,RAS_shC,RAS,6d,OIS,none,PRJNA395386,,AGT,PLCB1,none,No,,0.0,0.0,6.0,Lung,,,14.0,No,1.0,,,3,R,RAS,OIS,No,Illumina_HiSeq_2500,Single,Human,50,georgilis_1,ER_RAS,6d,PLCB1,none,PLCB1_RASc,,georgilis_1_PLCB1_RASc,angiotensinogen,Induces,Stress-induced,16908765,no_change
6882829,GSE108278,Limma,,IMR,,RAS,none,none,,RAS_shC,RAS,4d,OIS,none,PRJNA423028,,ARID3A,IL1R,none,Yes,hTERT,-0.3680071,-123.5938,4.0,Lung,,,,No,0.008091021,,,2,R,RAS,OIS,No,Illumina_HiSeq_2500,Paired,Human,51,lau,ERT2_RASG12V,4d,shIL1R,none,R4IL_R4,,lau_R4IL_R4,AT-rich interaction domain 3A,Inhibits,Oncogene-induced,11812999,no_change
29942312,GSE196610,Limma,,MRC5,5%,DDIS,none,none,,IR_LentiCRISPR,IR,10d,DDIS,none,PRJNA806156,10.00%,MAP2K1,BAK_BAX,none,No,,0.0127305079489339,1.08005164165358,10.0,Lung,3%,,,No,0.92588165364851,,20Gy,3,R,IR,DDIS,No,Illumina_NovaSeq6000,Paired,Human,202,Victorelli,IR,10d,BAK_BAX_CRISPR,,DB_DE,,Victorelli_DB_DE,mitogen-activated protein kinase kinase 1,Induces,Unclear,14701721,no_change
10512098,GSE98240,Limma,Affymetrix_HuGene1,BJ,,DDIS,none,none,,Etoposide_50uM_48h,Etoposide,3d,DDIS,none,PRJNA384368,10.00%,ENTPD7,p21,none,No,,-0.07370633,-2.399267,3.0,Skin,,Yes,,Yes,0.416794,,50uM_48h,3,M,Etoposide,DDIS,No,,,Human,,yosef_1,Etoposide,3d,sip21,none,Dp21_D,1,yosef_1_Dp21_D,ectonucleoside triphosphate diphosphohydrolase 7,Induces,Oncogene-induced,27737960,no_change
6640971,GSE53379,Limma,Illumin_HWG6V3,IMR,,DDISshp53,p53,none,,DDISshp53,Etoposide,7d,DDIS,none,PRJNA231867,10.00%,MYC,p53,none,No,,1.033398,42711.77,7.0,Lung,5.00%,Yes,,No,2.341275e-05,,10dPuromycin,3,M,RAS,OIS,No,,,Human,,kirschner_1,H-RASG12V,7d,shp53,none,Rshp53_Dshp53,1,kirschner_1_Rshp53_Dshp53,"MYC proto-oncogene, bHLH transcription factor",Inhibits,Oncogene-induced,16537449,upregulated
9010408,GSE105591,Limma,,IMR,,REP,none,none,77.0,REP_shC,REP,,REP,none,PRJNA415490,10.00%,WNT16,p300,none,No,,-1.499704,-176.9483,,Lung,3.00%,1.00%,77.0,No,0.005651369,,,2,R,REP,REP,No,NextSeq_500,Single,Human,47,sen,REP,,shp300,none,REPshp300_REPshCON,,sen_REPshp300_REPshCON,Wnt family member 16,Induces,Replicative,19951988,downregulated
4366819,GSE101766,Limma,,IMR,,RAS,none,none,14.0,RAS_shC,RAS,6d,OIS,none,PRJNA395386,,SOD2,MCFP,none,No,,-1.479488,-8562275.0,6.0,Lung,,,14.0,No,1.167914e-07,,,3,R,RAS,OIS,No,Illumina_HiSeq_2500,Single,Human,50,georgilis_1,ER_RAS,6d,MCFP,none,MCFP_RASc,,georgilis_1_MCFP_RASc,superoxide dismutase 2,Induces,Unclear,12592389,downregulated
10986197,GSE156648,Limma,,IMR,,OIS,none,none,,pBABEHRASG12V,RAS,4d,OIS,none,PRJNA658579,10.00%,CDCA4,none,DOT1L,No,,1.680907,132587143.0,4.0,Lung,2.00%,,,No,7.542209e-09,,,3,R,,,No,Illumina_NovaSeq6000,Paired,Human,150,leon,,4d,MSCB-hDot1lwt,none,POE_O,,leon_POE_O,cell division cycle associated 4,Inhibits,Unclear,32264951,upregulated
3576201,GSE19864,Limma,Affymetrix_U133A,IMR,,RAS,none,none,,RAS,RAS,7d,OIS,none,PRJNA124029,10.0%,USP1,p130,none,No,,0.2460275,1.598691,7.0,Lung,,,,No,0.6255116,,,2,M,RAS,OIS,No,,,Human,,chicas_1,H-rasV12,7d,shp130,none,Rshp130_R,1,chicas_1_Rshp130_R,ubiquitin specific peptidase 1,Inhibits,Oncogene-induced,27160904,no_change
4246450,GSE101766,Limma,,IMR,,RAS,none,none,14.0,RAS_shC,RAS,6d,OIS,none,PRJNA395386,,ATF7IP,IFNA17,none,No,,1.637343,1637815.0,6.0,Lung,,,14.0,No,6.105696e-07,,,3,R,RAS,OIS,No,Illumina_HiSeq_2500,Single,Human,50,georgilis_1,ER_RAS,6d,IFNA17,none,IFNA17_RASc,,georgilis_1_IFNA17_RASc,activating transcription factor 7 interacting protein,Inhibits,Stress-induced,23935871,upregulated
8076172,GSE24810,Limma,Affymetrix_U133A,HMF3A,5%,OIS,none,none,,Inactive_SV40LT_EV,SV40,7d,OIS,none,PRJNA132307,0.25%,MAP3K7,none,E1A,Yes,hTERT_SV40_LT,1.017946,4.417764e+16,7.0,Skin,20%,Yes,,No,2.2635890000000003e-17,,,3,M,,,No,,,Human,,parmjit_1,,7d,Ad5_E1A_12S,none,ISVe1a_SSVev,1,parmjit_1_ISVe1a_SSVev,mitogen-activated protein kinase kinase kinase 7,Induces,Unclear,26583757,upregulated
4120259,GSE101766,Limma,,IMR,,RAS,none,none,14.0,RAS_shC,RAS,6d,OIS,none,PRJNA395386,,TNFSF15,BPIL1,none,No,,-2.082178,-12575.23,6.0,Lung,,,14.0,No,7.952142e-05,,,3,R,RAS,OIS,No,Illumina_HiSeq_2500,Single,Human,50,georgilis_1,ER_RAS,6d,BPIL1,none,BPIL1_RASc,,georgilis_1_BPIL1_RASc,TNF superfamily member 15,Induces,Replicative,20675618,downregulated
9875366,GSE74324,Limma,,IMR,,RASshRELA,RELA,none,,RASshRELA,RAS,12d,OIS,none,PRJNA299683,10.00%,SUMO2,p53,none,No,,0.1108628,29.2135,12.0,Lung,,,,No,0.03423075,,,3,R,RAS,OIS,No,Illumina_HiSeq_2500,Single,Human,100,tasdemir,HRASG12V,12d,shp53,none,RASshp53_RASshRELA,,tasdemir_RASshp53_RASshRELA,small ubiquitin like modifier 2,Induces,Unclear,17012228,no_change
8935819,GSE128711,Limma,,HFF,,Dox_sgpRb,pRb,none,,Dox_sgpRb,Dox,1d,DDIS,none,PRJNA528619,,UHRF1,p130,none,No,,-1.313277,-562.042,1.0,Skin,,,,Yes,0.001779227,,350nM,2,R,Doxorubicin,DDIS,No,NextSeq_500,Single,Human,75,schade_1,Dox,1d,sgp130,none,Dp130_DpRb,,schade_1_Dp130_DpRb,ubiquitin like with PHD and ring finger domains 1,Inhibits,Oncogene-induced,28394343,downregulated
5362612,GSE127116,Limma,,IMR,,RAS_siLTR10,LTR10,none,,RASd8_siLTR10,RAS,8d,OIS,none,PRJNA524181,10.00%,E2F1,LTR10,none,No,,-1.362869,-2380.675,8.0,Lung,,,,No,0.000420049,,,3,R,RAS,OIS,No,IonXpress,Single,Human,110,hari,ER:RAS,8d,siLTR10,none,R8siLTR10_R5siLTR10,,hari_R8siLTR10_R5siLTR10,E2F transcription factor 1,Induces,Unclear,10594030,downregulated
4437933,GSE101766,Limma,,IMR,,RAS,none,none,14.0,RAS_shC,RAS,6d,OIS,none,PRJNA395386,,NEK2,PTBP1,none,No,,0.0,0.0,6.0,Lung,,,14.0,No,1.0,,,3,R,RAS,OIS,No,Illumina_HiSeq_2500,Single,Human,50,georgilis_1,ER_RAS,6d,PTBP1,none,PTBP1_RASc,,georgilis_1_PTBP1_RASc,NIMA related kinase 2,Inhibits,Unclear,32264951,no_change
11576318,GSE178115,Limma,Agilent,HDF,,REP,ROCK,none,,REP_3d,REP,3d,REP,none,PRJNA737497,10%,WNT2,none,none,No,,53.16667,63.77369,3.0,Skin,,,,Yes,0.01568045,,,3,M,REP,REP,No,,,Human,,Yang,REP,3d,Y27632,2.5uM,R3dROCKi_R3d,1,Yang_R3dROCKi_R3d,Wnt family member 2,Inhibits,Unclear,17643369,upregulated
500819,GSE40349,Limma,Affymetrix_U133A,IMR,,RAS,none,none,,RASshLuc,RAS,7d,OIS,none,PRJNA173792,10%,MAP2K2,pRb,none,No,,-1.095369,-504.5459,7.0,Lung,,,,No,0.00198198,,,2,M,RAS,OIS,No,,,Human,,aksoy_1,ER:RasV12,7d,shpRb,none,SshRB_R,1,aksoy_1_SshRB_R,mitogen-activated protein kinase kinase 2,Induces,Oncogene-induced,9765203,downregulated
11697253,GSE178115,Limma,Agilent,HDF,,REP,ROCK,none,,REP_15d,REP,15d,REP,none,PRJNA737497,10%,POU5F1,none,none,No,,0.1666667,1.007599,15.0,Skin,,,,No,0.9924588,,,3,M,REP,REP,No,,,Human,,Yang,REP,15d,Y27632,2.5uM,R15dROCKi_R15d,1,Yang_R15dROCKi_R15d,POU class 5 homeobox 1,Induces,Oncogene-induced,22746537,no_change
3561184,GSE19864,Limma,Affymetrix_U133A,IMR,,RAS,none,none,,RAS,RAS,7d,OIS,none,PRJNA124029,10.0%,ROMO1,p107,none,No,,-2.193533,-4519775.0,7.0,Lung,,,,No,2.212499e-07,,,2,M,RAS,OIS,No,,,Human,,chicas_1,H-rasV12,7d,shp107,none,Rshp107_R,1,chicas_1_Rshp107_R,reactive oxygen species modulator 1,Induces,Replicative,18836179,downregulated
5309208,GSE127116,Limma,,IMR,,RAS,none,none,,RASd5,RAS,5d,OIS,none,PRJNA524181,10.00%,VCAN,LTR2,none,No,,1.14983,7464.632,5.0,Lung,,,,No,0.0001339651,,,3,R,RAS,OIS,No,IonXpress,Single,Human,110,hari,ER:RAS,5d,siLTR2,none,R5siLTR2_R5,,hari_R5siLTR2_R5,versican,Induces,Stress-induced,30622695,upregulated
4305167,GSE101766,Limma,,IMR,,RAS,none,none,14.0,RAS_shC,RAS,6d,OIS,none,PRJNA395386,,STAT3,KCNA5,none,No,,1.213495,82157.02,6.0,Lung,,,14.0,No,1.217181e-05,,,3,R,RAS,OIS,No,Illumina_HiSeq_2500,Single,Human,50,georgilis_1,ER_RAS,6d,KCNA5,none,KCNA5_RASc,,georgilis_1_KCNA5_RASc,signal transducer and activator of transcription 3,Induces,Oncogene-induced,22374671,upregulated
4212265,GSE101766,Limma,,IMR,,RAS,none,none,14.0,RAS_shC,RAS,6d,OIS,none,PRJNA395386,,FOXP1,ERCC3,none,No,,-0.1257598,-1.583312,6.0,Lung,,,14.0,No,0.6315873,,,3,R,RAS,OIS,No,Illumina_HiSeq_2500,Single,Human,50,georgilis_1,ER_RAS,6d,ERCC3,none,ERCC3_RASc,,georgilis_1_ERCC3_RASc,forkhead box P1,Inhibits,Replicative,28240601,no_change
2542811,GSE134747,Limma,Illumina_HT12V4,BJ,,OIS,none,GR,,BRAF_122_Clob_122h,RAF,5d,OIS,none,PRJNA556258,,LATS2,RELA,none,Yes,hTERT,1.742212,1.278559,1.0,Skin,,,,Yes,0.7821302,,1000ng_ml,3,M,RAF,OIS,No,,,human,,carvalho_1,BRAF_doxycycline,1d,compoundA,2uM_2h,O24CpdA2_O122Clob122,1,carvalho_1_O24CpdA2_O122Clob122,large tumor suppressor kinase 2,Induces,Replicative,30755404,no_change
10901710,GSE153921,Limma,,IMR,,OIS,none,none,,RAS_100nM4OHT,RAS,5d,OIS,none,PRJNA644552,10.00%,CDK4,XPO7,none,No,,0.1010451,1.658567,5.0,Lung,,,,No,0.6029303,,100nM4OHT_d2,3,R,RAS,OIS,No,Illumina_HiSeq_2500,Single,Human,50,innes_2,ER_RAS,5d,shXPO7,none,OXKD_O,,innes_2_OXKD_O,cyclin dependent kinase 4,Inhibits,Replicative,12082615,no_change
10994963,GSE156648,Limma,,IMR,,OIS,none,none,,pBABEHRASG12V,RAS,4d,OIS,none,PRJNA658579,10.00%,VCAN,none,DOT1L,No,,2.343835,30574054.0,4.0,Lung,2.00%,,,No,3.270747e-08,,,3,R,,,No,Illumina_NovaSeq6000,Paired,Human,150,leon,,4d,MSCB-hDot1lwt,none,POE_O,,leon_POE_O,versican,Induces,Stress-induced,30622695,upregulated
8906425,GSE128711,Limma,,HFF,,Dox,none,none,,Dox,Dox,1d,DDIS,none,PRJNA528619,,NFE2L2,pRb,none,No,,0.01939174,1.051928,1.0,Skin,,,,Yes,0.9506357,,350nM,2,R,Doxorubicin,DDIS,No,NextSeq_500,Single,Human,75,schade_1,Dox,1d,sgpRb,none,DpRb_D,,schade_1_DpRb_D,"nuclear factor, erythroid 2 like 2",Inhibits,Unclear,20068043,no_change
4331536,GSE101766,Limma,,IMR,,RAS,none,none,14.0,RAS_shC,RAS,6d,OIS,none,PRJNA395386,,WSB1,LOC399818,none,No,,0.6775176,3078.005,6.0,Lung,,,14.0,No,0.0003248858,,,3,R,RAS,OIS,No,Illumina_HiSeq_2500,Single,Human,50,georgilis_1,ER_RAS,6d,LOC399818,none,LOC399818_RASc,,georgilis_1_LOC399818_RASc,WD repeat and SOCS box containing 1,Inhibits,Oncogene-induced,27958289,no_change
173645,GSE103938,Limma,,IMR,,RAS_Rap10nM,mTOR,none,12.0,Ras_Rap10nM,RAS,10d,OIS,none,PRJNA407729,,ALDH2,mTOR,none,No,,1.61156082166037,145.818605784962,10.0,Lung,,,12.0,No,0.0068578354224199,,,3,R,OSKM,OSKM,No,Illumina_HiSeq_2500,Single,Human,50,aarts_1,OSKM,10d,rapamycin,10nM,OSKM10nMRap_R10nMRap,,aarts_1_OSKM10nMRap_R10nMRap,aldehyde dehydrogenase 2 family member,Inhibits,Stress-induced,30538807,upregulated
5566067,GSE61130,Limma,,IMR,,RAS,none,none,15.0,RAS_EV,RAS,7d,OIS,none,PRJNA260300,,RAPGEF4,none,ZFP36L1,No,,-2.558206,-7876357.0,7.0,Lung,,,15.0,No,1.269622e-07,,,3,R,RAS,OIS,No,Illumina_HiSeq_2500,Paired,Human,200,herranz_1,ER_RAS,7d,ZFP36L1mut,none,RASZmut_RAS,,herranz_1_RASZmut_RAS,Rap guanine nucleotide exchange factor 4,Inhibits,Unclear,24169561,downregulated
9854051,GSE74324,Limma,,IMR,,RASshRELA,RELA,none,,RASshRELA,RAS,12d,OIS,none,PRJNA299683,10.00%,BTG2,p53_pRb,none,No,,-1.536222,-5.59392e+16,12.0,Lung,,,,No,1.7876550000000002e-17,,,3,R,RAS,OIS,No,Illumina_HiSeq_2500,Single,Human,100,tasdemir,HRASG12V,12d,shp53pRb,none,RASshp53pRb_RASshRELA,,tasdemir_RASshp53pRb_RASshRELA,BTG anti-proliferation factor 2,Induces,Replicative,20569234,downregulated
2693825,GSE134747,Limma,Illumina_HT12V4,BJ,,OIS,RELA,none,,BRAF_24h_CpdA_2h,RAF,1d,OIS,none,PRJNA556258,,PPM1B,none,GR,Yes,hTERT,11.55796,102.1038,1.0,Skin,,,,Yes,0.009793952,,1000ng_ml,8,M,RAF,OIS,No,,,human,,carvalho_1,BRAF_doxycycline,1d,clobetasol,2nM_2h,O24Clob2_O24CpdA2,1,carvalho_1_O24Clob2_O24CpdA2,"protein phosphatase, Mg2+/Mn2+ dependent 1B",Inhibits,Unclear,24674756,upregulated
9896563,GSE74324,Limma,,IMR,,RASwJQ1,BRD4,none,,RASwJQ1,RAS,12d,OIS,none,PRJNA299683,10.00%,NDST2,BRD4,none,No,,-1.009932,-1766476.0,12.0,Lung,,,,No,5.660987e-07,,,3,R,RAS,OIS,No,Illumina_HiSeq_2500,Single,Human,100,tasdemir,HRASG12V,12d,shBRD4,none,RASshBRD4_RASwJQ1,,tasdemir_RASshBRD4_RASwJQ1,N-deacetylase and N-sulfotransferase 2,Induces,Oncogene-induced,27737960,downregulated
11465058,GSE145650,Limma,,IMR,5.00%,OIS,none,none,,ER_RAS_G12V,RAS,6d,OIS,none,PRJNA607798,10.00%,IL1A,COX2,none,No,,-1.075499,-866533763046.0,6.0,Lung,5.00%,,,No,1.154023e-12,,6d_100nM4OHT,8,R,RAS,OIS,No,Illumina_HiSeq_4000,Paired,Human,,hoare_3,ER_RAS_G12V,6d,Celecoxib,6d_40uM,OC_O,,hoare_3_OC_O,interleukin 1 alpha,Induces,Unclear,2218499,downregulated
4259456,GSE101766,Limma,,IMR,,RAS,none,none,14.0,RAS_shC,RAS,6d,OIS,none,PRJNA395386,,CALR,IL15,none,No,,-1.063762,-3028.509,6.0,Lung,,,14.0,No,0.0003301955,,,3,R,RAS,OIS,No,Illumina_HiSeq_2500,Single,Human,50,georgilis_1,ER_RAS,6d,IL15,none,IL15_RASc,,georgilis_1_IL15_RASc,calreticulin,Inhibits,Unclear,25378661,downregulated
10423409,GSE133292,Limma,,BJ,,Bleomycin,none,none,,Bleomycin12d,Bleomycin,12d,DDIS,none,PRJNA551006,10.00%,BRIP1,p53,none,No,,2.803969,3179176.0,28.0,Skin,,,,No,3.145469e-07,,40ugml_2hr,2,R,Bleomycin,DDIS,No,Illumina_HiSeq_2500,Paired,Human,250,wang_2,Bleomycin,28d,sgp53,none,Bshp53_B12d,,wang_2_Bshp53_B12d,BRCA1 interacting helicase 1,Inhibits,Oncogene-induced,22137763,upregulated
5337939,GSE127116,Limma,,IMR,,RAS,none,none,,RASd8,RAS,8d,OIS,none,PRJNA524181,10.00%,EGR2,LTR10,none,No,,1.013535,42.41755,8.0,Lung,,,,No,0.02357515,,,3,R,RAS,OIS,No,IonXpress,Single,Human,110,hari,ER:RAS,8d,siLTR10,none,R8siLTR10_R8,,hari_R8siLTR10_R8,early growth response 2,Induces,Unclear,33547862,upregulated
6724532,GSE53379,Limma,Illumin_HWG6V3,IMR,,DDISshp53,p53,none,,Quiesce2dEtopshp53,Etoposide,7d,DDIS,none,PRJNA231867,10.00%,ETS2,p53,none,No,,1.007848,4881658.0,7.0,Lung,5.00%,Yes,,No,2.048484e-07,,10dPuromycin,3,M,RAS,OIS,No,,,Human,,kirschner_1,H-RASG12V,7d,shp53,none,Rshp53_QD48shp53,1,kirschner_1_Rshp53_QD48shp53,"ETS proto-oncogene 2, transcription factor",Induces,Oncogene-induced,11234019,upregulated
3669602,GSE2487,Limma,Affymetrix_U133A,IMR,,OIS,none,none,,MEK_ER,MEK,3d,OIS,none,PRJNA91885,,MAP3K5,none,SmallT,Yes,hTERT,-470.0,-1164.6,3.0,Lung,,,,Yes,0.0008586637,,,2,M,MEK,OIS,No,,,Human,,collado_1,MEK_ER,3d,SmallT,none,Rst_R,1,collado_1_Rst_R,mitogen-activated protein kinase kinase kinase 5,Induces,Stress-induced,16731828,downregulated
5319324,GSE127116,Limma,,IMR,,RAS,none,none,,RASd5,RAS,5d,OIS,none,PRJNA524181,10.00%,SERPINE1,LTR10,none,No,,1.085409,3017.917,5.0,Lung,,,,No,0.0003313543,,,3,R,RAS,OIS,No,IonXpress,Single,Human,110,hari,ER:RAS,5d,siLTR10,none,R5siLTR10_R5,,hari_R5siLTR10_R5,serpin family E member 1,Induces,Replicative,16862142,upregulated
9795527,GSE74324,Limma,,IMR,,RASshp53,p53,none,,RASshp53,RAS,12d,OIS,none,PRJNA299683,10.00%,HNRNPAB,p53_pRb,none,No,,0.3356123,746813475.0,12.0,Lung,,,,No,1.339022e-09,,,3,R,RAS,OIS,No,Illumina_HiSeq_2500,Single,Human,100,tasdemir,HRASG12V,12d,shp53pRb,none,RASshp53pRb_RASshp53,,tasdemir_RASshp53pRb_RASshp53,heterogeneous nuclear ribonucleoprotein A/B,Inhibits,Unclear,32264951,no_change
9374121,GSE60652,Limma,Affymetrix_U133A,IMR,,OIS,none,none,,ER_RAS,RAS,6d,OIS,none,PRJNA259203,,GJA1,pRb,none,No,,6413.5,35.82707,6.0,Lung,,,,No,0.02791185,,,2,M,RAS,OIS,No,,,Human,,takebayashi,ER_RAS,6d,sipRb,none,RshRb_R,1,takebayashi_RshRb_R,gap junction protein alpha 1,Induces,Unclear,30518918,upregulated
6739330,GSE53379,Limma,Illumin_HWG6V3,IMR,,DDISshp53,p53,none,,Quiesce2dEtopshp53,Etoposide,7d,DDIS,none,PRJNA231867,10.00%,MAP2K1,p53,none,No,,0.2092119,6.176917,7.0,Lung,5.00%,Yes,,No,0.1618931,,100uM2d+5d,3,M,Etoposide,DDIS,No,,,Human,,kirschner_1,Etoposide,7d,shp53,none,Dshp53_QD48shp53,1,kirschner_1_Dshp53_QD48shp53,mitogen-activated protein kinase kinase 1,Induces,Unclear,14701721,no_change
11369600,GSE200479,Limma,,BJ,5%,OIS,none,none,,AKT1,AKT1,14d,OIS,none,PRJNA824798,15%,SOD2,CBS,none,Yes,hTERT,-1.089223,-772.9923,14.0,Skin,,,,No,0.001293674,,,3,R,AKT,OIS,No,Illumina_NextSeq_500,Single,Human,75,Zhu,myristoylated_AKT1,14d,shCBA,none,OshCBS_O,,Zhu_OshCBS_O,superoxide dismutase 2,Induces,Unclear,12592389,downregulated
3702545,GSE2487,Limma,Affymetrix_U133A,IMR,,OIS,none,SmallT,,MEK_ER_SmallT,MEK,3d,OIS,none,PRJNA91885,,CBX8,none,E6_E7,Yes,hTERT,38.6,58.55437,,Lung,,,,No,0.01707814,,,2,M,,,No,,,Human,,collado_1,,,E6_E7,none,RE67_Rst,1,collado_1_RE67_Rst,chromobox 8,Inhibits,Unclear,17332741,upregulated
54233131,GSE213993,Limma,,WI38,5%,DDIS,none,none,,DDIS_siControl,IR,10d,DDIS,none,PRJNA883434,10%,LATS2,BAFF,none,No,,0.546683914933422,2393.60639095274,10.0,Lung,,1%,,No,0.0004177796331843,,10Gy_10days,2,R,IR,DDIS,No,NovaSeq_6000,Paired,Human,217-219,Rossi,IR,10d,siBAFF,none,Dsi_D,,Rossi_Dsi_D,large tumor suppressor kinase 2,Induces,Replicative,30755404,no_change
5890698,GSE122079,Limma,,IMR,,RAS_ouabain,IONpump,none,14.0,RAS16h_ouab,RAS,7d,OIS,none,PRJNA503415,10.00%,TXNIP,IONpump,none,No,,-1.358295,-97943317288.0,7.0,Lung,,,14.0,No,1.020999e-11,,,3,R,RAS,OIS,No,Illumina_HiSeq_2500,Single,Human,50,herranz_2,ER_RAS,7d,ouabain,none,RASouab36_RASouab16,,herranz_2_RASouab36_RASouab16,thioredoxin interacting protein,Induces,Replicative,20656682,downregulated
88419,GSE103938,Limma,,IMR,,RAS,none,none,12.0,RAS10d,RAS,10d,OIS,none,PRJNA407729,,CDKN1A,mTOR,none,No,,-1.3273654184297,-22.1864204576848,10.0,Lung,,,12.0,No,0.0450726155626256,,,3,R,RAS,OIS,No,Illumina_HiSeq_2500,Single,Human,50,aarts_1,RAS,10d,rapamycin,10nM,R10nMRap_R,,aarts_1_R10nMRap_R,cyclin dependent kinase inhibitor 1A,Induces,Replicative,9242615,downregulated
6738417,GSE53379,Limma,Illumin_HWG6V3,IMR,,DDISshp53,p53,none,,Quiesce2dEtopshp53,Etoposide,7d,DDIS,none,PRJNA231867,10.00%,IL1A,p53,none,No,,2.043826,16547.64,7.0,Lung,5.00%,Yes,,No,6.043157e-05,,100uM2d+5d,3,M,Etoposide,DDIS,No,,,Human,,kirschner_1,Etoposide,7d,shp53,none,Dshp53_QD48shp53,1,kirschner_1_Dshp53_QD48shp53,interleukin 1 alpha,Induces,Unclear,2218499,upregulated
4524658,GSE101766,Limma,,IMR,,RAS,none,none,14.0,RAS_shC,RAS,6d,OIS,none,PRJNA395386,,NIPA2,p16,none,No,,1.044659,198716.5,6.0,Lung,,,14.0,No,5.032294e-06,,,3,R,RAS,OIS,No,Illumina_HiSeq_2500,Single,Human,50,georgilis_1,ER_RAS,6d,CDKN2A,none,CDKN2A_RASc,,georgilis_1_CDKN2A_RASc,NIPA magnesium transporter 2,Inhibits,Unclear,32264951,upregulated
162679,GSE103938,Limma,,IMR,,RAS_Rap1nM,mTOR,none,12.0,RAS_Rap1nM,RAS,10d,OIS,none,PRJNA407729,,CDK6,mTOR,none,No,,1.5656631117065,4656.19585227776,10.0,Lung,,,12.0,No,0.0002147675982123,,,3,R,OSKM,OSKM,No,Illumina_HiSeq_2500,Single,Human,50,aarts_1,OSKM,10d,rapamycin,1nM,OSKM1nMRap_R1nMRap,,aarts_1_OSKM1nMRap_R1nMRap,cyclin dependent kinase 6,Inhibits,Replicative,12082615,upregulated
9757786,GSE74324,Limma,,IMR,,RASshp53,p53,none,,RASshp53,RAS,12d,OIS,none,PRJNA299683,10.00%,GDF15,BRD4,none,No,,1.046054,536143120939.0,12.0,Lung,,,,No,1.865174e-12,,,3,R,RAS,OIS,No,Illumina_HiSeq_2500,Single,Human,100,tasdemir,HRASG12V,12d,shBRD4,none,RASshBRD4_RASshp53,,tasdemir_RASshBRD4_RASshp53,growth differentiation factor 15,Induces,Oncogene-induced,26909594,upregulated
11098110,GSE144752,Limma,,BJ,,OIS,none,none,,BRAF_2d_1uM4OHT,BRAF,3d,OIS,none,PRJNA604779,10.00%,MDK,MIR31HG,none,Yes,hTERT,1.010641,19218.79,3.0,Skin,,,,Yes,5.20324e-05,,2d_1uM4OHT,3,R,RAF,OIS,No,NextSeq_500,Single,Human,75,montes,BRAFE600,3d,siMIR31HG,none,OMKD_O,,montes_OMKD_O,midkine,Inhibits,Stress-induced,31219803,upregulated
1606069,GSE122918,Limma,Affymetrix_HTA2_0,WI38,,RAS,ETS1,none,,R144_siETS1,RAS,6d,OIS,none,PRJNA506911,,SIN3B,JUN,none,No,,-0.3,-682047.4,6.0,Lung,,,,No,1.466174e-06,,,4,M,RAS,OIS,No,,,human,,bischof_2,ER:RASv12,6d,siJUN1,20uM,R144jun1_R144ets11,1,bischof_2_R144jun1_R144ets11,SIN3 transcription regulator family member B,Induces,Unclear,19654306,no_change
6717778,GSE53379,Limma,Illumin_HWG6V3,IMR,,DDISshp53,p53,none,,Quiesce1dEtopshp53,Etoposide,7d,DDIS,none,PRJNA231867,10.00%,RUNX1,p53,E1A,No,,-1.105881,-5954056186.0,,Lung,5.00%,Yes,,No,1.679527e-10,,,3,M,,,No,,,Human,,kirschner_1,,,shp53,none,Ishp53_QD24shp53,1,kirschner_1_Ishp53_QD24shp53,RUNX family transcription factor 1,Induces,Unclear,19448675,downregulated
11339535,GSE141991,Limma,,IMR,5.00%,OIS,none,none,,ER_RAS,RAS,7d,OIS,none,PRJNA595545,10.00%,GJA1,METTL14,none,No,,-1.069475,-1492491.0,7.0,Lung,2.00%,,,No,6.700207e-07,,,3,R,RAS,OIS,No,NextSeq_500,Paired,Human,75,zhang_2,ER_RAS,7d,siMETTL14,none,OKO_O,,zhang_2_OKO_O,gap junction protein alpha 1,Induces,Unclear,30518918,downregulated
11376009,GSE200479,Limma,,BJ,5%,OIS,none,none,,AKT1,AKT1,14d,OIS,none,PRJNA824798,15%,PML,p53,none,Yes,hTERT,1.39724,110862.1,14.0,Skin,,,,No,9.020216e-06,,,3,R,AKT,OIS,No,Illumina_NextSeq_500,Single,Human,75,Zhu,myristoylated_AKT1,14d,shp53,none,Oshtp53_O,,Zhu_Oshtp53_O,PML nuclear body scaffold,Induces,Oncogene-induced,10910364,upregulated
9729391,GSE74324,Limma,,IMR,,RAS,none,none,,RASshC,RAS,12d,OIS,none,PRJNA299683,10.00%,AGT,p53_pRb,none,No,,0.0,0.0,12.0,Lung,,,,No,1.0,,,3,R,RAS,OIS,No,Illumina_HiSeq_2500,Single,Human,100,tasdemir,HRASG12V,12d,shp53pRb,none,RASshp53pRb_RAS,,tasdemir_RASshp53pRb_RAS,angiotensinogen,Induces,Stress-induced,16908765,no_change
5361431,GSE127116,Limma,,IMR,,RAS_siLTR10,LTR10,none,,RASd8_siLTR10,RAS,8d,OIS,none,PRJNA524181,10.00%,CDK2AP1,LTR10,none,No,,0.03071871,1.173633,8.0,Lung,,,,No,0.8520552,,,3,R,RAS,OIS,No,IonXpress,Single,Human,110,hari,ER:RAS,8d,siLTR10,none,R8siLTR10_R5siLTR10,,hari_R8siLTR10_R5siLTR10,cyclin dependent kinase 2 associated protein 1,Inhibits,Unclear,25785833,no_change
5751315,GSE122079,Limma,,IMR,,RAS,none,none,14.0,RAS_EV36h,RAS,7d,OIS,none,PRJNA503415,10.00%,PRKCD,IONpump,none,No,,-0.509695,-48.3505,7.0,Lung,,,14.0,No,0.02068231,,,3,R,RAS,OIS,No,Illumina_HiSeq_2500,Single,Human,50,herranz_2,ER_RAS,7d,digoxin,none,RASdig36_RAS36,,herranz_2_RASdig36_RAS36,protein kinase C delta,Induces,Replicative,19279193,no_change
10987902,GSE156648,Limma,,IMR,,OIS,none,none,,pBABEHRASG12V,RAS,4d,OIS,none,PRJNA658579,10.00%,FERMT1,none,DOT1L,No,,-0.8070344,-1467.716,4.0,Lung,2.00%,,,No,0.0006813308,,,3,R,,,No,Illumina_NovaSeq6000,Paired,Human,150,leon,,4d,MSCB-hDot1lwt,none,POE_O,,leon_POE_O,FERM domain containing kindlin 1,Inhibits,Unclear,23278235,no_change
9792161,GSE74324,Limma,,IMR,,RASshp53,p53,none,,RASshp53,RAS,12d,OIS,none,PRJNA299683,10.00%,BTG2,p53_pRb,none,No,,1.107503,425087075478.0,12.0,Lung,,,,No,2.352459e-12,,,3,R,RAS,OIS,No,Illumina_HiSeq_2500,Single,Human,100,tasdemir,HRASG12V,12d,shp53pRb,none,RASshp53pRb_RASshp53,,tasdemir_RASshp53pRb_RASshp53,BTG anti-proliferation factor 2,Induces,Replicative,20569234,upregulated
11694055,GSE178115,Limma,Agilent,HDF,,REP,ROCK,none,,REP_15d,REP,15d,REP,none,PRJNA737497,10%,MEOX1,none,none,No,,5.833333,27.63741,15.0,Skin,,,,No,0.03618284,,,3,M,REP,REP,No,,,Human,,Yang,REP,15d,Y27632,2.5uM,R15dROCKi_R15d,1,Yang_R15dROCKi_R15d,mesenchyme homeobox 1,Induces,Unclear,22206000,upregulated
2724832,GSE134747,Limma,Illumina_HT12V4,BJ,,OIS,none,GR,,BRAF_24h_Clob_2h,RAF,1d,OIS,none,PRJNA556258,,CD34,RELA,none,Yes,hTERT,-76.17541,-99.81203,1.0,Skin,,,,Yes,0.01001883,,1000ng_ml,3,M,RAF,OIS,No,,,human,,carvalho_1,BRAF_doxycycline,1d,compoundA,2uM_2h,O24CpdA2_O24Clob2,1,carvalho_1_O24CpdA2_O24Clob2,CD34 molecule,Induces,Unclear,25879198,downregulated
6815510,GSE93535,Limma,,HDF161,7.00%,H2O2,none,none,15.0,H2O2,H2O2,15d,DDIS,none,PRJNA361062,10.00%,PLK1,unknown,unknown,No,,-2.557223,-2753.301,15.0,Skin,Ambient,,15.0,No,0.0003632003,,100uM_1hperd,3,R,H2O2,DDIS,No,Illumina_HiSeq_2500,Single,Human,51,laemmermann,H2O2,15d,1201,0.01%,D15plant_D15,,laemmermann_D15plant_D15,polo like kinase 1,Inhibits,Replicative,23525475,downregulated
5901242,GSE122079,Limma,,IMR,,RAS_ouabain,IONpump,none,14.0,RAS36h_ouab,RAS,7d,OIS,none,PRJNA503415,10.00%,SIRT1,IONpump,none,No,,1.534039,855029240.0,7.0,Lung,,,14.0,No,1.169551e-09,,,3,R,RAS,OIS,No,Illumina_HiSeq_2500,Single,Human,50,herranz_2,ER_RAS,7d,ouabain_caspase_inhibitor,none,RASouab36CI_RASouab16,,herranz_2_RASouab36CI_RASouab16,sirtuin 1,Inhibits,Unclear,18320031,upregulated
2605127,GSE134747,Limma,Illumina_HT12V4,BJ,,OIS,none,GR,,BRAF_48h_Clob_2h,RAF,2d,OIS,none,PRJNA556258,,MAPKAPK5,none,GR,Yes,hTERT,-16.15869,-141.1569,3.0,Skin,,,,Yes,0.007084315,,1000ng_ml,4,M,RAF,OIS,No,,,human,,carvalho_1,BRAF_doxycycline,3d,clobetasol,2nM_2h,O72Clob2_O48Clob2,1,carvalho_1_O72Clob2_O48Clob2,MAPK activated protein kinase 5,Induces,Oncogene-induced,17254968,downregulated
12325912,GSE196610,Limma,,IMR,5%,DDIS,none,Parkin,,IR_ParkinYFP,IR,10d,DDIS,none,PRJNA806156,10.00%,BCL2,none,Parkin,No,,1.30807600834094,9457.9560177073,10.0,Lung,3%,,,No,0.0001057310901137,,20Gy,3,R,IR,DDIS,No,Illumina_NovaSeq6000,Paired,Human,202,Victorelli,IR,10d,CCCP,12uM,DPC_DP,,Victorelli_DPC_DP,BCL2 apoptosis regulator,Induces,Oncogene-induced,12670482,upregulated
4155949,GSE101766,Limma,,IMR,,RAS,none,none,14.0,RAS_shC,RAS,6d,OIS,none,PRJNA395386,,SIRT6,CCL23,none,No,,1.253772,925.8549,6.0,Lung,,,14.0,No,0.001080083,,,3,R,RAS,OIS,No,Illumina_HiSeq_2500,Single,Human,50,georgilis_1,ER_RAS,6d,CCL23,none,CCL23_RASc,,georgilis_1_CCL23_RASc,sirtuin 6,Inhibits,Replicative,25819580,upregulated
87762,GSE103938,Limma,,IMR,,RAS,none,none,12.0,RAS10d,RAS,10d,OIS,none,PRJNA407729,,BRAF,mTOR,none,No,,0.100102016320623,1.1661819572798,10.0,Lung,,,12.0,No,0.857499118175837,,,3,R,RAS,OIS,No,Illumina_HiSeq_2500,Single,Human,50,aarts_1,RAS,10d,rapamycin,10nM,R10nMRap_R,,aarts_1_R10nMRap_R,"B-Raf proto-oncogene, serine/threonine kinase",Induces,Oncogene-induced,16079850,no_change
8912433,GSE128711,Limma,,HFF,,Dox,none,none,,Dox,Dox,1d,DDIS,none,PRJNA528619,,AGO2,p130_pRb,none,No,,1.829694,83.43237,1.0,Skin,,,,Yes,0.01198576,,350nM,2,R,Doxorubicin,DDIS,No,NextSeq_500,Single,Human,75,schade_1,Dox,1d,sgp130pRb,none,Dp130pRb_D,,schade_1_Dp130pRb_D,argonaute RISC catalytic component 2,Inhibits,Oncogene-induced,25175024,upregulated
5744556,GSE122079,Limma,,IMR,,RAS,none,none,14.0,RAS_EV36h,RAS,7d,OIS,none,PRJNA503415,10.00%,BTG3,IONpump,none,No,,1.355283,934513223188.0,7.0,Lung,,,14.0,No,1.070076e-12,,,3,R,RAS,OIS,No,Illumina_HiSeq_2500,Single,Human,50,herranz_2,ER_RAS,7d,digoxin,none,RASdig36_RAS36,,herranz_2_RASdig36_RAS36,BTG anti-proliferation factor 3,Inhibits,Oncogene-induced,22020331,upregulated
3606506,GSE19864,Limma,Affymetrix_U133A,IMR,,RAS_shp107,p107,none,,RAS_shp107,RAS,7d,OIS,none,PRJNA124029,10.0%,HMGB2,p130,none,No,,-0.9132829,-8.405821,7.0,Lung,,,,No,0.1189652,,,2,M,RAS,OIS,No,,,Human,,chicas_1,H-rasV12,7d,shp130,none,Rshp130_Rshp107,1,chicas_1_Rshp130_Rshp107,high mobility group box 2,Inhibits,Oncogene-induced,27799366,no_change
5988611,GSE42368,Limma,Illumina_HT12V3,FL2,,DDIS,none,none,,Dox,Dox,1d,DDIS,none,PRJNA181197,,STK40,DINO,none,No,,11.57005,29.14352,1.0,Lung,,,,Yes,0.03431295,,200ng/ml_1d,3,M,Doxorubicin,DDIS,No,,,Human,,hung_1,Dox,1d,shDINO,none,DshDINO_D,1,hung_1_DshDINO_D,serine/threonine kinase 40,Induces,Unclear,26583757,upregulated
9858602,GSE74324,Limma,,IMR,,RASshRELA,RELA,none,,RASshRELA,RAS,12d,OIS,none,PRJNA299683,10.00%,MAP3K5,p53_pRb,none,No,,1.017972,449113135825.0,12.0,Lung,,,,No,2.22661e-12,,,3,R,RAS,OIS,No,Illumina_HiSeq_2500,Single,Human,100,tasdemir,HRASG12V,12d,shp53pRb,none,RASshp53pRb_RASshRELA,,tasdemir_RASshp53pRb_RASshRELA,mitogen-activated protein kinase kinase kinase 5,Induces,Stress-induced,16731828,upregulated
3585940,GSE19864,Limma,Affymetrix_U133A,IMR,,RAS_shpRb,pRb,none,,RAS_shpRb,RAS,7d,OIS,none,PRJNA124029,10.0%,ROMO1,p107,none,No,,-2.238544,-6414697.0,7.0,Lung,,,,No,1.55892e-07,,,2,M,RAS,OIS,No,,,Human,,chicas_1,H-rasV12,7d,shp107,none,Rshp107_RshRB,1,chicas_1_Rshp107_RshRB,reactive oxygen species modulator 1,Induces,Replicative,18836179,downregulated
17781591,GSE222676,Limma,,IMR,,DDIS,none,none,,Bleomycin_10ugml_24hr,Bleomycin,7d,DDIS,none,PRJNA923006,15%,LMNB1,ABCA1,none,Yes,hTERT,-2.10887114695589,-264241.325112178,7.0,Lung,3%,,,No,3.78441941121614e-06,,10ugml_24hr,2,R,Bleomycin,DDIS,No,NovaSeq_6000,Paired,Human,202,Roh,Bleomycin_ABCA1KO,7d,ABCA1_CRISPR,none,DKO_D,Na,Roh_DKO_D,lamin B1,Inhibits,Oncogene-induced,22155925,downregulated
1578640,GSE122918,Limma,Affymetrix_HTA2_0,WI38,,RAS,none,none,,R144_siCTRL,RAS,6d,OIS,none,PRJNA506911,,NF1,JUN,none,No,,1.175,132056903.0,6.0,Lung,,,,No,7.572493e-09,,,4,M,RAS,OIS,No,,,human,,bischof_2,ER:RASv12,6d,siJUN1,20uM,R144jun1_R144ctrl,1,bischof_2_R144jun1_R144ctrl,neurofibromin 1,Inhibits,Oncogene-induced,25824590,upregulated
10906141,GSE153921,Limma,,IMR,,OIS,none,none,,RAS_100nM4OHT,RAS,5d,OIS,none,PRJNA644552,10.00%,MVK,XPO7,none,No,,0.3061168,26.39698,5.0,Lung,,,,No,0.03788312,,100nM4OHT_d2,3,R,RAS,OIS,No,Illumina_HiSeq_2500,Single,Human,50,innes_2,ER_RAS,5d,shXPO7,none,OXKD_O,,innes_2_OXKD_O,mevalonate kinase,Induces,Unclear,26583757,no_change
3590792,GSE19864,Limma,Affymetrix_U133A,IMR,,RAS_shpRb,pRb,none,,RAS_shpRb,RAS,7d,OIS,none,PRJNA124029,10.0%,BUB1,p130,none,No,,0.3580514,2.45269,7.0,Lung,,,,No,0.4077155,,,2,M,RAS,OIS,No,,,Human,,chicas_1,H-rasV12,7d,shp130,none,Rshp130_RshRB,1,chicas_1_Rshp130_RshRB,BUB1 mitotic checkpoint serine/threonine kinase,Inhibits,Oncogene-induced,17488820,no_change
18107613,GSE196610,Limma,,IMR,5%,DDIS,none,Parkin,,IR_ParkinYFP,IR,10d,DDIS,none,PRJNA806156,10.00%,MORF4L1,none,Parkin_mtDNA,No,,0.291062562067541,38.1776894716044,10.0,Lung,3%,,,No,0.0261933085485379,,20Gy,3,R,IR,DDIS,No,Illumina_NovaSeq6000,Paired,Human,202,Victorelli,IR,10d,CCCP_mtDNA,12uM_15ug,DPCM_DP,,Victorelli_DPCM_DP,mortality factor 4 like 1,Inhibits,Stress-induced,31219803,no_change
6883690,GSE108278,Limma,,IMR,,RAS,none,none,,RAS_shC,RAS,4d,OIS,none,PRJNA423028,,CBX7,IL1R,none,Yes,hTERT,0.3543086,9.224427,4.0,Lung,,,,No,0.1084078,,,2,R,RAS,OIS,No,Illumina_HiSeq_2500,Paired,Human,51,lau,ERT2_RASG12V,4d,shIL1R,none,R4IL_R4,,lau_R4IL_R4,chromobox 7,Inhibits,Replicative,14647293,no_change
4162756,GSE101766,Limma,,IMR,,RAS,none,none,14.0,RAS_shC,RAS,6d,OIS,none,PRJNA395386,,FOXQ1,CTDSPL,none,No,,0.0,0.0,6.0,Lung,,,14.0,No,1.0,,,3,R,RAS,OIS,No,Illumina_HiSeq_2500,Single,Human,50,georgilis_1,ER_RAS,6d,CTDSPL,none,CTDSPL_RASc,,georgilis_1_CTDSPL_RASc,forkhead box Q1,Inhibits,Unclear,29500491,no_change
9770164,GSE74324,Limma,,IMR,,RASshp53,p53,none,,RASshp53,RAS,12d,OIS,none,PRJNA299683,10.00%,GDF15,RELA,none,No,,2.381113,1.631718e+26,12.0,Lung,,,,No,6.128511e-27,,,3,R,RAS,OIS,No,Illumina_HiSeq_2500,Single,Human,100,tasdemir,HRASG12V,12d,shRELA,none,RASshRELA_RASshp53,,tasdemir_RASshRELA_RASshp53,growth differentiation factor 15,Induces,Oncogene-induced,26909594,upregulated
161727,GSE103938,Limma,,IMR,,RAS_Rap1nM,mTOR,none,12.0,RAS_Rap1nM,RAS,10d,OIS,none,PRJNA407729,,ATG7,mTOR,none,No,,-0.383679542888714,-4.23399924446662,10.0,Lung,,,12.0,No,0.236183320369481,,,3,R,OSKM,OSKM,No,Illumina_HiSeq_2500,Single,Human,50,aarts_1,OSKM,10d,rapamycin,1nM,OSKM1nMRap_R1nMRap,,aarts_1_OSKM1nMRap_R1nMRap,autophagy related 7,Inhibits,Oncogene-induced,19279323,no_change
2728895,GSE134747,Limma,Illumina_HT12V4,BJ,,OIS,none,GR,,BRAF_24h_Clob_2h,RAF,1d,OIS,none,PRJNA556258,,MAPK14,RELA,none,Yes,hTERT,29.60372,110.0693,1.0,Skin,,,,Yes,0.009085184,,1000ng_ml,3,M,RAF,OIS,No,,,human,,carvalho_1,BRAF_doxycycline,1d,compoundA,2uM_2h,O24CpdA2_O24Clob2,1,carvalho_1_O24CpdA2_O24Clob2,mitogen-activated protein kinase 14,Induces,Replicative,12581156,upregulated
8899283,GSE128711,Limma,,HFF,,Dox,none,none,,Dox,Dox,1d,DDIS,none,PRJNA528619,,ZMYND11,p130,none,No,,0.03493709,1.088681,1.0,Skin,,,,Yes,0.9185424,,350nM,2,R,Doxorubicin,DDIS,No,NextSeq_500,Single,Human,75,schade_1,Dox,1d,sgp130,none,Dp130_D,,schade_1_Dp130_D,zinc finger MYND-type containing 11,Inhibits,Unclear,17721438,no_change
10414243,GSE133292,Limma,,BJ,,Bleomycin,none,none,,Bleomycin28d,Bleomycin,28d,DDIS,none,PRJNA551006,10.00%,HDAC4,p53,none,No,,1.166076,142.524,28.0,Skin,,,,No,0.007016362,,40ugml_2hr,2,R,Bleomycin,DDIS,No,Illumina_HiSeq_2500,Paired,Human,250,wang_2,Bleomycin,28d,sgp53,none,Bshp53_B28d,,wang_2_Bshp53_B28d,histone deacetylase 4,Inhibits,Replicative,26414199,upregulated
6644440,GSE53379,Limma,Illumin_HWG6V3,IMR,,DDISshp53,p53,none,,DDISshp53,Etoposide,7d,DDIS,none,PRJNA231867,10.00%,SPHK1,p53,none,No,,1.396195,3228.112,7.0,Lung,5.00%,Yes,,No,0.0003097786,,10dPuromycin,3,M,RAS,OIS,No,,,Human,,kirschner_1,H-RASG12V,7d,shp53,none,Rshp53_Dshp53,1,kirschner_1_Rshp53_Dshp53,sphingosine kinase 1,Inhibits,Replicative,30885289,upregulated
9714107,GSE74324,Limma,,IMR,,RAS,none,none,,RASshC,RAS,12d,OIS,none,PRJNA299683,10.00%,SOCS1,RELA,none,No,,-1.324587,-21420401.0,12.0,Lung,,,,No,4.668447e-08,,,3,R,RAS,OIS,No,Illumina_HiSeq_2500,Single,Human,100,tasdemir,HRASG12V,12d,shRELA,none,RASshRELA_RAS,,tasdemir_RASshRELA_RAS,suppressor of cytokine signaling 1,Induces,Replicative,20005840,downregulated
9761775,GSE74324,Limma,,IMR,,RASshp53,p53,none,,RASshp53,RAS,12d,OIS,none,PRJNA299683,10.00%,PRKAA2,BRD4,none,No,,1.50675,231262700000000.0,12.0,Lung,,,,No,4.324087e-15,,,3,R,RAS,OIS,No,Illumina_HiSeq_2500,Single,Human,100,tasdemir,HRASG12V,12d,shBRD4,none,RASshBRD4_RASshp53,,tasdemir_RASshBRD4_RASshp53,protein kinase AMP-activated catalytic subunit alpha 2,Inhibits,Stress-induced,26890602,upregulated
10954868,GSE156648,Limma,,IMR,,OIS,none,none,,RAS,RAS,4d,OIS,none,PRJNA658579,10.00%,ITPR3,DOT1L,none,No,,-1.092494,-72458.94,4.0,Lung,2.00%,,,No,1.380092e-05,,,3,R,RAS,OIS,No,Illumina_NovaSeq6000,Paired,Human,150,leon,pBABEHRASG12V,4d,pLKO.1_shDOT1L,none,OKD_O,,leon_OKD_O,"inositol 1,4,5-trisphosphate receptor type 3",Induces,Oncogene-induced,24797322,downregulated
5537808,GSE61130,Limma,,IMR,,RAS_Zwt,none,ZFP36L1,15.0,RAS_Zwt,RAS,7d,OIS,none,PRJNA260300,,INPP4B,none,ZFP36L1,No,,1.722613,335431.7,7.0,Lung,,,15.0,No,2.981233e-06,,,3,R,RAS,OIS,No,Illumina_HiSeq_2500,Paired,Human,200,herranz_1,ER_RAS,7d,ZFP36L1mut,none,RASZmut_RASZwt,,herranz_1_RASZmut_RASZwt,inositol polyphosphate-4-phosphatase type II B,Inhibits,Unclear,19647222,upregulated
11370457,GSE200479,Limma,,BJ,5%,OIS,none,none,,AKT1,AKT1,14d,OIS,none,PRJNA824798,15%,TXN,CBS,none,Yes,hTERT,-1.201117,-431019.4,14.0,Skin,,,,No,2.320081e-06,,,3,R,AKT,OIS,No,Illumina_NextSeq_500,Single,Human,75,Zhu,myristoylated_AKT1,14d,shCBA,none,OshCBS_O,,Zhu_OshCBS_O,thioredoxin,Inhibits,Unclear,20074557,downregulated
3677045,GSE2487,Limma,Affymetrix_U133A,IMR,,OIS,none,none,,MEK_ER,MEK,3d,OIS,none,PRJNA91885,,ASXL2,none,E6_E7,Yes,hTERT,-704.9,-39112.33,,Lung,,,,No,2.556739e-05,,,2,M,,,No,,,Human,,collado_1,,,E6_E7,none,RE67_R,1,collado_1_RE67_R,ASXL transcriptional regulator 2,Induces,Unclear,26416890,downregulated
9823665,GSE74324,Limma,,IMR,,RASshBRD4,BRD4,none,,RASshBRD4,RAS,12d,OIS,none,PRJNA299683,10.00%,PRKAA2,p16_p21,none,No,,-1.702735,-2.34845e+16,12.0,Lung,,,,No,4.2581280000000004e-17,,,3,R,RAS,OIS,No,Illumina_HiSeq_2500,Single,Human,100,tasdemir,HRASG12V,12d,shp16p21,none,RASshp16p21_RASshBRD4,,tasdemir_RASshp16p21_RASshBRD4,protein kinase AMP-activated catalytic subunit alpha 2,Inhibits,Stress-induced,26890602,downregulated
2735031,GSE134747,Limma,Illumina_HT12V4,BJ,,OIS,none,GR,,BRAF_24h_Clob_2h,RAF,1d,OIS,none,PRJNA556258,,ZMPSTE24,RELA,none,Yes,hTERT,11.14048,96.85785,1.0,Skin,,,,Yes,0.01032441,,1000ng_ml,3,M,RAF,OIS,No,,,human,,carvalho_1,BRAF_doxycycline,1d,compoundA,2uM_2h,O24CpdA2_O24Clob2,1,carvalho_1_O24CpdA2_O24Clob2,zinc metallopeptidase STE24,Inhibits,Replicative,24101728,upregulated
7034323,GSE75643,Limma,,Tig3,,BRAF,none,none,,BRAF10d,RAF,10d,OIS,none,PRJNA302675,9.00%,FERMT1,none,SV40smallT,Yes,hTERT,1.047984,465.9126,10.0,Lung,,,,No,0.002146325,,,3,R,RAF,OIS,No,Illumina_HiSeq_2000,Single,Human,51,lenain,BRAFE600,10d,SV40smallT,none,BRAF10SV40_10,,lenain_BRAF10SV40_10,FERM domain containing kindlin 1,Inhibits,Unclear,23278235,upregulated
16840812,GSE196610,Limma,,IMR,5%,DDIS,none,Parkin,,IR_ParkinYFP,IR,10d,DDIS,none,PRJNA806156,10.00%,E2F1,none,Parkin_mtDNA,No,,-1.19537493464163,-1014587009.36135,10.0,Lung,3%,,,No,9.85622712269369e-10,,20Gy,3,R,IR,DDIS,No,Illumina_NovaSeq6000,Paired,Human,202,Victorelli,IR,10d,CCCP_mtDNA,12uM_15ug,DPCM_DP,,Victorelli_DPCM_DP,E2F transcription factor 1,Induces,Unclear,10594030,downregulated
2744695,GSE134747,Limma,Illumina_HT12V4,BJ,,OIS,none,GR,,BRAF_24h_Clob_2h,RAF,1d,OIS,none,PRJNA556258,,SERPINB2,none,GR,Yes,hTERT,-0.7195545,-1.186912,2.0,Skin,,,,Yes,0.8425224,,1000ng_ml,4,M,RAF,OIS,No,,,human,,carvalho_1,BRAF_doxycycline,2d,clobetasol,2nM_2h,O48Clob2_O24Clob2,1,carvalho_1_O48Clob2_O24Clob2,serpin family B member 2,Induces,Unclear,28794016,no_change
6728141,GSE53379,Limma,Illumin_HWG6V3,IMR,,DDISshp53,p53,none,,Quiesce2dEtopshp53,Etoposide,7d,DDIS,none,PRJNA231867,10.00%,NUAK1,p53,none,No,,1.036196,26164.01,7.0,Lung,5.00%,Yes,,No,3.822044e-05,,10dPuromycin,3,M,RAS,OIS,No,,,Human,,kirschner_1,H-RASG12V,7d,shp53,none,Rshp53_QD48shp53,1,kirschner_1_Rshp53_QD48shp53,NUAK family kinase 1,Induces,Unclear,19927127,upregulated
5385503,GSE127116,Limma,,IMR,,RAS_siLTR2,LTR2,none,,RASd8_siLTR2,RAS,8d,OIS,none,PRJNA524181,10.00%,BLVRA,LTR10,none,No,,1.223335,4227.545,8.0,Lung,,,,No,0.0002365439,,,3,R,RAS,OIS,No,IonXpress,Single,Human,110,hari,ER:RAS,8d,siLTR10,none,R8siLTR10_R8siLTR2,,hari_R8siLTR10_R8siLTR2,biliverdin reductase A,Inhibits,Stress-induced,21099244,upregulated
11110674,GSE144752,Limma,,BJ,,OIS,none,none,,BRAF_2d_1uM4OHT,BRAF,3d,OIS,none,PRJNA604779,10.00%,SMC1A,YBX1,none,Yes,hTERT,-1.184847,-61.93326,3.0,Skin,,,,Yes,0.01614641,,2d_1uM4OHT,3,R,RAF,OIS,No,NextSeq_500,Single,Human,75,montes,BRAFE600,3d,siYBX1,none,OYKD_O,,montes_OYKD_O,structural maintenance of chromosomes 1A,Inhibits,Unclear,27731420,downregulated
525536,GSE40349,Limma,Affymetrix_U133A,IMR,,RAS,none,none,,RASshLuc,RAS,7d,OIS,none,PRJNA173792,10%,MAGOHB,pRb_E2F7,none,No,,1.311337,324.998,7.0,Lung,,,,No,0.003076942,,,2,M,RAS,OIS,No,,,Human,,aksoy_1,ER:RasV12,7d,shpRb_shE2F7,none,SshRBE2F7_R,1,aksoy_1_SshRBE2F7_R,"mago homolog B, exon junction complex subunit",Inhibits,Replicative,26206181,upregulated
4372477,GSE101766,Limma,,IMR,,RAS,none,none,14.0,RAS_shC,RAS,6d,OIS,none,PRJNA395386,,EIF2AK2,NRG1,none,No,,0.3168489,5.599566,6.0,Lung,,,14.0,No,0.1785853,,,3,R,RAS,OIS,No,Illumina_HiSeq_2500,Single,Human,50,georgilis_1,ER_RAS,6d,NRG1,none,NRG1_RASc,,georgilis_1_NRG1_RASc,eukaryotic translation initiation factor 2 alpha kinase 2,Induces,Stress-induced,29906232,no_change
544927,GSE40349,Limma,Affymetrix_U133A,IMR,,RAS,pRb,none,,RASshRB,RAS,7d,OIS,none,PRJNA173792,10%,AHR,pRb_E2F7,none,No,,-1.140159,-451.4444,7.0,Lung,,,,No,0.002215112,,,2,M,RAS,OIS,No,,,Human,,aksoy_1,ER:RasV12,7d,shpRb_shE2F7,none,SshRBE2F7_SshRB,1,aksoy_1_SshRBE2F7_SshRB,aryl hydrocarbon receptor,Induces,Stress-induced,15111621,downregulated
5313003,GSE127116,Limma,,IMR,,RAS,none,none,,RASd5,RAS,5d,OIS,none,PRJNA524181,10.00%,DPP4,LTR10,none,No,,-1.112856,-102332.8,5.0,Lung,,,,No,9.772038e-06,,,3,R,RAS,OIS,No,IonXpress,Single,Human,110,hari,ER:RAS,5d,siLTR10,none,R5siLTR10_R5,,hari_R5siLTR10_R5,dipeptidyl peptidase 4,Induces,Oncogene-induced,29481642,downregulated
4234087,GSE101766,Limma,,IMR,,RAS,none,none,14.0,RAS_shC,RAS,6d,OIS,none,PRJNA395386,,ATG4D,HSPC182,none,No,,-1.06486,-511.1943,6.0,Lung,,,14.0,No,0.001956203,,,3,R,RAS,OIS,No,Illumina_HiSeq_2500,Single,Human,50,georgilis_1,ER_RAS,6d,HSPC182,none,HSPC182_RASc,,georgilis_1_HSPC182_RASc,autophagy related 4D cysteine peptidase,Inhibits,Unclear,30352807,downregulated
5369796,GSE127116,Limma,,IMR,,RAS_siLTR10,LTR10,none,,RASd8_siLTR10,RAS,8d,OIS,none,PRJNA524181,10.00%,SUV39H1,LTR10,none,No,,-1.184011,-37208.31,8.0,Lung,,,,No,2.687572e-05,,,3,R,RAS,OIS,No,IonXpress,Single,Human,110,hari,ER:RAS,8d,siLTR10,none,R8siLTR10_R5siLTR10,,hari_R8siLTR10_R5siLTR10,SUV39H1 histone lysine methyltransferase,Inhibits,Unclear,26160351,downregulated
9017072,GSE105591,Limma,,IMR,,REP,none,none,77.0,REP_shC,REP,,REP,none,PRJNA415490,10.00%,MEF2A,CBP,none,No,,1.256875,23.507,,Lung,3.00%,1.00%,,No,0.04254052,,,2,R,REP,REP,No,NextSeq_500,Single,Human,47,sen,REP,,shCBP,none,REPshCBP_REPshCON,,sen_REPshCBP_REPshCON,myocyte enhancer factor 2A,Inhibits,Replicative,31182679,upregulated
10154914,GSE132370,Limma,,IMR,5.00%,IR,none,none,,ProlifEV,IR,10d,DDIS,none,PRJNA547766,10.00%,ITPKB,HDAC,none,No,,-1.129536,-229.2558,10.0,Lung,3.00%,Yes,,No,0.004361939,,20Gy,3,R,IR,DDIS,No,NextSeq_500,Paired,Human,70,vizioli_2,Xrays,10d,TSA,100nM,It_I,,vizioli_2_It_I,inositol-trisphosphate 3-kinase B,Induces,Unclear,26583757,downregulated
5766058,GSE122079,Limma,,IMR,,RAS_caspase_inhibitor,caspase,none,14.0,RAS_EV36hCI,RAS,7d,OIS,none,PRJNA503415,10.00%,TBX3,IONpump,none,No,,0.8491766,106407.6,7.0,Lung,,,14.0,No,9.397829e-06,,,3,R,RAS,OIS,No,Illumina_HiSeq_2500,Single,Human,50,herranz_2,ER_RAS,7d,digoxin_caspase_inhibitor,none,RASdig36CI_RAS36CI,,herranz_2_RASdig36CI_RAS36CI,T-box transcription factor 3,Inhibits,Oncogene-induced,24876127,no_change
9683100,GSE74324,Limma,,IMR,,RAS,none,none,,RASshC,RAS,12d,OIS,none,PRJNA299683,10.00%,FANCD2,p53,none,No,,1.612592,18489.38,12.0,Lung,,,,No,5.408509e-05,,,3,R,RAS,OIS,No,Illumina_HiSeq_2500,Single,Human,100,tasdemir,HRASG12V,12d,shp53,none,RASshp53_RAS,,tasdemir_RASshp53_RAS,FA complementation group D2,Induces,Stress-induced,21995812,upregulated
5366445,GSE127116,Limma,,IMR,,RAS_siLTR10,LTR10,none,,RASd8_siLTR10,RAS,8d,OIS,none,PRJNA524181,10.00%,NOTCH1,LTR10,none,No,,0.01028718,1.040813,8.0,Lung,,,,No,0.960787,,,3,R,RAS,OIS,No,IonXpress,Single,Human,110,hari,ER:RAS,8d,siLTR10,none,R8siLTR10_R5siLTR10,,hari_R8siLTR10_R5siLTR10,notch receptor 1,Induces,Oncogene-induced,24931169,no_change
93813,GSE103938,Limma,,IMR,,RAS,none,none,12.0,RAS10d,RAS,10d,OIS,none,PRJNA407729,,PATZ1,mTOR,none,No,,1.10085348486812,576.959204595971,10.0,Lung,,,12.0,No,0.0017332247965439,,,3,R,RAS,OIS,No,Illumina_HiSeq_2500,Single,Human,50,aarts_1,RAS,10d,rapamycin,10nM,R10nMRap_R,,aarts_1_R10nMRap_R,POZ/BTB and AT hook containing zinc finger 1,Inhibits,Unclear,22052190,upregulated
8942009,GSE128711,Limma,,HFF,,Dox_sgp130,p130,none,,Dox_sgp130,Dox,1d,DDIS,none,PRJNA528619,,KEAP1,p130_pRb,none,No,,0.1926574,2.201358,1.0,Skin,,,,Yes,0.454265,,350nM,2,R,Doxorubicin,DDIS,No,NextSeq_500,Single,Human,75,schade_1,Dox,1d,sgp130pRb,none,Dp130pRb_Dp130,,schade_1_Dp130pRb_Dp130,kelch like ECH associated protein 1,Induces,Stress-induced,31491600,no_change
4061760,GSE101766,Limma,,IMR,,RAS,none,none,14.0,RAS_shC,RAS,6d,OIS,none,PRJNA395386,,CDKN2A,ABCD4,none,No,,-0.2970768,-4.686673,6.0,Lung,,,14.0,No,0.213371,,,3,R,RAS,OIS,No,Illumina_HiSeq_2500,Single,Human,50,georgilis_1,ER_RAS,6d,ABCD4,none,ABCD4_RASc,,georgilis_1_ABCD4_RASc,cyclin dependent kinase inhibitor 2A,Induces,Replicative,9607312,no_change
11564099,GSE178115,Limma,Agilent,HDF,,REP,ROCK,none,,REP_3d,REP,3d,REP,none,PRJNA737497,10%,IFNG,none,none,No,,2.833333,3.499551,3.0,Skin,,,,Yes,0.285751,,,3,M,REP,REP,No,,,Human,,Yang,REP,3d,Y27632,2.5uM,R3dROCKi_R3d,1,Yang_R3dROCKi_R3d,interferon gamma,Induces,Unclear,19071156,no_change
6701970,GSE53379,Limma,Illumin_HWG6V3,IMR,,DDISshp53,p53,none,,Quiesce1dEtopshp53,Etoposide,7d,DDIS,none,PRJNA231867,10.00%,LOX,p53,none,No,,-0.05213119,-1.196189,7.0,Lung,5.00%,Yes,,No,0.8359883,,100uM2d+5d,3,M,Etoposide,DDIS,No,,,Human,,kirschner_1,Etoposide,7d,shp53,none,Dshp53_QD24shp53,1,kirschner_1_Dshp53_QD24shp53,lysyl oxidase,Inhibits,Oncogene-induced,24113189,no_change
10227271,GSE132369,Limma,,IMR,5.00%,IR,none,none,,IR,IR,10d,DDIS,none,PRJNA547764,10.00%,EIF2AK2,mitochondrial,none,No,,0.2283634,20.75426,10.0,Lung,3.00%,Yes,,No,0.04818288,,20Gy,3,R,IR,DDIS,No,NextSeq_500,Paired,Human,71,vizioli,Xrays,10d,CCCP,48h12.5uMCCCP2daIR,IC_I,,vizioli_IC_I,eukaryotic translation initiation factor 2 alpha kinase 2,Induces,Stress-induced,29906232,no_change
9744641,GSE74324,Limma,,IMR,,RAS,none,none,,RASshCwDMSO,RAS,12d,OIS,none,PRJNA299683,10.00%,ENDOG,BRD4,none,No,,1.293209,3105273777.0,12.0,Lung,,,,No,3.220328e-10,,,3,R,RAS,OIS,No,Illumina_HiSeq_2500,Single,Human,100,tasdemir,HRASG12V,12d,JQ1,100nM_48h,RASwJQ1_RASwDMSO,,tasdemir_RASwJQ1_RASwDMSO,endonuclease G,Inhibits,Unclear,20211237,upregulated
8909384,GSE128711,Limma,,HFF,,Dox,none,none,,Dox,Dox,1d,DDIS,none,PRJNA528619,,SMC1A,pRb,none,No,,1.036975,39.13293,1.0,Skin,,,,Yes,0.02555392,,350nM,2,R,Doxorubicin,DDIS,No,NextSeq_500,Single,Human,75,schade_1,Dox,1d,sgpRb,none,DpRb_D,,schade_1_DpRb_D,structural maintenance of chromosomes 1A,Inhibits,Unclear,27731420,upregulated
4286011,GSE101766,Limma,,IMR,,RAS,none,none,14.0,RAS_shC,RAS,6d,OIS,none,PRJNA395386,,ERCC1,ITCH,none,No,,-1.002454,-353274055.0,6.0,Lung,,,14.0,No,2.830664e-09,,,3,R,RAS,OIS,No,Illumina_HiSeq_2500,Single,Human,50,georgilis_1,ER_RAS,6d,ITCH,none,ITCH_RASc,,georgilis_1_ITCH_RASc,"ERCC excision repair 1, endonuclease non-catalytic subunit",Inhibits,Unclear,24964749,downregulated
5871680,GSE122079,Limma,,IMR,,RAS_digoxin,IONpump,none,14.0,RAS16h_dig,RAS,7d,OIS,none,PRJNA503415,10.00%,HMGB2,IONpump,none,No,,1.072872,244532.6,7.0,Lung,,,14.0,No,4.089434e-06,,,3,R,RAS,OIS,No,Illumina_HiSeq_2500,Single,Human,50,herranz_2,ER_RAS,7d,digoxin_caspase_inhibitor,none,RASdig36CI_RASdig16,,herranz_2_RASdig36CI_RASdig16,high mobility group box 2,Inhibits,Oncogene-induced,27799366,upregulated
2625658,GSE134747,Limma,Illumina_HT12V4,BJ,,OIS,none,none,,BRAF_24h_DMSO_2h,RAF,1d,OIS,none,PRJNA556258,,CBX7,none,GR,Yes,hTERT,-14.21643,-39.06528,1.0,Skin,,,,Yes,0.02559818,,1000ng_ml,8,M,RAF,OIS,No,,,human,,carvalho_1,BRAF_doxycycline,1d,clobetasol,2nM_2h,O24Clob2_O24DMSO2,1,carvalho_1_O24Clob2_O24DMSO2,chromobox 7,Inhibits,Replicative,14647293,downregulated
11652790,GSE178115,Limma,Agilent,HDF,,REP,ATM,none,,REP_8d,REP,8d,REP,none,PRJNA737497,10%,NFKB2,none,none,No,,16.5,6.533168,8.0,Skin,,,,No,0.1530651,,,3,M,REP,REP,No,,,Human,,Yang,REP,8d,KU60019,0.5uM,R8dATMi_R8d,1,Yang_R8dATMi_R8d,nuclear factor kappa B subunit 2,Inhibits,Unclear,25255445,no_change
5092112,GSE101766,Limma,,IMR,,RAS_shp53,p53,none,14.0,RAS_shp53,RAS,6d,OIS,none,PRJNA395386,,IGFBP5,RELA,none,No,,0.5010847,1.827698,6.0,Lung,,,14.0,No,0.5471363,,,3,R,RAS,OIS,No,Illumina_HiSeq_2500,Single,Human,50,georgilis_1,ER_RAS,6d,RELA,none,RELA_P53,,georgilis_1_RELA_P53,insulin like growth factor binding protein 5,Induces,Replicative,17804819,no_change
5756865,GSE122079,Limma,,IMR,,RAS_caspase_inhibitor,caspase,none,14.0,RAS_EV36hCI,RAS,7d,OIS,none,PRJNA503415,10.00%,BNIP3L,IONpump,none,No,,1.444372,3819581000000.0,7.0,Lung,,,14.0,No,2.618088e-13,,,3,R,RAS,OIS,No,Illumina_HiSeq_2500,Single,Human,50,herranz_2,ER_RAS,7d,digoxin_caspase_inhibitor,none,RASdig36CI_RAS36CI,,herranz_2_RASdig36CI_RAS36CI,BCL2 interacting protein 3 like,Induces,Oncogene-induced,18267069,upregulated
9726077,GSE74324,Limma,,IMR,,RAS,none,none,,RASshC,RAS,12d,OIS,none,PRJNA299683,10.00%,SLC13A3,p16_p21,none,No,,0.1468183,1.713553,12.0,Lung,,,,No,0.5835828,,,3,R,RAS,OIS,No,Illumina_HiSeq_2500,Single,Human,100,tasdemir,HRASG12V,12d,shp16p21,none,RASshp16p21_RAS,,tasdemir_RASshp16p21_RAS,solute carrier family 13 member 3,Induces,Stress-induced,25384549,no_change
8913936,GSE128711,Limma,,HFF,,Dox,none,none,,Dox,Dox,1d,DDIS,none,PRJNA528619,,CDKN2A,p130_pRb,none,No,,1.334205,148.2533,1.0,Skin,,,,Yes,0.006745213,,350nM,2,R,Doxorubicin,DDIS,No,NextSeq_500,Single,Human,75,schade_1,Dox,1d,sgp130pRb,none,Dp130pRb_D,,schade_1_Dp130pRb_D,cyclin dependent kinase inhibitor 2A,Induces,Replicative,9607312,upregulated
11556725,GSE178115,Limma,Agilent,HDF,,REP,ROCK,none,,REP_3d,REP,3d,REP,none,PRJNA737497,10%,ALOX15B,none,none,No,,-0.5,-1.048678,3.0,Skin,,,,Yes,0.9535815,,,3,M,REP,REP,No,,,Human,,Yang,REP,3d,Y27632,2.5uM,R3dROCKi_R3d,1,Yang_R3dROCKi_R3d,arachidonate 15-lipoxygenase type B,Induces,Unclear,17164141,no_change
1506206,GSE122918,Limma,Affymetrix_HTA2_0,WI38,,RAS,JUN,none,,R72_siJUN1,RAS,3d,OIS,none,PRJNA506911,,RECK,JUN,none,No,,0.05,1.333779,6.0,Lung,,,,No,0.7497497,,,4,M,RAS,OIS,No,,,human,,bischof_2,ER:RASv12,6d,siJUN1,20uM,R144jun1_R72jun1,1,bischof_2_R144jun1_R72jun1,reversion inducing cysteine rich protein with kazal motifs,Inhibits,Unclear,20407016,no_change
6736473,GSE53379,Limma,Illumin_HWG6V3,IMR,,DDISshp53,p53,none,,Quiesce2dEtopshp53,Etoposide,7d,DDIS,none,PRJNA231867,10.00%,DPP4,p53,none,No,,1.209332,7138324.0,7.0,Lung,5.00%,Yes,,No,1.400889e-07,,100uM2d+5d,3,M,Etoposide,DDIS,No,,,Human,,kirschner_1,Etoposide,7d,shp53,none,Dshp53_QD48shp53,1,kirschner_1_Dshp53_QD48shp53,dipeptidyl peptidase 4,Induces,Oncogene-induced,29481642,upregulated
572543,GSE40349,Limma,Affymetrix_U133A,IMR,,RAS,E2F7,none,,RASshE2F7,RAS,7d,OIS,none,PRJNA173792,10%,ENDOG,pRb_E2F7,none,No,,-1.098964,-13359.18,7.0,Lung,,,,No,7.485489e-05,,,2,M,RAS,OIS,No,,,Human,,aksoy_1,ER:RasV12,7d,shpRb_shE2F7,none,SshRBE2F7_SshE2F7,1,aksoy_1_SshRBE2F7_SshE2F7,endonuclease G,Inhibits,Unclear,20211237,downregulated
9807695,GSE74324,Limma,,IMR,,RASshBRD4,BRD4,none,,RASshBRD4,RAS,12d,OIS,none,PRJNA299683,10.00%,HAUS4,RELA,none,No,,-1.032871,-15514.85,12.0,Lung,,,,No,6.445438e-05,,,3,R,RAS,OIS,No,Illumina_HiSeq_2500,Single,Human,100,tasdemir,HRASG12V,12d,shRELA,none,RASshRELA_RASshBRD4,,tasdemir_RASshRELA_RASshBRD4,HAUS augmin like complex subunit 4,Inhibits,Unclear,32264951,downregulated
8894047,GSE128711,Limma,,HFF,,Dox,none,none,,Dox,Dox,1d,DDIS,none,PRJNA528619,,NFE2L2,p130,none,No,,-0.2998395,-2.877241,1.0,Skin,,,,Yes,0.3475552,,350nM,2,R,Doxorubicin,DDIS,No,NextSeq_500,Single,Human,75,schade_1,Dox,1d,sgp130,none,Dp130_D,,schade_1_Dp130_D,"nuclear factor, erythroid 2 like 2",Inhibits,Unclear,20068043,no_change
2538410,GSE134747,Limma,Illumina_HT12V4,BJ,,OIS,none,GR,,BRAF_122_Clob_122h,RAF,5d,OIS,none,PRJNA556258,,AXL,RELA,none,Yes,hTERT,-116.7444,-29.24398,1.0,Skin,,,,Yes,0.03419507,,1000ng_ml,3,M,RAF,OIS,No,,,human,,carvalho_1,BRAF_doxycycline,1d,compoundA,2uM_2h,O24CpdA2_O122Clob122,1,carvalho_1_O24CpdA2_O122Clob122,AXL receptor tyrosine kinase,Induces,Unclear,26583757,downregulated
5192206,GSE101758,Limma,,IMR,,RAS,none,none,14.0,RAS_siC,RAS,5d,OIS,none,PRJNA395378,,MCM7,PTBP1,none,No,,-0.08132253,-2.399724,5.0,Lung,,,14.0,No,0.4167146,,,3,R,RAS,OIS,No,Illumina_HiSeq_2500,Single,Human,50,georgilis_3,ER_RAS,5d,shPTBP1,none,RASsiPTB1_RAS,,georgilis_3_RASsiPTB1_RAS,minichromosome maintenance complex component 7,Inhibits,Unclear,32264951,no_change
6711674,GSE53379,Limma,Illumin_HWG6V3,IMR,,DDISshp53,p53,none,,Quiesce1dEtopshp53,Etoposide,7d,DDIS,none,PRJNA231867,10.00%,DNMT1,p53,E1A,No,,1.429012,3.153103e+18,,Lung,5.00%,Yes,,No,3.1714789999999997e-19,,,3,M,,,No,,,Human,,kirschner_1,,,shp53,none,Ishp53_QD24shp53,1,kirschner_1_Ishp53_QD24shp53,DNA methyltransferase 1,Inhibits,Unclear,21572997,upregulated
9767945,GSE74324,Limma,,IMR,,RASshp53,p53,none,,RASshp53,RAS,12d,OIS,none,PRJNA299683,10.00%,CDC25A,RELA,none,No,,-1.473075,-2110330.0,12.0,Lung,,,,No,4.738596e-07,,,3,R,RAS,OIS,No,Illumina_HiSeq_2500,Single,Human,100,tasdemir,HRASG12V,12d,shRELA,none,RASshRELA_RASshp53,,tasdemir_RASshRELA_RASshp53,cell division cycle 25A,Inhibits,Unclear,32264951,downregulated
12297213,GSE196610,Limma,,IMR,5%,DDIS,none,Parkin,,IR_ParkinYFP,IR,10d,DDIS,none,PRJNA806156,10.00%,ATP6V0A2,none,Parkin,No,,1.02929396498685,164075.587869514,10.0,Lung,3%,,,No,6.09475189444563e-06,,20Gy,3,R,IR,DDIS,No,Illumina_NovaSeq6000,Paired,Human,202,Victorelli,IR,10d,CCCP,12uM,DPC_DP,,Victorelli_DPC_DP,ATPase H+ transporting V0 subunit a2,Inhibits,Unclear,26611489,upregulated
1622106,GSE122918,Limma,Affymetrix_HTA2_0,WI38,,RAS,JUN,none,,R144_siJUN1,RAS,6d,OIS,none,PRJNA506911,,AR,RELA,none,No,,-0.025,-1.60067,6.0,Lung,,,,No,0.6247383,,,4,M,RAS,OIS,No,,,human,,bischof_2,ER:RASv12,6d,siRELA1,20uM,R144relA1_R144jun1,1,bischof_2_R144relA1_R144jun1,androgen receptor,Induces,Unclear,24244503,no_change
4312931,GSE101766,Limma,,IMR,,RAS,none,none,14.0,RAS_shC,RAS,6d,OIS,none,PRJNA395386,,LIN54,KCNQ4,none,No,,0.0,0.0,6.0,Lung,,,14.0,No,1.0,,,3,R,RAS,OIS,No,Illumina_HiSeq_2500,Single,Human,50,georgilis_1,ER_RAS,6d,KCNQ4,none,KCNQ4_RASc,,georgilis_1_KCNQ4_RASc,lin-54 DREAM MuvB core complex component,Inhibits,Oncogene-induced,21860417,no_change
8087457,GSE24810,Limma,Affymetrix_U133A,HMF3A,5%,OIS,none,none,,Inactive_SV40LT_EV,SV40,7d,OIS,none,PRJNA132307,0.25%,HSP90AB1,none,E7,Yes,hTERT_SV40_LT,0.4037759,230534.6,7.0,Skin,20%,Yes,,No,4.337743e-06,,,3,M,,,No,,,Human,,parmjit_1,,7d,HPV16_E7,none,ISVe7_SSVev,1,parmjit_1_ISVe7_SSVev,heat shock protein 90 alpha family class B member 1,Inhibits,Oncogene-induced,27793846,no_change
24401631,GSE224071,Limma,,IMR,5%,OIS,none,none,,RAS_100nM4OHT,RAS,10d,OIS,none,PRJNA929514,10%,ATP6V0A2,none,none,No,,1.01602717151117,7854.26748808695,10.0,Lung,,Yes,,No,0.0001273193205498,,100nM_4OHT_7days,3,R,RAS,OIS,No,NextSeq_2000,Single,Human,71,McHugh_2,RAS,10d,IMP1088,300nM,OIMP_O,,McHugh_2_OIMP_O,ATPase H+ transporting V0 subunit a2,Inhibits,Unclear,26611489,upregulated
6694584,GSE53379,Limma,Illumin_HWG6V3,IMR,,DDISshp53,p53,none,,Quiesce1dEtopshp53,Etoposide,7d,DDIS,none,PRJNA231867,10.00%,TIMELESS,p53,none,No,,-1.161766,-11853.78,7.0,Lung,5.00%,Yes,,No,8.436129e-05,,10dPuromycin,3,M,RAS,OIS,No,,,Human,,kirschner_1,H-RASG12V,7d,shp53,none,Rshp53_QD24shp53,1,kirschner_1_Rshp53_QD24shp53,timeless circadian regulator,Inhibits,Oncogene-induced,30100061,downregulated
9853000,GSE74324,Limma,,IMR,,RASshRELA,RELA,none,,RASshRELA,RAS,12d,OIS,none,PRJNA299683,10.00%,ACLY,p53_pRb,none,No,,-0.5267949,-1348479000000000.0,12.0,Lung,,,,No,7.41576e-16,,,3,R,RAS,OIS,No,Illumina_HiSeq_2500,Single,Human,100,tasdemir,HRASG12V,12d,shp53pRb,none,RASshp53pRb_RASshRELA,,tasdemir_RASshp53pRb_RASshRELA,ATP citrate lyase,Inhibits,Unclear,25367309,no_change
5299595,GSE127116,Limma,,IMR,,RAS,none,none,,RASd5,RAS,5d,OIS,none,PRJNA524181,10.00%,CENPA,LTR2,none,No,,0.0,0.0,5.0,Lung,,,,No,1.0,,,3,R,RAS,OIS,No,IonXpress,Single,Human,110,hari,ER:RAS,5d,siLTR2,none,R5siLTR2_R5,,hari_R5siLTR2_R5,centromere protein A,Inhibits,Unclear,20160010,no_change
7032469,GSE75643,Limma,,Tig3,,BRAF,none,none,,BRAF10d,RAF,10d,OIS,none,PRJNA302675,9.00%,CDK6,none,SV40smallT,Yes,hTERT,2.08343,71.68101,10.0,Lung,,,,No,0.0139507,,,3,R,RAF,OIS,No,Illumina_HiSeq_2000,Single,Human,51,lenain,BRAFE600,10d,SV40smallT,none,BRAF10SV40_10,,lenain_BRAF10SV40_10,cyclin dependent kinase 6,Inhibits,Replicative,12082615,upregulated
6740410,GSE53379,Limma,Illumin_HWG6V3,IMR,,DDISshp53,p53,none,,Quiesce2dEtopshp53,Etoposide,7d,DDIS,none,PRJNA231867,10.00%,NOX4,p53,none,No,,1.459445,1662067.0,7.0,Lung,5.00%,Yes,,No,6.016604e-07,,100uM2d+5d,3,M,Etoposide,DDIS,No,,,Human,,kirschner_1,Etoposide,7d,shp53,none,Dshp53_QD48shp53,1,kirschner_1_Dshp53_QD48shp53,NADPH oxidase 4,Induces,Oncogene-induced,20523116,upregulated
6640322,GSE53379,Limma,Illumin_HWG6V3,IMR,,DDISshp53,p53,none,,DDISshp53,Etoposide,7d,DDIS,none,PRJNA231867,10.00%,MAP3K5,p53,none,No,,-1.003181,-90.79758,7.0,Lung,5.00%,Yes,,No,0.01101351,,10dPuromycin,3,M,RAS,OIS,No,,,Human,,kirschner_1,H-RASG12V,7d,shp53,none,Rshp53_Dshp53,1,kirschner_1_Rshp53_Dshp53,mitogen-activated protein kinase kinase kinase 5,Induces,Stress-induced,16731828,downregulated
19836811,GSE190998,Limma,,WI38,5%,Prolif,none,none,,Prolif_siCtrl,Etoposide,8d,DDIS,none,PRJNA789266,10%,TPP1,BDNF,none,No,,0.668096912493569,81887804.5601456,8.0,Lung,,0.50%,,No,1.22118306305979e-08,,50uM,3,R,Etoposide,DDIS,No,Illumina_NovaSeq6000,Paired,Human,204,Anerillas_2,Etoposide,8d,siBDNF,none,DB_P,,Anerillas_2_DB_P,tripeptidyl peptidase 1,Inhibits,Stress-induced,27559927,no_change
11686435,GSE178115,Limma,Agilent,HDF,,REP,ROCK,none,,REP_15d,REP,15d,REP,none,PRJNA737497,10%,CHD5,none,none,No,,0.6666667,1.316255,15.0,Skin,,,,No,0.7597313,,,3,M,REP,REP,No,,,Human,,Yang,REP,15d,Y27632,2.5uM,R15dROCKi_R15d,1,Yang_R15dROCKi_R15d,chromodomain helicase DNA binding protein 5,Induces,Replicative,23168260,no_change
5732537,GSE122079,Limma,,IMR,,RAS,none,none,14.0,RAS_EV16h,RAS,6d,OIS,none,PRJNA503415,10.00%,CBX8,IONpump,none,No,,-1.921381,-27690.78,6.0,Lung,,,14.0,No,3.611311e-05,,,3,R,RAS,OIS,No,Illumina_HiSeq_2500,Single,Human,50,herranz_2,ER_RAS,6d,digoxin,none,RASdig16_RAS16,,herranz_2_RASdig16_RAS16,chromobox 8,Inhibits,Unclear,17332741,downregulated
6594551,GSE53379,Limma,Illumin_HWG6V3,IMR,,DDIS,none,none,,Quiesce1dEtop,Etoposide,7d,DDIS,none,PRJNA231867,10.00%,SLC31A2,p53,none,No,,-0.5893803,-38985.2,,Lung,5.00%,Yes,,Yes,2.565076e-05,,100uM1d,3,M,Etoposide,DDIS,No,,,Human,,kirschner_1,Etoposide,,shp53,none,QD24shp53_QD24,1,kirschner_1_QD24shp53_QD24,solute carrier family 31 member 2,Induces,Oncogene-induced,27737960,no_change
53134121,GSE213993,Limma,,WI38,5%,DDIS,none,none,,DDIS_siControl,IR,10d,DDIS,none,PRJNA883434,10%,ITPKB,BAFF,none,No,,-0.470231384130443,-18.3415400714764,10.0,Lung,,1%,,No,0.0545210487288981,,10Gy_10days,2,R,IR,DDIS,No,NovaSeq_6000,Paired,Human,217-219,Rossi,IR,10d,siBAFF,none,Dsi_D,,Rossi_Dsi_D,inositol-trisphosphate 3-kinase B,Induces,Unclear,26583757,no_change
2604676,GSE134747,Limma,Illumina_HT12V4,BJ,,OIS,none,GR,,BRAF_48h_Clob_2h,RAF,2d,OIS,none,PRJNA556258,,LAMP2,none,GR,Yes,hTERT,-33.42591,-2890.518,3.0,Skin,,,,Yes,0.0003459588,,1000ng_ml,4,M,RAF,OIS,No,,,human,,carvalho_1,BRAF_doxycycline,3d,clobetasol,2nM_2h,O72Clob2_O48Clob2,1,carvalho_1_O72Clob2_O48Clob2,lysosomal associated membrane protein 2,Inhibits,Unclear,21858089,downregulated
2688427,GSE134747,Limma,Illumina_HT12V4,BJ,,OIS,RELA,none,,BRAF_24h_CpdA_2h,RAF,1d,OIS,none,PRJNA556258,,CUX1,none,GR,Yes,hTERT,-9.167445,-63.07066,1.0,Skin,,,,Yes,0.01585523,,1000ng_ml,8,M,RAF,OIS,No,,,human,,carvalho_1,BRAF_doxycycline,1d,clobetasol,2nM_2h,O24Clob2_O24CpdA2,1,carvalho_1_O24Clob2_O24CpdA2,cut like homeobox 1,Inhibits,Oncogene-induced,24618719,downregulated
4309216,GSE101766,Limma,,IMR,,RAS,none,none,14.0,RAS_shC,RAS,6d,OIS,none,PRJNA395386,,CD34,KCNQ4,none,No,,0.0,0.0,6.0,Lung,,,14.0,No,1.0,,,3,R,RAS,OIS,No,Illumina_HiSeq_2500,Single,Human,50,georgilis_1,ER_RAS,6d,KCNQ4,none,KCNQ4_RASc,,georgilis_1_KCNQ4_RASc,CD34 molecule,Induces,Unclear,25879198,no_change
8109401,GSE24810,Limma,Affymetrix_U133A,HMF3A,5%,OIS,none,none,,Inactive_SV40LT_EV,SV40,7d,OIS,none,PRJNA132307,0.25%,CENPA,p53,none,Yes,hTERT_SV40_LT,3.071491,2.121933e+28,7.0,Skin,20%,Yes,,No,4.7126840000000004e-29,,,3,M,SV40,OIS,No,,,Human,,parmjit_1,SV40_LT,7d,shp53,none,SSVp53sh_SSVev,1,parmjit_1_SSVp53sh_SSVev,centromere protein A,Inhibits,Unclear,20160010,upregulated
5387606,GSE127116,Limma,,IMR,,RAS_siLTR2,LTR2,none,,RASd8_siLTR2,RAS,8d,OIS,none,PRJNA524181,10.00%,ENTPD7,LTR10,none,No,,-1.009016,-23500.1,8.0,Lung,,,,No,4.255301e-05,,,3,R,RAS,OIS,No,IonXpress,Single,Human,110,hari,ER:RAS,8d,siLTR10,none,R8siLTR10_R8siLTR2,,hari_R8siLTR10_R8siLTR2,ectonucleoside triphosphate diphosphohydrolase 7,Induces,Oncogene-induced,27737960,downregulated
4245927,GSE101766,Limma,,IMR,,RAS,none,none,14.0,RAS_shC,RAS,6d,OIS,none,PRJNA395386,,AGO2,IFNA17,none,No,,-0.507347,-4.520236,6.0,Lung,,,14.0,No,0.2212274,,,3,R,RAS,OIS,No,Illumina_HiSeq_2500,Single,Human,50,georgilis_1,ER_RAS,6d,IFNA17,none,IFNA17_RASc,,georgilis_1_IFNA17_RASc,argonaute RISC catalytic component 2,Inhibits,Oncogene-induced,25175024,no_change
81080,GSE103938,Limma,,IMR,,RAS,none,none,12.0,RAS10d,RAS,10d,OIS,none,PRJNA407729,,NR1H2,mTOR,none,No,,0.155838542358297,1.52561072671791,10.0,Lung,,,12.0,No,0.655475202479289,,,3,R,RAS,OIS,No,Illumina_HiSeq_2500,Single,Human,50,aarts_1,RAS,10d,rapamycin,1nM,R1nMRap_R,,aarts_1_R1nMRap_R,nuclear receptor subfamily 1 group H member 2,Inhibits,Stress-induced,24398515,no_change
2728893,GSE134747,Limma,Illumina_HT12V4,BJ,,OIS,none,GR,,BRAF_24h_Clob_2h,RAF,1d,OIS,none,PRJNA556258,,MAPK12,RELA,none,Yes,hTERT,-272.508,-22.54655,1.0,Skin,,,,Yes,0.04435269,,1000ng_ml,3,M,RAF,OIS,No,,,human,,carvalho_1,BRAF_doxycycline,1d,compoundA,2uM_2h,O24CpdA2_O24Clob2,1,carvalho_1_O24CpdA2_O24Clob2,mitogen-activated protein kinase 12,Induces,Unclear,26583757,downregulated
4304816,GSE101766,Limma,,IMR,,RAS,none,none,14.0,RAS_shC,RAS,6d,OIS,none,PRJNA395386,,SMURF2,KCNA5,none,No,,-0.1494514,-2.435498,6.0,Lung,,,14.0,No,0.4105936,,,3,R,RAS,OIS,No,Illumina_HiSeq_2500,Single,Human,50,georgilis_1,ER_RAS,6d,KCNA5,none,KCNA5_RASc,,georgilis_1_KCNA5_RASc,SMAD specific E3 ubiquitin protein ligase 2,Induces,Replicative,15574587,no_change
7877077,GSE62701,Limma,Illumina_HT12V4,WI38,,DDIS,none,none,,DDIS_EV,Etoposide,21d,DDIS,none,PRJNA264903,,HYOU1,H2AJ,none,Yes,hTERT,-12.87832,-5.404441,21.0,Lung,,,,No,0.185033,,,4,M,Etoposide,DDIS,No,,,Human,,olaso_1,Etoposide,21d,shH2AJ,none,DshH2_D,1,olaso_1_DshH2_D,hypoxia up-regulated 1,Inhibits,Stress-induced,23757447,no_change
164967,GSE103938,Limma,,IMR,,RAS_Rap1nM,mTOR,none,12.0,RAS_Rap1nM,RAS,10d,OIS,none,PRJNA407729,,GNG11,mTOR,none,No,,-1.95278038672447,-513.901581749021,10.0,Lung,,,12.0,No,0.0019458978830082,,,3,R,OSKM,OSKM,No,Illumina_HiSeq_2500,Single,Human,50,aarts_1,OSKM,10d,rapamycin,1nM,OSKM1nMRap_R1nMRap,,aarts_1_OSKM1nMRap_R1nMRap,G protein subunit gamma 11,Induces,Stress-induced,17092487,downregulated
6637861,GSE53379,Limma,Illumin_HWG6V3,IMR,,DDISshp53,p53,none,,DDISshp53,Etoposide,7d,DDIS,none,PRJNA231867,10.00%,ERRFI1,p53,none,No,,1.255663,53408.27,7.0,Lung,5.00%,Yes,,No,1.872369e-05,,10dPuromycin,3,M,RAS,OIS,No,,,Human,,kirschner_1,H-RASG12V,7d,shp53,none,Rshp53_Dshp53,1,kirschner_1_Rshp53_Dshp53,ERBB receptor feedback inhibitor 1,Induces,Unclear,24815188,upregulated
7022671,GSE75643,Limma,,Tig3,,BRAF,none,none,,BRAF4d,RAF,4d,OIS,none,PRJNA302675,9.00%,HDAC4,none,SV40smallT,Yes,hTERT,-1.139146,-21.39748,4.0,Lung,,,,No,0.04673447,,,3,R,RAF,OIS,No,Illumina_HiSeq_2000,Single,Human,51,lenain,BRAFE600,4d,SV40smallT,none,BRAF4SV40_4,,lenain_BRAF4SV40_4,histone deacetylase 4,Inhibits,Replicative,26414199,downregulated
10279560,GSE140961,Limma,,Tig3,,Dox,none,none,,Dox10d,Dox,,DDIS,none,PRJNA591563,,MCM3AP,BRD4,none,No,,-1.051256,-29.08761,12.0,Lung,,Yes,,No,0.0343789,,250ng/ml10d,3,R,Doxorubicin,DDIS,No,Illumina_HiSeq_2500,Single,Human,75,wakita,Dox,12d,ARV825,10nM_2d,DA_D,,wakita_DA_D,minichromosome maintenance complex component 3 associated protein,Inhibits,Unclear,19686285,downregulated
8419721,GSE113060,Limma,,IMR,,RAS,none,none,26.0,RAS_EV,RAS,6d,OIS,none,PRJNA449912,,DHX9,HMGA1,none,No,,-1.138764,-180.8513,6.0,Lung,,,26.0,No,0.005529405,,,6,R,RAS,OIS,No,Illumina_HiSeq_2500,Single,Human,50,parry,ER_HRASG12V,6d,shHMGA1,none,RASshHMGA1_RAS,,parry_RASshHMGA1_RAS,DExH-box helicase 9,Inhibits,Replicative,24990949,downregulated
7023298,GSE75643,Limma,,Tig3,,BRAF,none,none,,BRAF4d,RAF,4d,OIS,none,PRJNA302675,9.00%,JAK2,none,SV40smallT,Yes,hTERT,-1.098464,-30.73679,4.0,Lung,,,,No,0.0325343,,,3,R,RAF,OIS,No,Illumina_HiSeq_2000,Single,Human,51,lenain,BRAFE600,4d,SV40smallT,none,BRAF4SV40_4,,lenain_BRAF4SV40_4,Janus kinase 2,Induces,Unclear,24681574,downregulated
15898511,GSE190998,Limma,,WI38,5%,Prolif,none,none,,Prolif_siCtrl,Etoposide,8d,DDIS,none,PRJNA789266,10%,TXNIP,NTRK2,none,No,,2.28029310394836,18572484127008.3,8.0,Lung,,0.50%,,No,5.38430935335026e-14,,50uM,3,R,Etoposide,DDIS,No,Illumina_NovaSeq6000,Paired,Human,204,Anerillas_2,Etoposide,8d,siNTRK2,none,DN_P,,Anerillas_2_DN_P,thioredoxin interacting protein,Induces,Replicative,20656682,upregulated
11464311,GSE145650,Limma,,IMR,5.00%,OIS,none,none,,ER_RAS_G12V,RAS,6d,OIS,none,PRJNA607798,10.00%,G6PD,COX2,none,No,,0.8167584,339504905.0,6.0,Lung,5.00%,,,No,2.945466e-09,,6d_100nM4OHT,8,R,RAS,OIS,No,Illumina_HiSeq_4000,Paired,Human,,hoare_3,ER_RAS_G12V,6d,Celecoxib,6d_40uM,OC_O,,hoare_3_OC_O,glucose-6-phosphate dehydrogenase,Inhibits,Stress-induced,10980404,no_change
3592315,GSE19864,Limma,Affymetrix_U133A,IMR,,RAS_shpRb,pRb,none,,RAS_shpRb,RAS,7d,OIS,none,PRJNA124029,10.0%,DIRAS3,p130,none,No,,-1.684262,-486.6691,7.0,Lung,,,,No,0.002054784,,,2,M,RAS,OIS,No,,,Human,,chicas_1,H-rasV12,7d,shp130,none,Rshp130_RshRB,1,chicas_1_Rshp130_RshRB,DIRAS family GTPase 3,Inhibits,Unclear,28316325,downregulated
9722554,GSE74324,Limma,,IMR,,RAS,none,none,,RASshC,RAS,12d,OIS,none,PRJNA299683,10.00%,MCM7,p16_p21,none,No,,1.349877,2819565000000000.0,12.0,Lung,,,,No,3.546646e-16,,,3,R,RAS,OIS,No,Illumina_HiSeq_2500,Single,Human,100,tasdemir,HRASG12V,12d,shp16p21,none,RASshp16p21_RAS,,tasdemir_RASshp16p21_RAS,minichromosome maintenance complex component 7,Inhibits,Unclear,32264951,upregulated
8928266,GSE128711,Limma,,HFF,,Dox_sgpRb,pRb,none,,Dox_sgpRb,Dox,1d,DDIS,none,PRJNA528619,,FOXD1,p130,none,No,,-1.086524,-722.3426,1.0,Skin,,,,Yes,0.001384385,,350nM,2,R,Doxorubicin,DDIS,No,NextSeq_500,Single,Human,75,schade_1,Dox,1d,sgp130,none,Dp130_DpRb,,schade_1_Dp130_DpRb,forkhead box D1,Unclear,Replicative,30933975,downregulated
2690578,GSE134747,Limma,Illumina_HT12V4,BJ,,OIS,RELA,none,,BRAF_24h_CpdA_2h,RAF,1d,OIS,none,PRJNA556258,,HOPX,none,GR,Yes,hTERT,9.121385,26.67777,1.0,Skin,,,,Yes,0.03748439,,1000ng_ml,8,M,RAF,OIS,No,,,human,,carvalho_1,BRAF_doxycycline,1d,clobetasol,2nM_2h,O24Clob2_O24CpdA2,1,carvalho_1_O24Clob2_O24CpdA2,HOP homeobox,Induces,Oncogene-induced,25345926,upregulated
1453236,GSE122918,Limma,Affymetrix_HTA2_0,WI38,,RAS,none,none,,R72_siCTRL,RAS,3d,OIS,none,PRJNA506911,,KAT5,JUN,none,No,,0.05,2.805301,6.0,Lung,,,,No,0.356468,,,4,M,RAS,OIS,No,,,human,,bischof_2,ER:RASv12,6d,siJUN1,20uM,R144jun1_R72ctrl,1,bischof_2_R144jun1_R72ctrl,lysine acetyltransferase 5,Induces,Oncogene-induced,23685072,no_change
8052512,GSE24810,Limma,Affymetrix_U133A,HMF3A,5%,OIS,none,none,,Inactive_SV40LT_EV,SV40,7d,OIS,none,PRJNA132307,0.25%,NR1H2,laminA,none,Yes,hTERT_SV40_LT,-0.1534956,-5.0725,7.0,Skin,20%,Yes,,No,0.1971414,,,3,M,SV40,OIS,No,,,Human,,parmjit_1,SV40_LT,7d,shLaminA,none,SSVLA_SSVev,1,parmjit_1_SSVLA_SSVev,nuclear receptor subfamily 1 group H member 2,Inhibits,Stress-induced,24398515,no_change
1453706,GSE122918,Limma,Affymetrix_HTA2_0,WI38,,RAS,none,none,,R72_siCTRL,RAS,3d,OIS,none,PRJNA506911,,LPAR3,JUN,none,No,,-0.3,-27.46628,6.0,Lung,,,,No,0.03640828,,,4,M,RAS,OIS,No,,,human,,bischof_2,ER:RASv12,6d,siJUN1,20uM,R144jun1_R72ctrl,1,bischof_2_R144jun1_R72ctrl,lysophosphatidic acid receptor 3,Inhibits,Unclear,27641212,no_change
4164738,GSE101766,Limma,,IMR,,RAS,none,none,14.0,RAS_shC,RAS,6d,OIS,none,PRJNA395386,,MAPK1,CTDSPL,none,No,,1.122984,39149.62,6.0,Lung,,,14.0,No,2.554303e-05,,,3,R,RAS,OIS,No,Illumina_HiSeq_2500,Single,Human,50,georgilis_1,ER_RAS,6d,CTDSPL,none,CTDSPL_RASc,,georgilis_1_CTDSPL_RASc,mitogen-activated protein kinase 1,Induces,Oncogene-induced,23599344,upregulated
4172182,GSE101766,Limma,,IMR,,RAS,none,none,14.0,RAS_shC,RAS,6d,OIS,none,PRJNA395386,,ATF7IP,DCAMKL3,none,No,,1.099858,1490.03,6.0,Lung,,,14.0,No,0.0006711275,,,3,R,RAS,OIS,No,Illumina_HiSeq_2500,Single,Human,50,georgilis_1,ER_RAS,6d,DCAMKL3,none,DCAMKL3_RASc,,georgilis_1_DCAMKL3_RASc,activating transcription factor 7 interacting protein,Inhibits,Stress-induced,23935871,upregulated
11047484,E-MTAB-9714,Limma,,WI38,5.00%,DDIS,none,none,,DDIS_shNT,Etoposide,9d,DDIS,none,ERP124778,10.00%,CDCA2,H2AJ,none,Yes,hTERT,-1.224075,-3621099.0,9.0,Lung,5.00%,,,No,2.761592e-07,,48hr_100uM,6,R,Etoposide,DDIS,No,NextSeq_500,Paired,Human,43,mangelinck_1,Etoposide,9d,shH2AJ,pred3d_9d1ugml,DKD_D,,mangelinck_1_DKD_D,cell division cycle associated 2,Inhibits,Stress-induced,24905922,downregulated
8426347,GSE113060,Limma,,IMR,,RAS,none,none,26.0,RAS_EV,RAS,6d,OIS,none,PRJNA449912,,SIN3B,HMGA1,none,No,,-1.151564,-2312.245,6.0,Lung,,,26.0,No,0.0004324801,,,6,R,RAS,OIS,No,Illumina_HiSeq_2500,Single,Human,50,parry,ER_HRASG12V,6d,shHMGA1,none,RASshHMGA1_RAS,,parry_RASshHMGA1_RAS,SIN3 transcription regulator family member B,Induces,Unclear,19654306,downregulated
2737210,GSE134747,Limma,Illumina_HT12V4,BJ,,OIS,none,GR,,BRAF_24h_Clob_2h,RAF,1d,OIS,none,PRJNA556258,,CD34,none,GR,Yes,hTERT,-159.7913,-6255348.0,2.0,Skin,,,,Yes,1.598632e-07,,1000ng_ml,4,M,RAF,OIS,No,,,human,,carvalho_1,BRAF_doxycycline,2d,clobetasol,2nM_2h,O48Clob2_O24Clob2,1,carvalho_1_O48Clob2_O24Clob2,CD34 molecule,Induces,Unclear,25879198,downregulated
11305887,GSE124609,Limma,,WI38,,REP,none,none,,Prolif,REP,4d,REP,none,PRJNA512837,,GMNN,none,none,No,,-0.3180477,-2.251802,4.0,Lung,,1.00%,,No,0.4440888,,,2,R,REP,REP,No,Illumina_HiSeq_2000,Single,Human,51,sabath,REP,4d,HeatShock,2hr_440C_onD4,RHS_R,,sabath_RHS_R,geminin DNA replication inhibitor,Inhibits,Replicative,23142824,no_change
4422668,GSE101766,Limma,,IMR,,RAS,none,none,14.0,RAS_shC,RAS,6d,OIS,none,PRJNA395386,,FOS,PROK2,none,No,,0.0,0.0,6.0,Lung,,,14.0,No,1.0,,,3,R,RAS,OIS,No,Illumina_HiSeq_2500,Single,Human,50,georgilis_1,ER_RAS,6d,PROK2,none,PROK2_RASc,,georgilis_1_PROK2_RASc,"Fos proto-oncogene, AP-1 transcription factor subunit",Inhibits,Unclear,1560044,no_change
185872,GSE103938,Limma,,IMR,,RAS,none,none,12.0,RAS10d,RAS,10d,OIS,none,PRJNA407729,,ADCK5,mTOR,none,No,,0.330991256772695,2.36732593853256,10.0,Lung,,,12.0,No,0.422417540281703,,,3,R,OSKM,OSKM,No,Illumina_HiSeq_2500,Single,Human,50,aarts_1,OSKM,10d,rapamycin,1nM,OSKM1nMRap_R,,aarts_1_OSKM1nMRap_R,aarF domain containing kinase 5,Induces,Unclear,26583757,no_change
9714640,GSE74324,Limma,,IMR,,RAS,none,none,,RASshC,RAS,12d,OIS,none,PRJNA299683,10.00%,TBX3,RELA,none,No,,0.2548411,636.4318,12.0,Lung,,,,No,0.00157126,,,3,R,RAS,OIS,No,Illumina_HiSeq_2500,Single,Human,100,tasdemir,HRASG12V,12d,shRELA,none,RASshRELA_RAS,,tasdemir_RASshRELA_RAS,T-box transcription factor 3,Inhibits,Oncogene-induced,24876127,no_change
3592221,GSE19864,Limma,Affymetrix_U133A,IMR,,RAS_shpRb,pRb,none,,RAS_shpRb,RAS,7d,OIS,none,PRJNA124029,10.0%,DEK,p130,none,No,,-2.222819,-82931561328.0,7.0,Lung,,,,No,1.205814e-11,,,2,M,RAS,OIS,No,,,Human,,chicas_1,H-rasV12,7d,shp130,none,Rshp130_RshRB,1,chicas_1_Rshp130_RshRB,DEK proto-oncogene,Inhibits,Replicative,16254365,downregulated
3692970,GSE2487,Limma,Affymetrix_U133A,IMR,,OIS,none,none,,MEK_ER,MEK,3d,OIS,none,PRJNA91885,,HBP1,none,SmallT_E6_E7,Yes,hTERT,-83.2,-930.1253,,Lung,,,,No,0.001075124,,,2,M,,,No,,,Human,,collado_1,,,SmallT_E6_E7,none,RstE67_R,1,collado_1_RstE67_R,HMG-box transcription factor 1,Induces,Oncogene-induced,16966377,downregulated
6585437,GSE53379,Limma,Illumin_HWG6V3,IMR,,DDIS,none,none,,Quiesce1dEtop,Etoposide,7d,DDIS,none,PRJNA231867,10.00%,AKTIP,p53,none,No,,-0.2464686,-11.30724,,Lung,5.00%,Yes,,Yes,0.08843895,,100uM1d,3,M,Etoposide,DDIS,No,,,Human,,kirschner_1,Etoposide,,shp53,none,QD24shp53_QD24,1,kirschner_1_QD24shp53_QD24,AKT interacting protein,Inhibits,Replicative,27512140,no_change
5773883,GSE122079,Limma,,IMR,,RAS,none,none,14.0,RAS_EV16h,RAS,6d,OIS,none,PRJNA503415,10.00%,MAPK14,IONpump,none,No,,-1.018188,-9382704.0,6.0,Lung,,,14.0,No,1.065791e-07,,,3,R,RAS,OIS,No,Illumina_HiSeq_2500,Single,Human,50,herranz_2,ER_RAS,6d,ouabain,none,RASouab16_RAS16,,herranz_2_RASouab16_RAS16,mitogen-activated protein kinase 14,Induces,Replicative,12581156,downregulated
5985185,GSE42368,Limma,Illumina_HT12V3,FL2,,DDIS,none,none,,Dox,Dox,1d,DDIS,none,PRJNA181197,,NEK4,DINO,none,No,,-1.548777,-1.145485,1.0,Lung,,,,Yes,0.8729925,,200ng/ml_1d,3,M,Doxorubicin,DDIS,No,,,Human,,hung_1,Dox,1d,shDINO,none,DshDINO_D,1,hung_1_DshDINO_D,NIMA related kinase 4,Induces,Replicative,22851694,no_change
9373765,GSE60652,Limma,Affymetrix_U133A,IMR,,OIS,none,none,,ER_RAS,RAS,6d,OIS,none,PRJNA259203,,FERMT1,pRb,none,No,,-456.25,-6422.602,6.0,Lung,,,,No,0.0001557001,,,2,M,RAS,OIS,No,,,Human,,takebayashi,ER_RAS,6d,sipRb,none,RshRb_R,1,takebayashi_RshRb_R,FERM domain containing kindlin 1,Inhibits,Unclear,23278235,downregulated
9884397,GSE74324,Limma,,IMR,,RASshp16p21,p16_p21,none,,RASshp16p21,RAS,12d,OIS,none,PRJNA299683,10.00%,NOLC1,p53_pRb,none,No,,0.3863243,2356399.0,12.0,Lung,,,,No,4.243764e-07,,,3,R,RAS,OIS,No,Illumina_HiSeq_2500,Single,Human,100,tasdemir,HRASG12V,12d,shp53pRb,none,RASshp53pRb_RASshp16p21,,tasdemir_RASshp53pRb_RASshp16p21,nucleolar and coiled-body phosphoprotein 1,Induces,Unclear,28493459,no_change
5369277,GSE127116,Limma,,IMR,,RAS_siLTR10,LTR10,none,,RASd8_siLTR10,RAS,8d,OIS,none,PRJNA524181,10.00%,SMC2,LTR10,none,No,,0.0,0.0,8.0,Lung,,,,No,1.0,,,3,R,RAS,OIS,No,IonXpress,Single,Human,110,hari,ER:RAS,8d,siLTR10,none,R8siLTR10_R5siLTR10,,hari_R8siLTR10_R5siLTR10,structural maintenance of chromosomes 2,Inhibits,Unclear,25474630,no_change
560165,GSE40349,Limma,Affymetrix_U133A,IMR,,RAS,E2F7,none,,RASshE2F7,RAS,7d,OIS,none,PRJNA173792,10%,ENDOG,pRb,none,No,,-1.292476,-56042.82,7.0,Lung,,,,No,1.78435e-05,,,2,M,RAS,OIS,No,,,Human,,aksoy_1,ER:RasV12,7d,shpRb,none,SshRB_SshE2F7,1,aksoy_1_SshRB_SshE2F7,endonuclease G,Inhibits,Unclear,20211237,downregulated
20095713,GSE196610,Limma,,IMR,5%,DDIS,none,Parkin,,IR_ParkinYFP,IR,10d,DDIS,none,PRJNA806156,10.00%,ZMYND11,none,Parkin_mtDNA,No,,1.06593780714446,60.7157450393083,10.0,Lung,3%,,,No,0.0164701923587133,,20Gy,3,R,IR,DDIS,No,Illumina_NovaSeq6000,Paired,Human,202,Victorelli,IR,10d,CCCP_mtDNA,12uM_15ug,DPCM_DP,,Victorelli_DPCM_DP,zinc finger MYND-type containing 11,Inhibits,Unclear,17721438,upregulated
3585623,GSE19864,Limma,Affymetrix_U133A,IMR,,RAS_shpRb,pRb,none,,RAS_shpRb,RAS,7d,OIS,none,PRJNA124029,10.0%,RBBP4,p107,none,No,,-1.184577,-13935.56,7.0,Lung,,,,No,7.175886e-05,,,2,M,RAS,OIS,No,,,Human,,chicas_1,H-rasV12,7d,shp107,none,Rshp107_RshRB,1,chicas_1_Rshp107_RshRB,"RB binding protein 4, chromatin remodeling factor",Inhibits,Unclear,26491019,downregulated
5876464,GSE122079,Limma,,IMR,,RAS_digoxin,IONpump,none,14.0,RAS16h_dig,RAS,7d,OIS,none,PRJNA503415,10.00%,SIAH1,IONpump,none,No,,1.076602,205689101.0,7.0,Lung,,,14.0,No,4.861706e-09,,,3,R,RAS,OIS,No,Illumina_HiSeq_2500,Single,Human,50,herranz_2,ER_RAS,7d,digoxin_caspase_inhibitor,none,RASdig36CI_RASdig16,,herranz_2_RASdig36CI_RASdig16,siah E3 ubiquitin protein ligase 1,Induces,Replicative,21057505,upregulated
82489610,GSE212085,Limma,,IMR,5%,DDIS,none,none,,Doxorubicin_150nM,Doxorubicin,10d,DDIS,none,PRJNA873928,10%,ATM,none,none,No,,1.07981904802932,34.3286906723207,10.0,Lung,,,,No,0.0291301526628367,,150nM,3,R,Doxorubicin,DDIS,No,NextSeq_2000,Paired,Human,116,Marin,Doxorubicin,10d,MDL72527,50uM,DM_D,,Marin_DM_D,ATM serine/threonine kinase,Inhibits,Replicative,9312059,upregulated
166628,GSE103938,Limma,,IMR,,RAS_Rap1nM,mTOR,none,12.0,RAS_Rap1nM,RAS,10d,OIS,none,PRJNA407729,,MAP3K5,mTOR,none,No,,-1.10042646494058,-70.3412694717106,10.0,Lung,,,12.0,No,0.0142164053550693,,,3,R,OSKM,OSKM,No,Illumina_HiSeq_2500,Single,Human,50,aarts_1,OSKM,10d,rapamycin,1nM,OSKM1nMRap_R1nMRap,,aarts_1_OSKM1nMRap_R1nMRap,mitogen-activated protein kinase kinase kinase 5,Induces,Stress-induced,16731828,downregulated
3560811,GSE19864,Limma,Affymetrix_U133A,IMR,,RAS,none,none,,RAS,RAS,7d,OIS,none,PRJNA124029,10.0%,RAN,p107,none,No,,-0.2749074,-4.165296,7.0,Lung,,,,No,0.240079,,,2,M,RAS,OIS,No,,,Human,,chicas_1,H-rasV12,7d,shp107,none,Rshp107_R,1,chicas_1_Rshp107_R,"RAN, member RAS oncogene family",Inhibits,Unclear,23160023,no_change
6690422,GSE53379,Limma,Illumin_HWG6V3,IMR,,DDISshp53,p53,none,,Quiesce1dEtopshp53,Etoposide,7d,DDIS,none,PRJNA231867,10.00%,MTHFD2,p53,none,No,,-1.487282,-9684789.0,7.0,Lung,5.00%,Yes,,No,1.032547e-07,,10dPuromycin,3,M,RAS,OIS,No,,,Human,,kirschner_1,H-RASG12V,7d,shp53,none,Rshp53_QD24shp53,1,kirschner_1_Rshp53_QD24shp53,"methylenetetrahydrofolate dehydrogenase (NADP+ dependent) 2, methenyltetrahydrofolate cyclohydrolase",Inhibits,Unclear,32264951,downregulated
5901851,GSE122079,Limma,,IMR,,RAS_ouabain,IONpump,none,14.0,RAS36h_ouab,RAS,7d,OIS,none,PRJNA503415,10.00%,SRSF2,IONpump,none,No,,1.176028,29213450000000.0,7.0,Lung,,,14.0,No,3.423081e-14,,,3,R,RAS,OIS,No,Illumina_HiSeq_2500,Single,Human,50,herranz_2,ER_RAS,7d,ouabain_caspase_inhibitor,none,RASouab36CI_RASouab16,,herranz_2_RASouab36CI_RASouab16,serine and arginine rich splicing factor 2,Inhibits,Stress-induced,30026406,upregulated
6756110,GSE53379,Limma,Illumin_HWG6V3,IMR,,DDISshp53,p53,none,,Quiesce2dEtopshp53,Etoposide,7d,DDIS,none,PRJNA231867,10.00%,SUMO2,p53,E1A,No,,0.6763557,101483517.0,,Lung,5.00%,Yes,,No,9.853817e-09,,,3,M,,,No,,,Human,,kirschner_1,,,shp53,none,Ishp53_QD48shp53,1,kirschner_1_Ishp53_QD48shp53,small ubiquitin like modifier 2,Induces,Unclear,17012228,no_change
5364148,GSE127116,Limma,,IMR,,RAS_siLTR10,LTR10,none,,RASd8_siLTR10,RAS,8d,OIS,none,PRJNA524181,10.00%,HIVEP1,LTR10,none,No,,-1.096663,-746.0857,8.0,Lung,,,,No,0.001340329,,,3,R,RAS,OIS,No,IonXpress,Single,Human,110,hari,ER:RAS,8d,siLTR10,none,R8siLTR10_R5siLTR10,,hari_R8siLTR10_R5siLTR10,HIVEP zinc finger 1,Inhibits,Unclear,18852884,downregulated
15942711,GSE190998,Limma,,WI38,5%,Prolif,none,none,,Prolif_siCtrl,Etoposide,8d,DDIS,none,PRJNA789266,10%,USP1,NTRK2,none,No,,-1.15209874391191,-4160429.01044489,8.0,Lung,,0.50%,,No,2.40359827673893e-07,,50uM,3,R,Etoposide,DDIS,No,Illumina_NovaSeq6000,Paired,Human,204,Anerillas_2,Etoposide,8d,siNTRK2,none,DN_P,,Anerillas_2_DN_P,ubiquitin specific peptidase 1,Inhibits,Oncogene-induced,27160904,downregulated
88401,GSE103938,Limma,,IMR,,RAS,none,none,12.0,RAS10d,RAS,10d,OIS,none,PRJNA407729,,CDK2,mTOR,none,No,,1.59786529543903,135.652464458496,10.0,Lung,,,12.0,No,0.0073717790826126,,,3,R,RAS,OIS,No,Illumina_HiSeq_2500,Single,Human,50,aarts_1,RAS,10d,rapamycin,10nM,R10nMRap_R,,aarts_1_R10nMRap_R,cyclin dependent kinase 2,Inhibits,Replicative,25149358,upregulated
16775451,GSE224070,Limma,,IMR,5%,DDIS,COPB2,none,,50ugmL_Bleomycin_24hr,Bleomycin,10d,DDIS,none,PRJNA929513,10%,DIDO1,COPB2,none,No,,-1.33971235427463,-27345911.2062767,10.0,Lung,,Yes,,No,3.6568538252639e-08,,100nM_4OHT,3,R,RAS,OIS,No,NextSeq_2000,Single,Human,71,McHugh_1,ER:RAS,10d,shCOPB2,1ugml_Doxycycline,Osh_Dsh,,McHugh_1_Osh_Dsh,death inducer-obliterator 1,Inhibits,Unclear,26611489,downregulated
536631,GSE40349,Limma,Affymetrix_U133A,IMR,,RAS,pRb,none,,RASshRB,RAS,7d,OIS,none,PRJNA173792,10%,HELLS,E2F7,none,No,,-2.472005,-89925.52,7.0,Lung,,,,No,1.112031e-05,,,2,M,RAS,OIS,No,,,Human,,aksoy_1,ER:RasV12,7d,ShE2F7,none,SshE2F7_SshRB,1,aksoy_1_SshE2F7_SshRB,"helicase, lymphoid specific",Inhibits,Replicative,19561196,downregulated
6756403,GSE53379,Limma,Illumin_HWG6V3,IMR,,DDISshp53,p53,none,,Quiesce2dEtopshp53,Etoposide,7d,DDIS,none,PRJNA231867,10.00%,TGFB1I1,p53,E1A,No,,-1.849132,-2.7799e+18,,Lung,5.00%,Yes,,No,3.5972509999999996e-19,,,3,M,,,No,,,Human,,kirschner_1,,,shp53,none,Ishp53_QD48shp53,1,kirschner_1_Ishp53_QD48shp53,transforming growth factor beta 1 induced transcript 1,Induces,Unclear,9032249,downregulated
8369023,GSE24810,Limma,Affymetrix_U133A,HMF3A,5%,OISshp53,p53,none,,Active_SV40LT_shp53,SV40,7d,OIS,none,PRJNA132307,0.25%,CAV1,laminA,none,Yes,hTERT_SV40_LT,-0.04036084,-1.556525,7.0,Skin,20%,Yes,,No,0.6424569,,,3,M,SV40,OIS,No,,,Human,,parmjit_1,SV40_LT,7d,shLaminA,none,SSVLA_SSVp53sh,1,parmjit_1_SSVLA_SSVp53sh,caveolin 1,Induces,Unclear,15263006,no_change
3612802,GSE19864,Limma,Affymetrix_U133A,IMR,,RAS_shp107,p107,none,,RAS_shp107,RAS,7d,OIS,none,PRJNA124029,10.0%,TOP1,p130,none,No,,2.841906,640.6316,7.0,Lung,,,,No,0.00156096,,,2,M,RAS,OIS,No,,,Human,,chicas_1,H-rasV12,7d,shp130,none,Rshp130_Rshp107,1,chicas_1_Rshp130_Rshp107,DNA topoisomerase I,Induces,Oncogene-induced,19435923,upregulated
7023798,GSE75643,Limma,,Tig3,,BRAF,none,none,,BRAF4d,RAF,4d,OIS,none,PRJNA302675,9.00%,LOX,none,SV40smallT,Yes,hTERT,1.031853,32.37377,4.0,Lung,,,,No,0.03088921,,,3,R,RAF,OIS,No,Illumina_HiSeq_2000,Single,Human,51,lenain,BRAFE600,4d,SV40smallT,none,BRAF4SV40_4,,lenain_BRAF4SV40_4,lysyl oxidase,Inhibits,Oncogene-induced,24113189,upregulated
11676618,GSE178115,Limma,Agilent,HDF,,REP,ROCK_ATM,none,,REP_8d,REP,8d,REP,none,PRJNA737497,10%,PTGS2,none,none,No,,57.33333,166.4821,8.0,Skin,,,,No,0.006006651,,,3,M,REP,REP,No,,,Human,,Yang,REP,8d,Y27632_KU60019,2.5uM_0.5uM,R8dCOMBOi_R8d,1,Yang_R8dCOMBOi_R8d,prostaglandin-endoperoxide synthase 2,Induces,Replicative,28803844,upregulated
17895541,GSE224070,Limma,,IMR,5%,DDIS,COPB2,none,,50ugmL_Bleomycin_24hr,Bleomycin,10d,DDIS,none,PRJNA929513,10%,MIF,COPB2,none,No,,1.38809479658951,37500179.5757267,10.0,Lung,,Yes,,No,2.66665389689836e-08,,100nM_4OHT,3,R,RAS,OIS,No,NextSeq_2000,Single,Human,71,McHugh_1,ER:RAS,10d,shCOPB2,1ugml_Doxycycline,Osh_Dsh,,McHugh_1_Osh_Dsh,macrophage migration inhibitory factor,Inhibits,Stress-induced,24274936,upregulated
2547322,GSE134747,Limma,Illumina_HT12V4,BJ,,OIS,none,GR,,BRAF_122_Clob_122h,RAF,5d,OIS,none,PRJNA556258,,SPHK1,RELA,none,Yes,hTERT,112.1982,7.22216,1.0,Skin,,,,Yes,0.1384627,,1000ng_ml,3,M,RAF,OIS,No,,,human,,carvalho_1,BRAF_doxycycline,1d,compoundA,2uM_2h,O24CpdA2_O122Clob122,1,carvalho_1_O24CpdA2_O122Clob122,sphingosine kinase 1,Inhibits,Replicative,30885289,no_change
9809821,GSE74324,Limma,,IMR,,RASshBRD4,BRD4,none,,RASshBRD4,RAS,12d,OIS,none,PRJNA299683,10.00%,NAMPT,RELA,none,No,,1.037731,375782.6,12.0,Lung,,,,No,2.661113e-06,,,3,R,RAS,OIS,No,Illumina_HiSeq_2500,Single,Human,100,tasdemir,HRASG12V,12d,shRELA,none,RASshRELA_RASshBRD4,,tasdemir_RASshRELA_RASshBRD4,nicotinamide phosphoribosyltransferase,Inhibits,Replicative,17307730,upregulated
4324998,GSE101766,Limma,,IMR,,RAS,none,none,14.0,RAS_shC,RAS,6d,OIS,none,PRJNA395386,,KDM1A,LOC399818,none,No,,-1.019421,-9078.019,6.0,Lung,,,14.0,No,0.0001101562,,,3,R,RAS,OIS,No,Illumina_HiSeq_2500,Single,Human,50,georgilis_1,ER_RAS,6d,LOC399818,none,LOC399818_RASc,,georgilis_1_LOC399818_RASc,lysine demethylase 1A,Inhibits,Oncogene-induced,29438700,downregulated
4459157,GSE101766,Limma,,IMR,,RAS,none,none,14.0,RAS_shC,RAS,6d,OIS,none,PRJNA395386,,EIF4EBP1,RNF6,none,No,,-1.03809,-832517.4,6.0,Lung,,,14.0,No,1.201176e-06,,,3,R,RAS,OIS,No,Illumina_HiSeq_2500,Single,Human,50,georgilis_1,ER_RAS,6d,RNF6,none,RNF6_RASc,,georgilis_1_RNF6_RASc,eukaryotic translation initiation factor 4E binding protein 1,Inhibits,Oncogene-induced,19878875,downregulated
10419060,GSE133292,Limma,,BJ,,Bleomycin,none,none,,Bleomycin28d,Bleomycin,28d,DDIS,none,PRJNA551006,10.00%,SERPINE1,p53,none,No,,-1.386167,-760642.7,28.0,Skin,,,,No,1.314678e-06,,40ugml_2hr,2,R,Bleomycin,DDIS,No,Illumina_HiSeq_2500,Paired,Human,250,wang_2,Bleomycin,28d,sgp53,none,Bshp53_B28d,,wang_2_Bshp53_B28d,serpin family E member 1,Induces,Replicative,16862142,downregulated
557020,GSE40349,Limma,Affymetrix_U133A,IMR,,RAS,E2F7,none,,RASshE2F7,RAS,7d,OIS,none,PRJNA173792,10%,AAK1,pRb,none,No,,-1.09803,-266.439,7.0,Lung,,,,No,0.003753204,,,2,M,RAS,OIS,No,,,Human,,aksoy_1,ER:RasV12,7d,shpRb,none,SshRB_SshE2F7,1,aksoy_1_SshRB_SshE2F7,AP2 associated kinase 1,Induces,Unclear,26583757,downregulated
9787942,GSE74324,Limma,,IMR,,RASshp53,p53,none,,RASshp53,RAS,12d,OIS,none,PRJNA299683,10.00%,SIX1,p16_p21,none,No,,0.2583823,82.81408,12.0,Lung,,,,No,0.01207524,,,3,R,RAS,OIS,No,Illumina_HiSeq_2500,Single,Human,100,tasdemir,HRASG12V,12d,shp16p21,none,RASshp16p21_RASshp53,,tasdemir_RASshp16p21_RASshp53,SIX homeobox 1,Inhibits,Oncogene-induced,26500063,no_change
3794209,GSE76125,Limma,,MRC,5.00%,IR,none,none,,I10,IR,10d,DDIS,Parkin,PRJNA306369,10.00%,NDST2,mitochondrial,Parkin,No,,1.023457,42508.1,10.0,Lung,,Yes,,No,2.352493e-05,,20Gy,3,R,IR,DDIS,No,NextSeq_500,Paired,Human,70,correia_melo,X_rays,10d,CCCP,12.5uM_4d,I10CCCP_I10,,correia_melo_I10CCCP_I10,N-deacetylase and N-sulfotransferase 2,Induces,Oncogene-induced,27737960,upregulated
17862091,GSE222676,Limma,,IMR,,DDIS,none,none,,Bleomycin_10ugml_24hr,Bleomycin,7d,DDIS,none,PRJNA923006,15%,MCM7,ABCA1,none,Yes,hTERT,-1.10492989136745,-402030.683316337,7.0,Lung,3%,,,No,2.48737233623821e-06,,10ugml_24hr,2,R,Bleomycin,DDIS,No,NovaSeq_6000,Paired,Human,202,Roh,Bleomycin_ABCA1KO,7d,ABCA1_CRISPR,none,DKO_D,Na,Roh_DKO_D,minichromosome maintenance complex component 7,Inhibits,Unclear,32264951,downregulated
5565651,GSE61130,Limma,,IMR,,RAS,none,none,15.0,RAS_EV,RAS,7d,OIS,none,PRJNA260300,,PRKD1,none,ZFP36L1,No,,1.356406,24304178.0,7.0,Lung,,,15.0,No,4.114519e-08,,,3,R,RAS,OIS,No,Illumina_HiSeq_2500,Paired,Human,200,herranz_1,ER_RAS,7d,ZFP36L1mut,none,RASZmut_RAS,,herranz_1_RASZmut_RAS,protein kinase D1,Induces,Oncogene-induced,24828530,upregulated
4433081,GSE101766,Limma,,IMR,,RAS,none,none,14.0,RAS_shC,RAS,6d,OIS,none,PRJNA395386,,CDK2AP1,PTBP1,none,No,,-0.8014822,-4186.502,6.0,Lung,,,14.0,No,0.0002388629,,,3,R,RAS,OIS,No,Illumina_HiSeq_2500,Single,Human,50,georgilis_1,ER_RAS,6d,PTBP1,none,PTBP1_RASc,,georgilis_1_PTBP1_RASc,cyclin dependent kinase 2 associated protein 1,Inhibits,Unclear,25785833,no_change
2690458,GSE134747,Limma,Illumina_HT12V4,BJ,,OIS,RELA,none,,BRAF_24h_CpdA_2h,RAF,1d,OIS,none,PRJNA556258,,HIRA,none,GR,Yes,hTERT,37.47952,198.1931,1.0,Skin,,,,Yes,0.005045585,,1000ng_ml,8,M,RAF,OIS,No,,,human,,carvalho_1,BRAF_doxycycline,1d,clobetasol,2nM_2h,O24Clob2_O24CpdA2,1,carvalho_1_O24Clob2_O24CpdA2,histone cell cycle regulator,Induces,Oncogene-induced,15621527,upregulated
4269911,GSE101766,Limma,,IMR,,RAS,none,none,14.0,RAS_shC,RAS,6d,OIS,none,PRJNA395386,,ZMYND11,IL15,none,No,,0.1463166,2.098008,6.0,Lung,,,14.0,No,0.4766427,,,3,R,RAS,OIS,No,Illumina_HiSeq_2500,Single,Human,50,georgilis_1,ER_RAS,6d,IL15,none,IL15_RASc,,georgilis_1_IL15_RASc,zinc finger MYND-type containing 11,Inhibits,Unclear,17721438,no_change
6718708,GSE53379,Limma,Illumin_HWG6V3,IMR,,DDISshp53,p53,none,,Quiesce1dEtopshp53,Etoposide,7d,DDIS,none,PRJNA231867,10.00%,SPHK1,p53,E1A,No,,1.518182,9271.626,,Lung,5.00%,Yes,,No,0.000107856,,,3,M,,,No,,,Human,,kirschner_1,,,shp53,none,Ishp53_QD24shp53,1,kirschner_1_Ishp53_QD24shp53,sphingosine kinase 1,Inhibits,Replicative,30885289,upregulated
4415791,GSE101766,Limma,,IMR,,RAS,none,none,14.0,RAS_shC,RAS,6d,OIS,none,PRJNA395386,,SGK1,PPP1CB,none,No,,1.172806,89125318.0,6.0,Lung,,,14.0,No,1.122016e-08,,,3,R,RAS,OIS,No,Illumina_HiSeq_2500,Single,Human,50,georgilis_1,ER_RAS,6d,PPP1CB,none,PPP1CB_RASc,,georgilis_1_PPP1CB_RASc,serum/glucocorticoid regulated kinase 1,Inhibits,Replicative,26230157,upregulated
5315114,GSE127116,Limma,,IMR,,RAS,none,none,,RASd5,RAS,5d,OIS,none,PRJNA524181,10.00%,ITPK1,LTR10,none,No,,-1.046109,-7002.348,5.0,Lung,,,,No,0.0001428092,,,3,R,RAS,OIS,No,IonXpress,Single,Human,110,hari,ER:RAS,5d,siLTR10,none,R5siLTR10_R5,,hari_R5siLTR10_R5,inositol-tetrakisphosphate 1-kinase,Induces,Unclear,26583757,downregulated
9770719,GSE74324,Limma,,IMR,,RASshp53,p53,none,,RASshp53,RAS,12d,OIS,none,PRJNA299683,10.00%,HJURP,RELA,none,No,,-2.338827,-1108832000000.0,12.0,Lung,,,,No,9.018495e-13,,,3,R,RAS,OIS,No,Illumina_HiSeq_2500,Single,Human,100,tasdemir,HRASG12V,12d,shRELA,none,RASshRELA_RASshp53,,tasdemir_RASshRELA_RASshp53,Holliday junction recognition protein,Inhibits,Unclear,23292286,downregulated
5340754,GSE127116,Limma,,IMR,,RAS,none,none,,RASd8,RAS,8d,OIS,none,PRJNA524181,10.00%,MCU,LTR10,none,No,,-1.304691,-6558.006,8.0,Lung,,,,No,0.0001524854,,,3,R,RAS,OIS,No,IonXpress,Single,Human,110,hari,ER:RAS,8d,siLTR10,none,R8siLTR10_R8,,hari_R8siLTR10_R8,mitochondrial calcium uniporter,Induces,Oncogene-induced,24797322,downregulated
4498510,GSE101766,Limma,,IMR,,RAS,none,none,14.0,RAS_shC,RAS,6d,OIS,none,PRJNA395386,,LAMP2,TMEM219,none,No,,1.019575,4421047.0,6.0,Lung,,,14.0,No,2.261908e-07,,,3,R,RAS,OIS,No,Illumina_HiSeq_2500,Single,Human,50,georgilis_1,ER_RAS,6d,TMEM219,none,TMEM219_RASc,,georgilis_1_TMEM219_RASc,lysosomal associated membrane protein 2,Inhibits,Unclear,21858089,upregulated
11110104,GSE144752,Limma,,BJ,,OIS,none,none,,BRAF_2d_1uM4OHT,BRAF,3d,OIS,none,PRJNA604779,10.00%,RRAS2,YBX1,none,Yes,hTERT,-1.154288,-2459.951,3.0,Skin,,,,Yes,0.0004065122,,2d_1uM4OHT,3,R,RAF,OIS,No,NextSeq_500,Single,Human,75,montes,BRAFE600,3d,siYBX1,none,OYKD_O,,montes_OYKD_O,RAS related 2,Inhibits,Unclear,29440281,downregulated
530234,GSE40349,Limma,Affymetrix_U133A,IMR,,RAS,none,none,,RASshLuc,RAS,7d,OIS,none,PRJNA173792,10%,TERT,pRb_E2F7,none,No,,-0.1878097,-4.73631,7.0,Lung,,,,No,0.2111348,,,2,M,RAS,OIS,No,,,Human,,aksoy_1,ER:RasV12,7d,shpRb_shE2F7,none,SshRBE2F7_R,1,aksoy_1_SshRBE2F7_R,telomerase reverse transcriptase,Inhibits,Replicative,9454332,no_change
4256576,GSE101766,Limma,,IMR,,RAS,none,none,14.0,RAS_shC,RAS,6d,OIS,none,PRJNA395386,,TRIM28,IFNA17,none,No,,-1.359019,-715007.8,6.0,Lung,,,14.0,No,1.398586e-06,,,3,R,RAS,OIS,No,Illumina_HiSeq_2500,Single,Human,50,georgilis_1,ER_RAS,6d,IFNA17,none,IFNA17_RASc,,georgilis_1_IFNA17_RASc,tripartite motif containing 28,Induces,Oncogene-induced,25160591,downregulated
533678,GSE40349,Limma,Affymetrix_U133A,IMR,,RAS,pRb,none,,RASshRB,RAS,7d,OIS,none,PRJNA173792,10%,CALR,E2F7,none,No,,1.125106,89.86051,7.0,Lung,,,,No,0.01112836,,,2,M,RAS,OIS,No,,,Human,,aksoy_1,ER:RasV12,7d,ShE2F7,none,SshE2F7_SshRB,1,aksoy_1_SshE2F7_SshRB,calreticulin,Inhibits,Unclear,25378661,upregulated
2538547,GSE134747,Limma,Illumina_HT12V4,BJ,,OIS,none,GR,,BRAF_122_Clob_122h,RAF,5d,OIS,none,PRJNA556258,,BIN1,RELA,none,Yes,hTERT,15.90855,124.506,1.0,Skin,,,,Yes,0.008031743,,1000ng_ml,3,M,RAF,OIS,No,,,human,,carvalho_1,BRAF_doxycycline,1d,compoundA,2uM_2h,O24CpdA2_O122Clob122,1,carvalho_1_O24CpdA2_O122Clob122,bridging integrator 1,Induces,Oncogene-induced,18267069,upregulated
4183257,GSE101766,Limma,,IMR,,RAS,none,none,14.0,RAS_shC,RAS,6d,OIS,none,PRJNA395386,,ZMPSTE24,DCAMKL3,none,No,,1.118618,909721719.0,6.0,Lung,,,14.0,No,1.099237e-09,,,3,R,RAS,OIS,No,Illumina_HiSeq_2500,Single,Human,50,georgilis_1,ER_RAS,6d,DCAMKL3,none,DCAMKL3_RASc,,georgilis_1_DCAMKL3_RASc,zinc metallopeptidase STE24,Inhibits,Replicative,24101728,upregulated
3553996,GSE19864,Limma,Affymetrix_U133A,IMR,,RAS,none,none,,RAS,RAS,7d,OIS,none,PRJNA124029,10.0%,CBS,p107,none,No,,0.3850955,19.34639,7.0,Lung,,,,No,0.05168922,,,2,M,RAS,OIS,No,,,Human,,chicas_1,H-rasV12,7d,shp107,none,Rshp107_R,1,chicas_1_Rshp107_R,cystathionine beta-synthase,Inhibits,Replicative,23117410,no_change
83377510,GSE155903,Limma,,IMR,,OIS,none,none,,ER:RAS_4OHT,RAS,6d,OIS,none,PRJNA656038,10%,BUB1,none,none,No,,2.03228932668069,121111.707466226,6.0,Lung,,Na,,No,8.25684007699144e-06,,100nM,4,R,RAS,OIS,No,HiSeq_2500,Single,Human,50,Guerrero,ER:RAS,6d,3deazaadenosine,10uM,O3DA_O,Na,Guerrero_O3DA_O,BUB1 mitotic checkpoint serine/threonine kinase,Inhibits,Oncogene-induced,17488820,upregulated
8928915,GSE128711,Limma,,HFF,,Dox_sgpRb,pRb,none,,Dox_sgpRb,Dox,1d,DDIS,none,PRJNA528619,,HELLS,p130,none,No,,-1.584439,-2842.055,1.0,Skin,,,,Yes,0.000351858,,350nM,2,R,Doxorubicin,DDIS,No,NextSeq_500,Single,Human,75,schade_1,Dox,1d,sgp130,none,Dp130_DpRb,,schade_1_Dp130_DpRb,"helicase, lymphoid specific",Inhibits,Replicative,19561196,downregulated
500578,GSE40349,Limma,Affymetrix_U133A,IMR,,RAS,none,none,,RASshLuc,RAS,7d,OIS,none,PRJNA173792,10%,LMNB1,pRb,none,No,,2.391634,9263188.0,7.0,Lung,,,,No,1.079542e-07,,,2,M,RAS,OIS,No,,,Human,,aksoy_1,ER:RasV12,7d,shpRb,none,SshRB_R,1,aksoy_1_SshRB_R,lamin B1,Inhibits,Oncogene-induced,22155925,upregulated
2686621,GSE134747,Limma,Illumina_HT12V4,BJ,,OIS,RELA,none,,BRAF_24h_CpdA_2h,RAF,1d,OIS,none,PRJNA556258,,ARF1,none,GR,Yes,hTERT,-10.06244,-20.80157,1.0,Skin,,,,Yes,0.04807329,,1000ng_ml,8,M,RAF,OIS,No,,,human,,carvalho_1,BRAF_doxycycline,1d,clobetasol,2nM_2h,O24Clob2_O24CpdA2,1,carvalho_1_O24Clob2_O24CpdA2,ADP ribosylation factor 1,Induces,Oncogene-induced,29420297,downregulated
12806012,GSE196610,Limma,,IMR,5%,DDIS,none,Parkin,,IR_ParkinYFP,IR,10d,DDIS,none,PRJNA806156,10.00%,E2F1,none,Parkin,No,,-1.09236291407065,-217442436.450998,10.0,Lung,3%,,,No,4.5989182991212405e-09,,20Gy,3,R,IR,DDIS,No,Illumina_NovaSeq6000,Paired,Human,202,Victorelli,IR,10d,CCCP,12uM,DPC_DP,,Victorelli_DPC_DP,E2F transcription factor 1,Induces,Unclear,10594030,downregulated
7033342,GSE75643,Limma,,Tig3,,BRAF,none,none,,BRAF10d,RAF,10d,OIS,none,PRJNA302675,9.00%,DGCR8,none,SV40smallT,Yes,hTERT,-0.1807165,-2.731965,10.0,Lung,,,,No,0.3660369,,,3,R,RAF,OIS,No,Illumina_HiSeq_2000,Single,Human,51,lenain,BRAFE600,10d,SV40smallT,none,BRAF10SV40_10,,lenain_BRAF10SV40_10,DGCR8 microprocessor complex subunit,Inhibits,Unclear,23773483,no_change
10432031,GSE133292,Limma,,BJ,,Bleomycin,none,none,,Bleomycin12d,Bleomycin,12d,DDIS,none,PRJNA551006,10.00%,SOCS1,p53,none,No,,2.097077,229558.2,28.0,Skin,,,,No,4.356193e-06,,40ugml_2hr,2,R,Bleomycin,DDIS,No,Illumina_HiSeq_2500,Paired,Human,250,wang_2,Bleomycin,28d,sgp53,none,Bshp53_B12d,,wang_2_Bshp53_B12d,suppressor of cytokine signaling 1,Induces,Replicative,20005840,upregulated
5539617,GSE61130,Limma,,IMR,,RAS_Zwt,none,ZFP36L1,15.0,RAS_Zwt,RAS,7d,OIS,none,PRJNA260300,,NFKB2,none,ZFP36L1,No,,-1.026168,-166972755.0,7.0,Lung,,,15.0,No,5.989001e-09,,,3,R,RAS,OIS,No,Illumina_HiSeq_2500,Paired,Human,200,herranz_1,ER_RAS,7d,ZFP36L1mut,none,RASZmut_RASZwt,,herranz_1_RASZmut_RASZwt,nuclear factor kappa B subunit 2,Inhibits,Unclear,25255445,downregulated
5753421,GSE122079,Limma,,IMR,,RAS,none,none,14.0,RAS_EV36h,RAS,7d,OIS,none,PRJNA503415,10.00%,STK32C,IONpump,none,No,,-1.183964,-6563.085,7.0,Lung,,,14.0,No,0.0001523674,,,3,R,RAS,OIS,No,Illumina_HiSeq_2500,Single,Human,50,herranz_2,ER_RAS,7d,digoxin,none,RASdig36_RAS36,,herranz_2_RASdig36_RAS36,serine/threonine kinase 32C,Induces,Unclear,26583757,downregulated
3958940,GSE99028,Limma,,IMR,,Etop,none,none,32.0,Etoposide,Etoposide,7d,DDIS,none,PRJNA387040,10.00%,TERT,cGAS,none,No,,0.0,0.0,7.0,Lung,,Yes,32.0,No,1.0,,50uM_48h,2,R,Etoposide,DDIS,No,NextSeq_500,Single,Human,48,dou,Etoposide,7d,cGASsh,none,EtopGASsh_Etop,,dou_EtopGASsh_Etop,telomerase reverse transcriptase,Inhibits,Replicative,9454332,no_change
4184101,GSE101766,Limma,,IMR,,RAS,none,none,14.0,RAS_shC,RAS,6d,OIS,none,PRJNA395386,,AKT1,DUSP11,none,No,,-1.22809,-36209.03,6.0,Lung,,,14.0,No,2.761742e-05,,,3,R,RAS,OIS,No,Illumina_HiSeq_2500,Single,Human,50,georgilis_1,ER_RAS,6d,DUSP11,none,DUSP11_RASc,,georgilis_1_DUSP11_RASc,AKT serine/threonine kinase 1,Induces,Oncogene-induced,17045205,downregulated
8062455,GSE24810,Limma,Affymetrix_U133A,HMF3A,5%,OIS,none,none,,Inactive_SV40LT_EV,SV40,7d,OIS,none,PRJNA132307,0.25%,HELLS,p53,none,Yes,hTERT_SV40_LT,1.183453,49535889975.0,7.0,Skin,20%,Yes,,No,2.018738e-11,,,3,M,SV40,OIS,No,,,Human,,parmjit_1,SV40_LT,7d,GSE_DomNeg_p53,none,SSVp53g_SSVev,1,parmjit_1_SSVp53g_SSVev,"helicase, lymphoid specific",Inhibits,Replicative,19561196,upregulated
6718084,GSE53379,Limma,Illumin_HWG6V3,IMR,,DDISshp53,p53,none,,Quiesce1dEtopshp53,Etoposide,7d,DDIS,none,PRJNA231867,10.00%,SFRP1,p53,E1A,No,,-3.528881,-1.029232e+18,,Lung,5.00%,Yes,,No,9.715982e-19,,,3,M,,,No,,,Human,,kirschner_1,,,shp53,none,Ishp53_QD24shp53,1,kirschner_1_Ishp53_QD24shp53,secreted frizzled related protein 1,Induces,Stress-induced,22927647,downregulated
5335991,GSE127116,Limma,,IMR,,RAS,none,none,,RASd8,RAS,8d,OIS,none,PRJNA524181,10.00%,BLVRA,LTR10,none,No,,1.167255,2655.909,8.0,Lung,,,,No,0.000376519,,,3,R,RAS,OIS,No,IonXpress,Single,Human,110,hari,ER:RAS,8d,siLTR10,none,R8siLTR10_R8,,hari_R8siLTR10_R8,biliverdin reductase A,Inhibits,Stress-induced,21099244,upregulated
7019750,GSE75643,Limma,,Tig3,,BRAF,none,none,,BRAF4d,RAF,4d,OIS,none,PRJNA302675,9.00%,CALR,none,SV40smallT,Yes,hTERT,0.1423749,2.733508,4.0,Lung,,,,No,0.3658303,,,3,R,RAF,OIS,No,Illumina_HiSeq_2000,Single,Human,51,lenain,BRAFE600,4d,SV40smallT,none,BRAF4SV40_4,,lenain_BRAF4SV40_4,calreticulin,Inhibits,Unclear,25378661,no_change
602445,GSE56293,Limma,,BJ,,REP,none,none,97.0,REP,REP,,REP,none,PRJNA243087,,RAD51C,p38,none,No,,0.02608655,1.162133,,Skin,,,97.0,No,0.8604867,,,2,R,REP,REP,No,Illumina_HiSeq_2000,Single,Human,50,alspach,REP,,SB203580,10uM_48h,REPSB_REP,,alspach_REPSB_REP,RAD51 paralog C,Inhibits,Stress-induced,26820992,no_change
14207712,GSE196610,Limma,,IMR,5%,DDIS,none,Parkin,,IR_ParkinYFP,IR,10d,DDIS,none,PRJNA806156,10.00%,NCAPH2,none,Parkin,No,,0.771058767806192,25480268.6408085,10.0,Lung,3%,,,No,3.92460540387878e-08,,20Gy,3,R,IR,DDIS,No,Illumina_NovaSeq6000,Paired,Human,202,Victorelli,IR,10d,CCCP,12uM,DPC_DP,,Victorelli_DPC_DP,non-SMC condensin II complex subunit H2,Induces,Oncogene-induced,26017022,no_change
8096823,GSE24810,Limma,Affymetrix_U133A,HMF3A,5%,OIS,none,none,,Inactive_SV40LT_EV,SV40,7d,OIS,none,PRJNA132307,0.25%,CCL2,E2F,none,Yes,hTERT_SV40_LT,-1.661078,-288620.6,7.0,Skin,20%,Yes,,No,3.464756e-06,,,3,M,SV40,OIS,No,,,Human,,parmjit_1,SV40_LT,7d,DB_DomNeg_E2F,none,SSVe2f_SSVev,1,parmjit_1_SSVe2f_SSVev,C-C motif chemokine ligand 2,Induces,Unclear,26573462,downregulated
103953110,GSE221104,Limma,,WI38,,DDIS,none,none,,Etoposide,Etoposide,8d,DDIS,none,PRJNA912759,,OXTR,none,none,No,,-1.71713518123228,-4647383573.77169,8.0,Lung,,,,No,2.1517483636248002e-10,,50uM,3,R,Etoposide,DDIS,No,Illumina_NovaSeq6000,Paired,Human,217-218,Anerillas_3,Etoposide,8d,Verteporfin,1.5uM,DV_D,,Anerillas_3_DV_D,oxytocin receptor,Inhibits,Stress-induced,31219803,downregulated
11634550,GSE178115,Limma,Agilent,HDF,,REP,ROCK,none,,REP_8d,REP,8d,REP,none,PRJNA737497,10%,RAP1GAP,none,none,No,,1.5,1.58987,8.0,Skin,,,,No,0.6289822,,,3,M,REP,REP,No,,,Human,,Yang,REP,8d,Y27632,2.5uM,R8dROCKi_R8d,1,Yang_R8dROCKi_R8d,RAP1 GTPase activating protein,Induces,Oncogene-induced,18267069,no_change
2723666,GSE134747,Limma,Illumina_HT12V4,BJ,,OIS,none,GR,,BRAF_24h_Clob_2h,RAF,1d,OIS,none,PRJNA556258,,ANXA5,RELA,none,Yes,hTERT,14.55446,60.81212,1.0,Skin,,,,Yes,0.01644409,,1000ng_ml,3,M,RAF,OIS,No,,,human,,carvalho_1,BRAF_doxycycline,1d,compoundA,2uM_2h,O24CpdA2_O24Clob2,1,carvalho_1_O24CpdA2_O24Clob2,annexin A5,Inhibits,Replicative,22728018,upregulated
5781621,GSE122079,Limma,,IMR,,RAS,none,none,14.0,RAS_EV36h,RAS,7d,OIS,none,PRJNA503415,10.00%,BNIP3L,IONpump,none,No,,1.693366,174069200000000.0,7.0,Lung,,,14.0,No,5.744843e-15,,,3,R,RAS,OIS,No,Illumina_HiSeq_2500,Single,Human,50,herranz_2,ER_RAS,7d,ouabain,none,RASouab36_RAS36,,herranz_2_RASouab36_RAS36,BCL2 interacting protein 3 like,Induces,Oncogene-induced,18267069,upregulated
6578040,GSE53379,Limma,Illumin_HWG6V3,IMR,,DDIS,none,none,,Quiesce2dEtop,Etoposide,7d,DDIS,none,PRJNA231867,10.00%,LAYN,p53,none,No,,0.1896438,3.044395,,Lung,5.00%,Yes,,Yes,0.3284725,,100uM2d,3,M,Etoposide,DDIS,No,,,Human,,kirschner_1,Etoposide,,shp53,none,QD48shp53_QD48,1,kirschner_1_QD48shp53_QD48,layilin,Induces,Unclear,21740549,no_change
8089662,GSE24810,Limma,Affymetrix_U133A,HMF3A,5%,OIS,none,none,,Inactive_SV40LT_EV,SV40,7d,OIS,none,PRJNA132307,0.25%,NRAS,none,E7,Yes,hTERT_SV40_LT,1.0568,1.551823e+17,7.0,Skin,20%,Yes,,No,6.444034e-18,,,3,M,,,No,,,Human,,parmjit_1,,7d,HPV16_E7,none,ISVe7_SSVev,1,parmjit_1_ISVe7_SSVev,"NRAS proto-oncogene, GTPase",Induces,Oncogene-induced,16964246,upregulated
5801051,GSE122079,Limma,,IMR,,RAS_caspase_inhibitor,caspase,none,14.0,RAS_EV36hCI,RAS,7d,OIS,none,PRJNA503415,10.00%,PTTG1,IONpump,none,No,,0.3703352,29.31381,7.0,Lung,,,14.0,No,0.03411362,,,3,R,RAS,OIS,No,Illumina_HiSeq_2500,Single,Human,50,herranz_2,ER_RAS,7d,ouabain_caspase_inhibitor,none,RASouab36CI_RAS36CI,,herranz_2_RASouab36CI_RAS36CI,"PTTG1 regulator of sister chromatid separation, securin",Induces,Unclear,20452981,no_change
5334143,GSE127116,Limma,,IMR,,RAS,none,none,,RASd8,RAS,8d,OIS,none,PRJNA524181,10.00%,WNT2,LTR2,none,No,,0.0,0.0,8.0,Lung,,,,No,1.0,,,3,R,RAS,OIS,No,IonXpress,Single,Human,110,hari,ER:RAS,8d,siLTR2,none,R8siLTR2_R8,,hari_R8siLTR2_R8,Wnt family member 2,Inhibits,Unclear,17643369,no_change
6750764,GSE53379,Limma,Illumin_HWG6V3,IMR,,DDISshp53,p53,none,,Quiesce2dEtopshp53,Etoposide,7d,DDIS,none,PRJNA231867,10.00%,IGFBP5,p53,E1A,No,,-6.007608,-6.026508000000001e+42,,Lung,5.00%,Yes,,No,1.659336e-43,,,3,M,,,No,,,Human,,kirschner_1,,,shp53,none,Ishp53_QD48shp53,1,kirschner_1_Ishp53_QD48shp53,insulin like growth factor binding protein 5,Induces,Replicative,17804819,downregulated
6740228,GSE53379,Limma,Illumin_HWG6V3,IMR,,DDISshp53,p53,none,,Quiesce2dEtopshp53,Etoposide,7d,DDIS,none,PRJNA231867,10.00%,NEDD4,p53,none,No,,0.2509199,5.450544,7.0,Lung,5.00%,Yes,,No,0.1834679,,100uM2d+5d,3,M,Etoposide,DDIS,No,,,Human,,kirschner_1,Etoposide,7d,shp53,none,Dshp53_QD48shp53,1,kirschner_1_Dshp53_QD48shp53,NEDD4 E3 ubiquitin protein ligase,Inhibits,Oncogene-induced,23549616,no_change
97919510,GSE155903,Limma,,IMR,,OIS,none,none,,ER:RAS_4OHT,RAS,6d,OIS,none,PRJNA656038,10%,MCM3AP,none,none,No,,-0.288566482065107,-1.77427312211229,6.0,Lung,,Na,,No,0.563611085315598,,100nM,4,R,RAS,OIS,No,HiSeq_2500,Single,Human,50,Guerrero,ER:RAS,6d,3deazaadenosine,10uM,O3DA_O,Na,Guerrero_O3DA_O,minichromosome maintenance complex component 3 associated protein,Inhibits,Unclear,19686285,no_change
1422429,GSE122918,Limma,Affymetrix_HTA2_0,WI38,,RAS,none,none,,R72_siCTRL,RAS,3d,OIS,none,PRJNA506911,,USP1,RELA,none,No,,-0.675,-393993.0,3.0,Lung,,,,Yes,2.538116e-06,,,4,M,RAS,OIS,No,,,human,,bischof_2,ER:RASv12,3d,siRELA1,20uM,R72relA1_R72ctrl,1,bischof_2_R72relA1_R72ctrl,ubiquitin specific peptidase 1,Inhibits,Oncogene-induced,27160904,no_change
11603234,GSE178115,Limma,Agilent,HDF,,REP,ROCK_ATM,none,,REP_3d,REP,3d,REP,none,PRJNA737497,10%,DNMT3B,none,none,No,,-34.66667,-127.4737,3.0,Skin,,,,Yes,0.007844755,,,3,M,REP,REP,No,,,Human,,Yang,REP,3d,Y27632_KU60019,2.5uM_0.5uM,R3dCOMBOi_R3d,1,Yang_R3dCOMBOi_R3d,DNA methyltransferase 3 beta,Inhibits,Unclear,21572997,downregulated
13789210,GSE190998,Limma,,WI38,5%,Prolif,none,none,,Prolif_siCtrl,Etoposide,8d,DDIS,none,PRJNA789266,10%,MAD2L1,NTRK2,none,No,,-1.98502219146481,-92605.0658363544,8.0,Lung,,0.50%,,No,1.07985453168095e-05,,50uM,3,R,Etoposide,DDIS,No,Illumina_NovaSeq6000,Paired,Human,204,Anerillas_2,Etoposide,8d,siNTRK2,none,DN_P,,Anerillas_2_DN_P,mitotic arrest deficient 2 like 1,Inhibits,Unclear,22170163,downregulated
2646614,GSE134747,Limma,Illumina_HT12V4,BJ,,OIS,none,none,,BRAF_24h_DMSO_2h,RAF,1d,OIS,none,PRJNA556258,,SUMO2,RELA,none,Yes,hTERT,399.3098,45.99569,1.0,Skin,,,,Yes,0.02174117,,1000ng_ml,3,M,RAF,OIS,No,,,human,,carvalho_1,BRAF_doxycycline,1d,compoundA,2uM_2h,O24CpdA2_O24DMSO2,1,carvalho_1_O24CpdA2_O24DMSO2,small ubiquitin like modifier 2,Induces,Unclear,17012228,upregulated
2688007,GSE134747,Limma,Illumina_HT12V4,BJ,,OIS,RELA,none,,BRAF_24h_CpdA_2h,RAF,1d,OIS,none,PRJNA556258,,CKAP2,none,GR,Yes,hTERT,-16.78551,-1904.581,1.0,Skin,,,,Yes,0.0005250498,,1000ng_ml,8,M,RAF,OIS,No,,,human,,carvalho_1,BRAF_doxycycline,1d,clobetasol,2nM_2h,O24Clob2_O24CpdA2,1,carvalho_1_O24Clob2_O24CpdA2,cytoskeleton associated protein 2,Inhibits,Unclear,32264951,downregulated
9891079,GSE74324,Limma,,IMR,,RASwJQ1,BRD4,none,,RASwJQ1,RAS,12d,OIS,none,PRJNA299683,10.00%,BIN1,BRD4,none,No,,0.2806607,457.6128,12.0,Lung,,,,No,0.002185254,,,3,R,RAS,OIS,No,Illumina_HiSeq_2500,Single,Human,100,tasdemir,HRASG12V,12d,shBRD4,none,RASshBRD4_RASwJQ1,,tasdemir_RASshBRD4_RASwJQ1,bridging integrator 1,Induces,Oncogene-induced,18267069,no_change
10256594,GSE132369,Limma,,IMR,5.00%,IR_Parkin,none,Parkin,,IR_Parkin,IR,10d,DDIS,Parkin,PRJNA547764,10.00%,PLK1,mitochondrial,Parkin,No,,-2.025784,-302731411708.0,10.0,Lung,3.00%,Yes,,No,3.303258e-12,,20Gy,3,R,IR,DDIS,No,NextSeq_500,Paired,Human,71,vizioli,Xrays,10d,CCCP,48h12.5uMCCCP2daIR,ICP_IP,,vizioli_ICP_IP,polo like kinase 1,Inhibits,Replicative,23525475,downregulated
9885405,GSE74324,Limma,,IMR,,RASshp16p21,p16_p21,none,,RASshp16p21,RAS,12d,OIS,none,PRJNA299683,10.00%,POT1,p53_pRb,none,No,,1.184472,3422.711,12.0,Lung,,,,No,0.000292166,,,3,R,RAS,OIS,No,Illumina_HiSeq_2500,Single,Human,100,tasdemir,HRASG12V,12d,shp53pRb,none,RASshp53pRb_RASshp16p21,,tasdemir_RASshp53pRb_RASshp16p21,protection of telomeres 1,Inhibits,Replicative,15657433,upregulated
3794741,GSE76125,Limma,,MRC,5.00%,IR,none,none,,I10,IR,10d,DDIS,Parkin,PRJNA306369,10.00%,P3H1,mitochondrial,Parkin,No,,1.573446,2621609.0,10.0,Lung,,Yes,,No,3.814452e-07,,20Gy,3,R,IR,DDIS,No,NextSeq_500,Paired,Human,70,correia_melo,X_rays,10d,CCCP,12.5uM_4d,I10CCCP_I10,,correia_melo_I10CCCP_I10,prolyl 3-hydroxylase 1,Inhibits,Replicative,26206181,upregulated
9746958,GSE74324,Limma,,IMR,,RAS,none,none,,RASshCwDMSO,RAS,12d,OIS,none,PRJNA299683,10.00%,LOX,BRD4,none,No,,-2.264567,-3.916182e+30,12.0,Lung,,,,No,2.5535080000000003e-31,,,3,R,RAS,OIS,No,Illumina_HiSeq_2500,Single,Human,100,tasdemir,HRASG12V,12d,JQ1,100nM_48h,RASwJQ1_RASwDMSO,,tasdemir_RASwJQ1_RASwDMSO,lysyl oxidase,Inhibits,Oncogene-induced,24113189,downregulated
524674,GSE40349,Limma,Affymetrix_U133A,IMR,,RAS,none,none,,RASshLuc,RAS,7d,OIS,none,PRJNA173792,10%,IL6,pRb_E2F7,none,No,,1.722375,31669.85,7.0,Lung,,,,No,3.157578e-05,,,2,M,RAS,OIS,No,,,Human,,aksoy_1,ER:RasV12,7d,shpRb_shE2F7,none,SshRBE2F7_R,1,aksoy_1_SshRBE2F7_R,interleukin 6,Induces,Oncogene-induced,18555778,upregulated
9671970,GSE74324,Limma,,IMR,,RAS,none,none,,RASshC,RAS,12d,OIS,none,PRJNA299683,10.00%,IGFBP3,none,none,No,,-1.38659,-2.912455e+18,12.0,Lung,,,,No,3.433529e-19,,,3,R,RAS,OIS,No,Illumina_HiSeq_2500,Single,Human,100,tasdemir,HRASG12V,12d,DMSO,100nM_48h,RASwDMSO_RAS,,tasdemir_RASwDMSO_RAS,insulin like growth factor binding protein 3,Induces,Stress-induced,18329388,downregulated
5884512,GSE122079,Limma,,IMR,,RAS_ouabain,IONpump,none,14.0,RAS16h_ouab,RAS,7d,OIS,none,PRJNA503415,10.00%,ITSN2,IONpump,none,No,,1.463325,19126107772.0,7.0,Lung,,,14.0,No,5.228455e-11,,,3,R,RAS,OIS,No,Illumina_HiSeq_2500,Single,Human,50,herranz_2,ER_RAS,7d,ouabain,none,RASouab36_RASouab16,,herranz_2_RASouab36_RASouab16,intersectin 2,Induces,Stress-induced,23472054,upregulated
19335851,GSE224070,Limma,,IMR,5%,DDIS,COPB2,none,,50ugmL_Bleomycin_24hr,Bleomycin,10d,DDIS,none,PRJNA929513,10%,RRM2B,COPB2,none,No,,-1.43101557007907,-19.7468896146505,10.0,Lung,,Yes,,No,0.0506408867175763,,100nM_4OHT,3,R,RAS,OIS,No,NextSeq_2000,Single,Human,71,McHugh_1,ER:RAS,10d,shCOPB2,1ugml_Doxycycline,Osh_Dsh,,McHugh_1_Osh_Dsh,ribonucleotide reductase regulatory TP53 inducible subunit M2B,Inhibits,Unclear,23139867,no_change
4395101,GSE101766,Limma,,IMR,,RAS,none,none,14.0,RAS_shC,RAS,6d,OIS,none,PRJNA395386,,AURKB,PLCB1,none,No,,-1.334328,-222.8034,6.0,Lung,,,14.0,No,0.004488263,,,3,R,RAS,OIS,No,Illumina_HiSeq_2500,Single,Human,50,georgilis_1,ER_RAS,6d,PLCB1,none,PLCB1_RASc,,georgilis_1_PLCB1_RASc,aurora kinase B,Inhibits,Unclear,22024481,downregulated
9858604,GSE74324,Limma,,IMR,,RASshRELA,RELA,none,,RASshRELA,RAS,12d,OIS,none,PRJNA299683,10.00%,MAP3K7,p53_pRb,none,No,,-0.02362277,-1.437587,12.0,Lung,,,,No,0.6956103,,,3,R,RAS,OIS,No,Illumina_HiSeq_2500,Single,Human,100,tasdemir,HRASG12V,12d,shp53pRb,none,RASshp53pRb_RASshRELA,,tasdemir_RASshp53pRb_RASshRELA,mitogen-activated protein kinase kinase kinase 7,Induces,Unclear,26583757,no_change
207271,GSE103938,Limma,,IMR,,RAS,none,none,12.0,RAS10d,RAS,10d,OIS,none,PRJNA407729,,SGK1,mTOR,none,No,,0.489176251024377,4.48617559695366,10.0,Lung,,,12.0,No,0.22290701252957,,,3,R,OSKM,OSKM,No,Illumina_HiSeq_2500,Single,Human,50,aarts_1,OSKM,10d,rapamycin,10nM,OSKM10nMRap_R,,aarts_1_OSKM10nMRap_R,serum/glucocorticoid regulated kinase 1,Inhibits,Replicative,26230157,no_change
6899370,GSE108278,Limma,,IMR,,RAS,none,none,,RAS_shC,RAS,10d,OIS,none,PRJNA423028,,ING1,IL1R,none,Yes,hTERT,-0.06757298,-1.289304,10.0,Lung,,,,No,0.7756126,,,2,R,RAS,OIS,No,Illumina_HiSeq_2500,Paired,Human,51,lau,ERT2_RASG12V,10d,shIL1R,none,R10IL_R10,,lau_R10IL_R10,inhibitor of growth family member 1,Induces,Unclear,18691180,no_change
5785119,GSE122079,Limma,,IMR,,RAS,none,none,14.0,RAS_EV36h,RAS,7d,OIS,none,PRJNA503415,10.00%,HRAS,IONpump,none,No,,1.899672,9459345000000000.0,7.0,Lung,,,14.0,No,1.057156e-16,,,3,R,RAS,OIS,No,Illumina_HiSeq_2500,Single,Human,50,herranz_2,ER_RAS,7d,ouabain,none,RASouab36_RAS36,,herranz_2_RASouab36_RAS36,"HRas proto-oncogene, GTPase",Induces,Oncogene-induced,9054499,upregulated
2754586,GSE134747,Limma,Illumina_HT12V4,BJ,,OIS,none,GR,,BRAF_24h_Clob_2h,RAF,1d,OIS,none,PRJNA556258,,NHEJ1,none,GR,Yes,hTERT,-557.3935,-22901199698.0,3.0,Skin,,,,Yes,4.366583e-11,,1000ng_ml,4,M,RAF,OIS,No,,,human,,carvalho_1,BRAF_doxycycline,3d,clobetasol,2nM_2h,O72Clob2_O24Clob2,1,carvalho_1_O72Clob2_O24Clob2,non-homologous end joining factor 1,Inhibits,Replicative,28369633,downregulated
8067728,GSE24810,Limma,Affymetrix_U133A,HMF3A,5%,OIS,none,none,,Inactive_SV40LT_EV,SV40,7d,OIS,none,PRJNA132307,0.25%,SMURF2,p53,none,Yes,hTERT_SV40_LT,-1.046232,-2882208.0,7.0,Skin,20%,Yes,,No,3.469562e-07,,,3,M,SV40,OIS,No,,,Human,,parmjit_1,SV40_LT,7d,GSE_DomNeg_p53,none,SSVp53g_SSVev,1,parmjit_1_SSVp53g_SSVev,SMAD specific E3 ubiquitin protein ligase 2,Induces,Replicative,15574587,downregulated
4536184,GSE101766,Limma,,IMR,,RAS,none,none,14.0,RAS_shC,RAS,6d,OIS,none,PRJNA395386,,MCU,p38,none,No,,1.177353,2210.233,6.0,Lung,,,14.0,No,0.0004524411,,,3,R,RAS,OIS,No,Illumina_HiSeq_2500,Single,Human,50,georgilis_1,ER_RAS,6d,MAPK14,none,MAPK14_RASc,,georgilis_1_MAPK14_RASc,mitochondrial calcium uniporter,Induces,Oncogene-induced,24797322,upregulated
500780,GSE40349,Limma,Affymetrix_U133A,IMR,,RAS,none,none,,RASshLuc,RAS,7d,OIS,none,PRJNA173792,10%,MAGOHB,pRb,none,No,,1.157392,150.1739,7.0,Lung,,,,No,0.006658949,,,2,M,RAS,OIS,No,,,Human,,aksoy_1,ER:RasV12,7d,shpRb,none,SshRB_R,1,aksoy_1_SshRB_R,"mago homolog B, exon junction complex subunit",Inhibits,Replicative,26206181,upregulated
11707765,GSE178115,Limma,Agilent,HDF,,REP,ATM,none,,REP_15d,REP,15d,REP,none,PRJNA737497,10%,CLCA2,none,none,No,,-11.0,-275.6443,15.0,Skin,,,,No,0.003627864,,,3,M,REP,REP,No,,,Human,,Yang,REP,15d,KU60019,0.5uM,R15dATMi_R15d,1,Yang_R15dATMi_R15d,chloride channel accessory 2,Induces,Stress-induced,22431922,downregulated
3664701,GSE2487,Limma,Affymetrix_U133A,IMR,,OIS,none,none,,MEK_ER,MEK,3d,OIS,none,PRJNA91885,,ATG7,none,SmallT,Yes,hTERT,122.05,856.7751,3.0,Lung,,,,Yes,0.001167167,,,2,M,MEK,OIS,No,,,Human,,collado_1,MEK_ER,3d,SmallT,none,Rst_R,1,collado_1_Rst_R,autophagy related 7,Inhibits,Oncogene-induced,19279323,upregulated
9788270,GSE74324,Limma,,IMR,,RASshp53,p53,none,,RASshp53,RAS,12d,OIS,none,PRJNA299683,10.00%,SMURF2,p16_p21,none,No,,-0.3670042,-2783376.0,12.0,Lung,,,,No,3.592759e-07,,,3,R,RAS,OIS,No,Illumina_HiSeq_2500,Single,Human,100,tasdemir,HRASG12V,12d,shp16p21,none,RASshp16p21_RASshp53,,tasdemir_RASshp16p21_RASshp53,SMAD specific E3 ubiquitin protein ligase 2,Induces,Replicative,15574587,no_change
5751737,GSE122079,Limma,,IMR,,RAS,none,none,14.0,RAS_EV36h,RAS,7d,OIS,none,PRJNA503415,10.00%,RAPGEF4,IONpump,none,No,,0.0,0.0,7.0,Lung,,,14.0,No,1.0,,,3,R,RAS,OIS,No,Illumina_HiSeq_2500,Single,Human,50,herranz_2,ER_RAS,7d,digoxin,none,RASdig36_RAS36,,herranz_2_RASdig36_RAS36,Rap guanine nucleotide exchange factor 4,Inhibits,Unclear,24169561,no_change
6714348,GSE53379,Limma,Illumin_HWG6V3,IMR,,DDISshp53,p53,none,,Quiesce1dEtopshp53,Etoposide,7d,DDIS,none,PRJNA231867,10.00%,LOX,p53,E1A,No,,-2.460885,-454177638090.0,,Lung,5.00%,Yes,,No,2.201782e-12,,,3,M,,,No,,,Human,,kirschner_1,,,shp53,none,Ishp53_QD24shp53,1,kirschner_1_Ishp53_QD24shp53,lysyl oxidase,Inhibits,Oncogene-induced,24113189,downregulated
3976359,GSE151745,Limma,,WI38,,DDIS,none,none,,IR_10Gy,IR,8d,DDIS,none,PRJNA637079,,EGR2,G3BP1,none,No,,0.0,0.0,8.0,Lung,,,,No,1.0,,10Gy,2,R,IR,DDIS,No,NextSeq_500,Single,Human,85,gallouzi,IR,8d,siG3BP1,none,IsiG3BP1_I,,gallouzi_IsiG3BP1_I,early growth response 2,Induces,Unclear,33547862,no_change
7877484,GSE62701,Limma,Illumina_HT12V4,WI38,,DDIS,none,none,,DDIS_EV,Etoposide,21d,DDIS,none,PRJNA264903,,KDM1A,H2AJ,none,Yes,hTERT,0.0,0.0,21.0,Lung,,,,No,1.0,,,4,M,Etoposide,DDIS,No,,,Human,,olaso_1,Etoposide,21d,shH2AJ,none,DshH2_D,1,olaso_1_DshH2_D,lysine demethylase 1A,Inhibits,Oncogene-induced,29438700,no_change
10986012,GSE156648,Limma,,IMR,,OIS,none,none,,pBABEHRASG12V,RAS,4d,OIS,none,PRJNA658579,10.00%,CBX8,none,DOT1L,No,,1.628181,634.1634,4.0,Lung,2.00%,,,No,0.001576881,,,3,R,,,No,Illumina_NovaSeq6000,Paired,Human,150,leon,,4d,MSCB-hDot1lwt,none,POE_O,,leon_POE_O,chromobox 8,Inhibits,Unclear,17332741,upregulated
5344947,GSE127116,Limma,,IMR,,RAS,none,none,,RASd8,RAS,8d,OIS,none,PRJNA524181,10.00%,STK32C,LTR10,none,No,,-1.033644,-7595.172,8.0,Lung,,,,No,0.0001316626,,,3,R,RAS,OIS,No,IonXpress,Single,Human,110,hari,ER:RAS,8d,siLTR10,none,R8siLTR10_R8,,hari_R8siLTR10_R8,serine/threonine kinase 32C,Induces,Unclear,26583757,downregulated
198321,GSE103938,Limma,,IMR,,RAS,none,none,12.0,RAS10d,RAS,10d,OIS,none,PRJNA407729,,AGO2,mTOR,none,No,,-2.91620352302585,-31075.1145175796,10.0,Lung,,,12.0,No,3.21800905813006e-05,,,3,R,OSKM,OSKM,No,Illumina_HiSeq_2500,Single,Human,50,aarts_1,OSKM,10d,rapamycin,10nM,OSKM10nMRap_R,,aarts_1_OSKM10nMRap_R,argonaute RISC catalytic component 2,Inhibits,Oncogene-induced,25175024,downregulated
1471367,GSE122918,Limma,Affymetrix_HTA2_0,WI38,,RAS,none,none,,R72_siCTRL,RAS,3d,OIS,none,PRJNA506911,,TNFSF15,RELA,none,No,,0.275,7.018731,6.0,Lung,,,,No,0.1424759,,,4,M,RAS,OIS,No,,,human,,bischof_2,ER:RASv12,6d,siRELA1,20uM,R144relA1_R72ctrl,1,bischof_2_R144relA1_R72ctrl,TNF superfamily member 15,Induces,Replicative,20675618,no_change
5788030,GSE122079,Limma,,IMR,,RAS,none,none,14.0,RAS_EV36h,RAS,7d,OIS,none,PRJNA503415,10.00%,PIN1,IONpump,none,No,,-1.514188,-6517064107.0,7.0,Lung,,,14.0,No,1.534433e-10,,,3,R,RAS,OIS,No,Illumina_HiSeq_2500,Single,Human,50,herranz_2,ER_RAS,7d,ouabain,none,RASouab36_RAS36,,herranz_2_RASouab36_RAS36,"peptidylprolyl cis/trans isomerase, NIMA-interacting 1",Induces,Replicative,28986099,downregulated
11633392,GSE178115,Limma,Agilent,HDF,,REP,ROCK,none,,REP_8d,REP,8d,REP,none,PRJNA737497,10%,PLA2G2A,none,none,No,,-4.833333,-6.652373,8.0,Skin,,,,No,0.1503223,,,3,M,REP,REP,No,,,Human,,Yang,REP,8d,Y27632,2.5uM,R8dROCKi_R8d,1,Yang_R8dROCKi_R8d,phospholipase A2 group IIA,Induces,Replicative,19197340,no_change
5752714,GSE122079,Limma,,IMR,,RAS,none,none,14.0,RAS_EV36h,RAS,7d,OIS,none,PRJNA503415,10.00%,SIX1,IONpump,none,No,,-1.152809,-3904.787,7.0,Lung,,,14.0,No,0.0002560959,,,3,R,RAS,OIS,No,Illumina_HiSeq_2500,Single,Human,50,herranz_2,ER_RAS,7d,digoxin,none,RASdig36_RAS36,,herranz_2_RASdig36_RAS36,SIX homeobox 1,Inhibits,Oncogene-induced,26500063,downregulated
2625947,GSE134747,Limma,Illumina_HT12V4,BJ,,OIS,none,none,,BRAF_24h_DMSO_2h,RAF,1d,OIS,none,PRJNA556258,,CENPA,none,GR,Yes,hTERT,23.5784,2.454802,1.0,Skin,,,,Yes,0.4073648,,1000ng_ml,8,M,RAF,OIS,No,,,human,,carvalho_1,BRAF_doxycycline,1d,clobetasol,2nM_2h,O24Clob2_O24DMSO2,1,carvalho_1_O24Clob2_O24DMSO2,centromere protein A,Inhibits,Unclear,20160010,no_change
1457988,GSE122918,Limma,Affymetrix_HTA2_0,WI38,,RAS,none,none,,R72_siCTRL,RAS,3d,OIS,none,PRJNA506911,,SOD1,JUN,none,No,,0.2,51.27936,6.0,Lung,,,,No,0.01950102,,,4,M,RAS,OIS,No,,,human,,bischof_2,ER:RASv12,6d,siJUN1,20uM,R144jun1_R72ctrl,1,bischof_2_R144jun1_R72ctrl,superoxide dismutase 1,Inhibits,Unclear,12871978,no_change
9767715,GSE74324,Limma,,IMR,,RASshp53,p53,none,,RASshp53,RAS,12d,OIS,none,PRJNA299683,10.00%,CARM1,RELA,none,No,,0.2019719,1960.312,12.0,Lung,,,,No,0.0005101228,,,3,R,RAS,OIS,No,Illumina_HiSeq_2500,Single,Human,100,tasdemir,HRASG12V,12d,shRELA,none,RASshRELA_RASshp53,,tasdemir_RASshRELA_RASshp53,coactivator associated arginine methyltransferase 1,Inhibits,Replicative,23837869,no_change
534689,GSE40349,Limma,Affymetrix_U133A,IMR,,RAS,pRb,none,,RASshRB,RAS,7d,OIS,none,PRJNA173792,10%,CYB5R3,E2F7,none,No,,2.121639,16122.76,7.0,Lung,,,,No,6.202413e-05,,,2,M,RAS,OIS,No,,,Human,,aksoy_1,ER:RasV12,7d,ShE2F7,none,SshE2F7_SshRB,1,aksoy_1_SshE2F7_SshRB,cytochrome b5 reductase 3,Inhibits,Unclear,24450884,upregulated
3559027,GSE19864,Limma,Affymetrix_U133A,IMR,,RAS,none,none,,RAS,RAS,7d,OIS,none,PRJNA124029,10.0%,NDST2,p107,none,No,,-1.43915,-23978.89,7.0,Lung,,,,No,4.170334e-05,,,2,M,RAS,OIS,No,,,Human,,chicas_1,H-rasV12,7d,shp107,none,Rshp107_R,1,chicas_1_Rshp107_R,N-deacetylase and N-sulfotransferase 2,Induces,Oncogene-induced,27737960,downregulated
8422770,GSE113060,Limma,,IMR,,RAS,none,none,26.0,RAS_EV,RAS,6d,OIS,none,PRJNA449912,,MAPK1,HMGA1,none,No,,-1.08945,-4982.799,6.0,Lung,,,26.0,No,0.0002006904,,,6,R,RAS,OIS,No,Illumina_HiSeq_2500,Single,Human,50,parry,ER_HRASG12V,6d,shHMGA1,none,RASshHMGA1_RAS,,parry_RASshHMGA1_RAS,mitogen-activated protein kinase 1,Induces,Oncogene-induced,23599344,downregulated
10954583,GSE156648,Limma,,IMR,,OIS,none,none,,RAS,RAS,4d,OIS,none,PRJNA658579,10.00%,HSF1,DOT1L,none,No,,-0.5007263,-53285.54,4.0,Lung,2.00%,,,No,1.876682e-05,,,3,R,RAS,OIS,No,Illumina_NovaSeq6000,Paired,Human,150,leon,pBABEHRASG12V,4d,pLKO.1_shDOT1L,none,OKD_O,,leon_OKD_O,heat shock transcription factor 1,Inhibits,Stress-induced,22510478,no_change
3701528,GSE2487,Limma,Affymetrix_U133A,IMR,,OIS,none,SmallT,,MEK_ER_SmallT,MEK,3d,OIS,none,PRJNA91885,,ANXA5,none,E6_E7,Yes,hTERT,-1204.45,-28.04727,,Lung,,,,No,0.03565409,,,2,M,,,No,,,Human,,collado_1,,,E6_E7,none,RE67_Rst,1,collado_1_RE67_Rst,annexin A5,Inhibits,Replicative,22728018,downregulated
6748851,GSE53379,Limma,Illumin_HWG6V3,IMR,,DDISshp53,p53,none,,Quiesce2dEtopshp53,Etoposide,7d,DDIS,none,PRJNA231867,10.00%,DPP4,p53,E1A,No,,-2.685107,-4.179206e+16,,Lung,5.00%,Yes,,No,2.3927990000000003e-17,,,3,M,,,No,,,Human,,kirschner_1,,,shp53,none,Ishp53_QD48shp53,1,kirschner_1_Ishp53_QD48shp53,dipeptidyl peptidase 4,Induces,Oncogene-induced,29481642,downregulated
11631582,GSE178115,Limma,Agilent,HDF,,REP,ROCK,none,,REP_8d,REP,8d,REP,none,PRJNA737497,10%,NF1,none,none,No,,-34.66667,-52.62822,8.0,Skin,,,,No,0.01900121,,,3,M,REP,REP,No,,,Human,,Yang,REP,8d,Y27632,2.5uM,R8dROCKi_R8d,1,Yang_R8dROCKi_R8d,neurofibromin 1,Inhibits,Oncogene-induced,25824590,downregulated
497485,GSE40349,Limma,Affymetrix_U133A,IMR,,RAS,none,none,,RASshLuc,RAS,7d,OIS,none,PRJNA173792,10%,CTNNB1,pRb,none,No,,1.167557,1186.965,7.0,Lung,,,,No,0.0008424847,,,2,M,RAS,OIS,No,,,Human,,aksoy_1,ER:RasV12,7d,shpRb,none,SshRB_R,1,aksoy_1_SshRB_R,catenin beta 1,Induces,Unclear,24130040,upregulated
2626934,GSE134747,Limma,Illumina_HT12V4,BJ,,OIS,none,none,,BRAF_24h_DMSO_2h,RAF,1d,OIS,none,PRJNA556258,,DNMT1,none,GR,Yes,hTERT,-7.666982,-41.15875,1.0,Skin,,,,Yes,0.02429617,,1000ng_ml,8,M,RAF,OIS,No,,,human,,carvalho_1,BRAF_doxycycline,1d,clobetasol,2nM_2h,O24Clob2_O24DMSO2,1,carvalho_1_O24Clob2_O24DMSO2,DNA methyltransferase 1,Inhibits,Unclear,21572997,downregulated
6702334,GSE53379,Limma,Illumin_HWG6V3,IMR,,DDISshp53,p53,none,,Quiesce1dEtopshp53,Etoposide,7d,DDIS,none,PRJNA231867,10.00%,MCU,p53,none,No,,0.0,0.0,7.0,Lung,5.00%,Yes,,No,1.0,,100uM2d+5d,3,M,Etoposide,DDIS,No,,,Human,,kirschner_1,Etoposide,7d,shp53,none,Dshp53_QD24shp53,1,kirschner_1_Dshp53_QD24shp53,mitochondrial calcium uniporter,Induces,Oncogene-induced,24797322,no_change
8350543,GSE24810,Limma,Affymetrix_U133A,HMF3A,5%,OISshp21,p21,none,,Active_SV40LT_shp21,SV40,7d,OIS,none,PRJNA132307,0.25%,PPARG,p53,none,Yes,hTERT_SV40_LT,0.6733077,506.6269,7.0,Skin,20%,Yes,,No,0.001973839,,,3,M,SV40,OIS,No,,,Human,,parmjit_1,SV40_LT,7d,shp53,none,SSVp53sh_SSVp21sh,1,parmjit_1_SSVp53sh_SSVp21sh,peroxisome proliferator activated receptor gamma,Induces,Replicative,18544633,no_change
2627124,GSE134747,Limma,Illumina_HT12V4,BJ,,OIS,none,none,,BRAF_24h_DMSO_2h,RAF,1d,OIS,none,PRJNA556258,,EEF1E1,none,GR,Yes,hTERT,-8.317256,-34.36323,1.0,Skin,,,,Yes,0.02910087,,1000ng_ml,8,M,RAF,OIS,No,,,human,,carvalho_1,BRAF_doxycycline,1d,clobetasol,2nM_2h,O24Clob2_O24DMSO2,1,carvalho_1_O24Clob2_O24DMSO2,eukaryotic translation elongation factor 1 epsilon 1,Induces,Unclear,25465621,downregulated
11593110,GSE178115,Limma,Agilent,HDF,,REP,ATM,none,,REP_3d,REP,3d,REP,none,PRJNA737497,10%,SAT2,none,none,No,,-2128.333,-30.37699,3.0,Skin,,,,Yes,0.03291965,,,3,M,REP,REP,No,,,Human,,Yang,REP,3d,KU60019,0.5uM,R3dATMi_R3d,1,Yang_R3dATMi_R3d,spermidine/spermine N1-acetyltransferase family member 2,Inhibits,Unclear,26611489,downregulated
5810239,GSE122079,Limma,,IMR,,RAS_ouabain,IONpump,none,14.0,RAS16h_ouab,RAS,6d,OIS,none,PRJNA503415,10.00%,ITPR2,IONpump,none,No,,-1.218861,-778.3046,6.0,Lung,,,14.0,No,0.001284844,,,3,R,RAS,OIS,No,Illumina_HiSeq_2500,Single,Human,50,herranz_2,ER_RAS,6d,digoxin,none,RASdig16_RASouab16,,herranz_2_RASdig16_RASouab16,"inositol 1,4,5-trisphosphate receptor type 2",Induces,Oncogene-induced,24797322,downregulated
1536637,GSE122918,Limma,Affymetrix_HTA2_0,WI38,,RAS,RELA,none,,R72_siRELA1,RAS,3d,OIS,none,PRJNA506911,,CDK6,JUN,none,No,,1.1,383655718609.0,6.0,Lung,,,,No,2.606504e-12,,,4,M,RAS,OIS,No,,,human,,bischof_2,ER:RASv12,6d,siJUN1,20uM,R144jun1_R72relA1,1,bischof_2_R144jun1_R72relA1,cyclin dependent kinase 6,Inhibits,Replicative,12082615,upregulated
3703003,GSE2487,Limma,Affymetrix_U133A,IMR,,OIS,none,SmallT,,MEK_ER_SmallT,MEK,3d,OIS,none,PRJNA91885,,CKAP2,none,E6_E7,Yes,hTERT,-7.2,-1.903541,,Lung,,,,No,0.5253367,,,2,M,,,No,,,Human,,collado_1,,,E6_E7,none,RE67_Rst,1,collado_1_RE67_Rst,cytoskeleton associated protein 2,Inhibits,Unclear,32264951,no_change
10426961,GSE133292,Limma,,BJ,,Bleomycin,none,none,,Bleomycin12d,Bleomycin,12d,DDIS,none,PRJNA551006,10.00%,ID1,p53,none,No,,1.221152,50923.81,28.0,Skin,,,,No,1.963718e-05,,40ugml_2hr,2,R,Bleomycin,DDIS,No,Illumina_HiSeq_2500,Paired,Human,250,wang_2,Bleomycin,28d,sgp53,none,Bshp53_B12d,,wang_2_Bshp53_B12d,"inhibitor of DNA binding 1, HLH protein",Inhibits,Replicative,12177246,upregulated
11094716,GSE144752,Limma,,BJ,,OIS,none,none,,BRAF_2d_1uM4OHT,BRAF,3d,OIS,none,PRJNA604779,10.00%,BTG3,MIR31HG,none,Yes,hTERT,-1.284572,-1576592.0,3.0,Skin,,,,Yes,6.342796e-07,,2d_1uM4OHT,3,R,RAF,OIS,No,NextSeq_500,Single,Human,75,montes,BRAFE600,3d,siMIR31HG,none,OMKD_O,,montes_OMKD_O,BTG anti-proliferation factor 3,Inhibits,Oncogene-induced,22020331,downregulated
16013512,GSE196610,Limma,,IMR,5%,DDIS,none,Parkin,,IR_ParkinYFP,IR,10d,DDIS,none,PRJNA806156,10.00%,XAF1,none,Parkin,No,,-4.73803974026468,-330764735172.421,10.0,Lung,3%,,,No,3.0232969046072e-12,,20Gy,3,R,IR,DDIS,No,Illumina_NovaSeq6000,Paired,Human,202,Victorelli,IR,10d,CCCP,12uM,DPC_DP,,Victorelli_DPC_DP,XIAP associated factor 1,Induces,Stress-induced,26802028,downregulated
2639152,GSE134747,Limma,Illumina_HT12V4,BJ,,OIS,none,none,,BRAF_24h_DMSO_2h,RAF,1d,OIS,none,PRJNA556258,,DGCR8,RELA,none,Yes,hTERT,23.35629,162.4718,1.0,Skin,,,,Yes,0.006154916,,1000ng_ml,3,M,RAF,OIS,No,,,human,,carvalho_1,BRAF_doxycycline,1d,compoundA,2uM_2h,O24CpdA2_O24DMSO2,1,carvalho_1_O24CpdA2_O24DMSO2,DGCR8 microprocessor complex subunit,Inhibits,Unclear,23773483,upregulated
3673737,GSE2487,Limma,Affymetrix_U133A,IMR,,OIS,none,none,,MEK_ER,MEK,3d,OIS,none,PRJNA91885,,SPOP,none,SmallT,Yes,hTERT,-262.55,-1759.827,3.0,Lung,,,,Yes,0.0005682376,,,2,M,MEK,OIS,No,,,Human,,collado_1,MEK_ER,3d,SmallT,none,Rst_R,1,collado_1_Rst_R,speckle type BTB/POZ protein,Induces,Oncogene-induced,26527005,downregulated
3698429,GSE2487,Limma,Affymetrix_U133A,IMR,,OIS,none,none,,MEK_ER,MEK,3d,OIS,none,PRJNA91885,,SP1,none,SmallT_E6_E7,Yes,hTERT,-44.4,-35.86032,,Lung,,,,No,0.02788598,,,2,M,,,No,,,Human,,collado_1,,,SmallT_E6_E7,none,RstE67_R,1,collado_1_RstE67_R,Sp1 transcription factor,Induces,Unclear,17225865,downregulated
78968100,GSE190998,Limma,,WI38,5%,DDIS,none,none,,Etoposide_siCtrl,Etoposide,8d,DDIS,none,PRJNA789266,10%,VDR,NTRK2,none,No,,0.218431591465096,12.0168312440835,8.0,Lung,,0.50%,,No,0.0832166134056636,,50uM,3,R,Etoposide,DDIS,No,Illumina_NovaSeq6000,Paired,Human,204,Anerillas_2,Etoposide,8d,siNTRK2,none,DN_D,,Anerillas_2_DN_D,vitamin D receptor,Inhibits,Oncogene-induced,27041576,no_change
10429137,GSE133292,Limma,,BJ,,Bleomycin,none,none,,Bleomycin12d,Bleomycin,12d,DDIS,none,PRJNA551006,10.00%,NSUN2,p53,none,No,,0.3048297,99.76713,28.0,Skin,,,,No,0.01002334,,40ugml_2hr,2,R,Bleomycin,DDIS,No,Illumina_HiSeq_2500,Paired,Human,250,wang_2,Bleomycin,28d,sgp53,none,Bshp53_B12d,,wang_2_Bshp53_B12d,NOP2/Sun RNA methyltransferase 2,Inhibits,Replicative,26687548,no_change
1455730,GSE122918,Limma,Affymetrix_HTA2_0,WI38,,RAS,none,none,,R72_siCTRL,RAS,3d,OIS,none,PRJNA506911,,PIN1,JUN,none,No,,-0.425,-356014.3,6.0,Lung,,,,No,2.808876e-06,,,4,M,RAS,OIS,No,,,human,,bischof_2,ER:RASv12,6d,siJUN1,20uM,R144jun1_R72ctrl,1,bischof_2_R144jun1_R72ctrl,"peptidylprolyl cis/trans isomerase, NIMA-interacting 1",Induces,Replicative,28986099,no_change
192281,GSE103938,Limma,,IMR,,RAS,none,none,12.0,RAS10d,RAS,10d,OIS,none,PRJNA407729,,NEK4,mTOR,none,No,,-1.46146916526381,-56.1200839545704,10.0,Lung,,,12.0,No,0.0178189327159508,,,3,R,OSKM,OSKM,No,Illumina_HiSeq_2500,Single,Human,50,aarts_1,OSKM,10d,rapamycin,1nM,OSKM1nMRap_R,,aarts_1_OSKM1nMRap_R,NIMA related kinase 4,Induces,Replicative,22851694,downregulated
11730754,GSE178115,Limma,Agilent,HDF,,REP,ROCK_ATM,none,,REP_15d,REP,15d,REP,none,PRJNA737497,10%,EIF4EBP1,none,none,No,,2462.333,13512.65,15.0,Skin,,,,No,7.400474e-05,,,3,M,REP,REP,No,,,Human,,Yang,REP,15d,Y27632_KU60019,2.5uM_0.5uM,R15dCOMBOi_R15d,1,Yang_R15dCOMBOi_R15d,eukaryotic translation initiation factor 4E binding protein 1,Inhibits,Oncogene-induced,19878875,upregulated
5814932,GSE122079,Limma,,IMR,,RAS_ouabain,IONpump,none,14.0,RAS16h_ouab,RAS,6d,OIS,none,PRJNA503415,10.00%,SMURF2,IONpump,none,No,,-0.6568866,-18154.76,6.0,Lung,,,14.0,No,5.508198e-05,,,3,R,RAS,OIS,No,Illumina_HiSeq_2500,Single,Human,50,herranz_2,ER_RAS,6d,digoxin,none,RASdig16_RASouab16,,herranz_2_RASdig16_RASouab16,SMAD specific E3 ubiquitin protein ligase 2,Induces,Replicative,15574587,no_change
2638186,GSE134747,Limma,Illumina_HT12V4,BJ,,OIS,none,none,,BRAF_24h_DMSO_2h,RAF,1d,OIS,none,PRJNA556258,,CD34,RELA,none,Yes,hTERT,-152.4098,-47886.71,1.0,Skin,,,,Yes,2.088262e-05,,1000ng_ml,3,M,RAF,OIS,No,,,human,,carvalho_1,BRAF_doxycycline,1d,compoundA,2uM_2h,O24CpdA2_O24DMSO2,1,carvalho_1_O24CpdA2_O24DMSO2,CD34 molecule,Induces,Unclear,25879198,downregulated
4378409,GSE101766,Limma,,IMR,,RAS,none,none,14.0,RAS_shC,RAS,6d,OIS,none,PRJNA395386,,SAT2,NRG1,none,No,,-0.4225111,-404.6682,6.0,Lung,,,14.0,No,0.00247116,,,3,R,RAS,OIS,No,Illumina_HiSeq_2500,Single,Human,50,georgilis_1,ER_RAS,6d,NRG1,none,NRG1_RASc,,georgilis_1_NRG1_RASc,spermidine/spermine N1-acetyltransferase family member 2,Inhibits,Unclear,26611489,no_change
10413191,GSE133292,Limma,,BJ,,Bleomycin,none,none,,Bleomycin28d,Bleomycin,28d,DDIS,none,PRJNA551006,10.00%,EWSR1,p53,none,No,,1.232836,310439.9,28.0,Skin,,,,No,3.221235e-06,,40ugml_2hr,2,R,Bleomycin,DDIS,No,Illumina_HiSeq_2500,Paired,Human,250,wang_2,Bleomycin,28d,sgp53,none,Bshp53_B28d,,wang_2_Bshp53_B28d,EWS RNA binding protein 1,Induces,Unclear,21030557,upregulated
8375821,GSE24810,Limma,Affymetrix_U133A,HMF3A,5%,OISshp53,p53,none,,Active_SV40LT_shp53,SV40,7d,OIS,none,PRJNA132307,0.25%,RAD21,laminA,none,Yes,hTERT_SV40_LT,-1.044526,-5818897000000.0,7.0,Skin,20%,Yes,,No,1.718539e-13,,,3,M,SV40,OIS,No,,,Human,,parmjit_1,SV40_LT,7d,shLaminA,none,SSVLA_SSVp53sh,1,parmjit_1_SSVLA_SSVp53sh,RAD21 cohesin complex component,Inhibits,Unclear,26529363,downregulated
4106244,GSE101766,Limma,,IMR,,RAS,none,none,14.0,RAS_shC,RAS,6d,OIS,none,PRJNA395386,,SENP1,ASB15,none,No,,0.0,0.0,6.0,Lung,,,14.0,No,1.0,,,3,R,RAS,OIS,No,Illumina_HiSeq_2500,Single,Human,50,georgilis_1,ER_RAS,6d,ASB15,none,ASB15_RASc,,georgilis_1_ASB15_RASc,SUMO specific peptidase 1,Inhibits,Unclear,18616636,no_change
4254785,GSE101766,Limma,,IMR,,RAS,none,none,14.0,RAS_shC,RAS,6d,OIS,none,PRJNA395386,,SENP7,IFNA17,none,No,,0.0,0.0,6.0,Lung,,,14.0,No,1.0,,,3,R,RAS,OIS,No,Illumina_HiSeq_2500,Single,Human,50,georgilis_1,ER_RAS,6d,IFNA17,none,IFNA17_RASc,,georgilis_1_IFNA17_RASc,SUMO specific peptidase 7,Inhibits,Unclear,18616636,no_change
2606488,GSE134747,Limma,Illumina_HT12V4,BJ,,OIS,none,GR,,BRAF_48h_Clob_2h,RAF,2d,OIS,none,PRJNA556258,,PAK4,none,GR,Yes,hTERT,38.57417,36056347.0,3.0,Skin,,,,Yes,2.773437e-08,,1000ng_ml,4,M,RAF,OIS,No,,,human,,carvalho_1,BRAF_doxycycline,3d,clobetasol,2nM_2h,O72Clob2_O48Clob2,1,carvalho_1_O72Clob2_O48Clob2,p21 (RAC1) activated kinase 4,Induces,Unclear,26583757,upregulated
6619443,GSE53379,Limma,Illumin_HWG6V3,IMR,,DDIS,none,none,,DDIS,Etoposide,7d,DDIS,none,PRJNA231867,10.00%,SMARCA4,p53,none,No,,0.4313301,929.2982,7.0,Lung,5.00%,Yes,,No,0.001076081,,10dPuromycin,3,M,RAS,OIS,No,,,Human,,kirschner_1,H-RASG12V,7d,shp53,none,Rshp53_D,1,kirschner_1_Rshp53_D,"SWI/SNF related, matrix associated, actin dependent regulator of chromatin, subfamily a, member 4",Inhibits,Replicative,20697355,no_change
5763075,GSE122079,Limma,,IMR,,RAS_caspase_inhibitor,caspase,none,14.0,RAS_EV36hCI,RAS,7d,OIS,none,PRJNA503415,10.00%,PDPK1,IONpump,none,No,,-0.8368523,-54247.7,7.0,Lung,,,14.0,No,1.843396e-05,,,3,R,RAS,OIS,No,Illumina_HiSeq_2500,Single,Human,50,herranz_2,ER_RAS,7d,digoxin_caspase_inhibitor,none,RASdig36CI_RAS36CI,,herranz_2_RASdig36CI_RAS36CI,3-phosphoinositide dependent protein kinase 1,Induces,Unclear,26583757,no_change
3669363,GSE2487,Limma,Affymetrix_U133A,IMR,,OIS,none,none,,MEK_ER,MEK,3d,OIS,none,PRJNA91885,,LOXL2,none,SmallT,Yes,hTERT,93.05,29.52832,3.0,Lung,,,,Yes,0.03386579,,,2,M,MEK,OIS,No,,,Human,,collado_1,MEK_ER,3d,SmallT,none,Rst_R,1,collado_1_Rst_R,lysyl oxidase like 2,Inhibits,Oncogene-induced,24113189,upregulated
11706944,GSE178115,Limma,Agilent,HDF,,REP,ATM,none,,REP_15d,REP,15d,REP,none,PRJNA737497,10%,CBX7,none,none,No,,-216.5,-68.08132,15.0,Skin,,,,No,0.01468832,,,3,M,REP,REP,No,,,Human,,Yang,REP,15d,KU60019,0.5uM,R15dATMi_R15d,1,Yang_R15dATMi_R15d,chromobox 7,Inhibits,Replicative,14647293,downregulated
4206143,GSE101766,Limma,,IMR,,RAS,none,none,14.0,RAS_shC,RAS,6d,OIS,none,PRJNA395386,,STAT3,EMR4,none,No,,0.5885181,32.19272,6.0,Lung,,,14.0,No,0.03106293,,,3,R,RAS,OIS,No,Illumina_HiSeq_2500,Single,Human,50,georgilis_1,ER_RAS,6d,EMR4,none,EMR4_RASc,,georgilis_1_EMR4_RASc,signal transducer and activator of transcription 3,Induces,Oncogene-induced,22374671,no_change
9840070,GSE74324,Limma,,IMR,,RASshBRD4,BRD4,none,,RASshBRD4,RAS,12d,OIS,none,PRJNA299683,10.00%,ZNF217,p53_pRb,none,No,,2.212304,1.455568e+21,12.0,Lung,,,,No,6.870172e-22,,,3,R,RAS,OIS,No,Illumina_HiSeq_2500,Single,Human,100,tasdemir,HRASG12V,12d,shp53pRb,none,RASshp53pRb_RASshBRD4,,tasdemir_RASshp53pRb_RASshBRD4,zinc finger protein 217,Inhibits,Replicative,11245413,upregulated
5731876,GSE122079,Limma,,IMR,,RAS,none,none,14.0,RAS_EV16h,RAS,6d,OIS,none,PRJNA503415,10.00%,ATP6V0A2,IONpump,none,No,,-1.145163,-3674.519,6.0,Lung,,,14.0,No,0.0002721444,,,3,R,RAS,OIS,No,Illumina_HiSeq_2500,Single,Human,50,herranz_2,ER_RAS,6d,digoxin,none,RASdig16_RAS16,,herranz_2_RASdig16_RAS16,ATPase H+ transporting V0 subunit a2,Inhibits,Unclear,26611489,downregulated
11467716,GSE145650,Limma,,IMR,5.00%,OIS,none,none,,ER_RAS_G12V,RAS,6d,OIS,none,PRJNA607798,10.00%,PRKCD,COX2,none,No,,1.005211,2.890793e+17,6.0,Lung,5.00%,,,No,3.459259e-18,,6d_100nM4OHT,8,R,RAS,OIS,No,Illumina_HiSeq_4000,Paired,Human,,hoare_3,ER_RAS_G12V,6d,Celecoxib,6d_40uM,OC_O,,hoare_3_OC_O,protein kinase C delta,Induces,Replicative,19279193,upregulated
2641593,GSE134747,Limma,Illumina_HT12V4,BJ,,OIS,none,none,,BRAF_24h_DMSO_2h,RAF,1d,OIS,none,PRJNA556258,,KDM2B,RELA,none,Yes,hTERT,-11.34842,-39.89721,1.0,Skin,,,,Yes,0.02506441,,1000ng_ml,3,M,RAF,OIS,No,,,human,,carvalho_1,BRAF_doxycycline,1d,compoundA,2uM_2h,O24CpdA2_O24DMSO2,1,carvalho_1_O24CpdA2_O24DMSO2,lysine demethylase 2B,Inhibits,Replicative,21757686,downregulated
5980047,GSE42368,Limma,Illumina_HT12V3,FL2,,DDIS,none,none,,Dox,Dox,1d,DDIS,none,PRJNA181197,,CARM1,DINO,none,No,,-689.2683,-20.27371,1.0,Lung,,,,Yes,0.04932496,,200ng/ml_1d,3,M,Doxorubicin,DDIS,No,,,Human,,hung_1,Dox,1d,shDINO,none,DshDINO_D,1,hung_1_DshDINO_D,coactivator associated arginine methyltransferase 1,Inhibits,Replicative,23837869,downregulated
5748216,GSE122079,Limma,,IMR,,RAS,none,none,14.0,RAS_EV36h,RAS,7d,OIS,none,PRJNA503415,10.00%,ING1,IONpump,none,No,,1.012848,376756.9,7.0,Lung,,,14.0,No,2.654231e-06,,,3,R,RAS,OIS,No,Illumina_HiSeq_2500,Single,Human,50,herranz_2,ER_RAS,7d,digoxin,none,RASdig36_RAS36,,herranz_2_RASdig36_RAS36,inhibitor of growth family member 1,Induces,Unclear,18691180,upregulated
5857905,GSE122079,Limma,,IMR,,RAS_digoxin,IONpump,none,14.0,RAS16h_dig,RAS,7d,OIS,none,PRJNA503415,10.00%,ELOA,IONpump,none,No,,1.028052,1451699.0,7.0,Lung,,,14.0,No,6.888479e-07,,,3,R,RAS,OIS,No,Illumina_HiSeq_2500,Single,Human,50,herranz_2,ER_RAS,7d,digoxin,none,RASdig36_RASdig16,,herranz_2_RASdig36_RASdig16,elongin A,Inhibits,Unclear,32264951,upregulated
5341696,GSE127116,Limma,,IMR,,RAS,none,none,,RASd8,RAS,8d,OIS,none,PRJNA524181,10.00%,NOX4,LTR10,none,No,,1.657577,326486.3,8.0,Lung,,,,No,3.062916e-06,,,3,R,RAS,OIS,No,IonXpress,Single,Human,110,hari,ER:RAS,8d,siLTR10,none,R8siLTR10_R8,,hari_R8siLTR10_R8,NADPH oxidase 4,Induces,Oncogene-induced,20523116,upregulated
3586450,GSE19864,Limma,Affymetrix_U133A,IMR,,RAS_shpRb,pRb,none,,RAS_shpRb,RAS,7d,OIS,none,PRJNA124029,10.0%,SFRP1,p107,none,No,,-1.720169,-22.08335,7.0,Lung,,,,No,0.04528299,,,2,M,RAS,OIS,No,,,Human,,chicas_1,H-rasV12,7d,shp107,none,Rshp107_RshRB,1,chicas_1_Rshp107_RshRB,secreted frizzled related protein 1,Induces,Stress-induced,22927647,downregulated
11312579,GSE124609,Limma,,WI38,,REP,none,none,,Prolif,REP,4d,REP,none,PRJNA512837,,TP53INP1,none,none,No,,-1.530267,-98.8792,4.0,Lung,,1.00%,,No,0.01011335,,,2,R,REP,REP,No,Illumina_HiSeq_2000,Single,Human,51,sabath,REP,4d,HeatShock,2hr_440C_onD4,RHS_R,,sabath_RHS_R,tumor protein p53 inducible nuclear protein 1,Induces,Stress-induced,21093163,downregulated
3591140,GSE19864,Limma,Affymetrix_U133A,IMR,,RAS_shpRb,pRb,none,,RAS_shpRb,RAS,7d,OIS,none,PRJNA124029,10.0%,CBX5,p130,none,No,,-1.565418,-29987.23,7.0,Lung,,,,No,3.334753e-05,,,2,M,RAS,OIS,No,,,Human,,chicas_1,H-rasV12,7d,shp130,none,Rshp130_RshRB,1,chicas_1_Rshp130_RshRB,chromobox 5,Inhibits,Unclear,26160351,downregulated
11378790,GSE200479,Limma,,BJ,5%,OIS,none,none,,AKT1,AKT1,14d,OIS,none,PRJNA824798,15%,ZMPSTE24,p53,none,Yes,hTERT,-0.1021071,-2.108631,14.0,Skin,,,,No,0.4742413,,,3,R,AKT,OIS,No,Illumina_NextSeq_500,Single,Human,75,Zhu,myristoylated_AKT1,14d,shp53,none,Oshtp53_O,,Zhu_Oshtp53_O,zinc metallopeptidase STE24,Inhibits,Replicative,24101728,no_change
10159792,GSE132370,Limma,,IMR,5.00%,IR,none,none,,ProlifEV,IR,10d,DDIS,none,PRJNA547766,10.00%,SPHK1,HDAC,none,No,,-1.185984,-419.1066,10.0,Lung,3.00%,Yes,,No,0.002386028,,20Gy,3,R,IR,DDIS,No,NextSeq_500,Paired,Human,70,vizioli_2,Xrays,10d,TSA,100nM,It_I,,vizioli_2_It_I,sphingosine kinase 1,Inhibits,Replicative,30885289,downregulated
30910531,GSE224071,Limma,,IMR,5%,OIS,none,none,,RAS_100nM4OHT_3daysDDD86481,RAS,10d,OIS,none,PRJNA929514,10%,RHOA,none,none,No,,-0.218446907798822,-3.66895537230687,10.0,Lung,,Yes,,No,0.272557144616138,,100nM_4OHT_7days,3,R,RAS,OIS,No,NextSeq_2000,Single,Human,71,McHugh_2,RAS,10d,IMP1088,300nM,OIMP_ODDD,,McHugh_2_OIMP_ODDD,ras homolog family member A,Inhibits,Oncogene-induced,19147561,no_change
8423876,GSE113060,Limma,,IMR,,RAS,none,none,26.0,RAS_EV,RAS,6d,OIS,none,PRJNA449912,,NRF1,HMGA1,none,No,,-0.9460936,-127.2133,6.0,Lung,,,26.0,No,0.007860814,,,6,R,RAS,OIS,No,Illumina_HiSeq_2500,Single,Human,50,parry,ER_HRASG12V,6d,shHMGA1,none,RASshHMGA1_RAS,,parry_RASshHMGA1_RAS,nuclear respiratory factor 1,Inhibits,Unclear,30486409,no_change
4274939,GSE101766,Limma,,IMR,,RAS,none,none,14.0,RAS_shC,RAS,6d,OIS,none,PRJNA395386,,HNRNPAB,IL17RE,none,No,,-0.364439,-52.49169,6.0,Lung,,,14.0,No,0.01905063,,,3,R,RAS,OIS,No,Illumina_HiSeq_2500,Single,Human,50,georgilis_1,ER_RAS,6d,IL17RE,none,IL17RE_RASc,,georgilis_1_IL17RE_RASc,heterogeneous nuclear ribonucleoprotein A/B,Inhibits,Unclear,32264951,no_change
5797983,GSE122079,Limma,,IMR,,RAS_caspase_inhibitor,caspase,none,14.0,RAS_EV36hCI,RAS,7d,OIS,none,PRJNA503415,10.00%,KDM2B,IONpump,none,No,,-0.1627261,-2.142547,7.0,Lung,,,14.0,No,0.4667342,,,3,R,RAS,OIS,No,Illumina_HiSeq_2500,Single,Human,50,herranz_2,ER_RAS,7d,ouabain_caspase_inhibitor,none,RASouab36CI_RAS36CI,,herranz_2_RASouab36CI_RAS36CI,lysine demethylase 2B,Inhibits,Replicative,21757686,no_change
1555397,GSE122918,Limma,Affymetrix_HTA2_0,WI38,,RAS,RELA,none,,R72_siRELA1,RAS,3d,OIS,none,PRJNA506911,,PTTG1,RELA,none,No,,0.125,6.181875,6.0,Lung,,,,No,0.1617632,,,4,M,RAS,OIS,No,,,human,,bischof_2,ER:RASv12,6d,siRELA1,20uM,R144relA1_R72relA1,1,bischof_2_R144relA1_R72relA1,"PTTG1 regulator of sister chromatid separation, securin",Induces,Unclear,20452981,no_change
9761970,GSE74324,Limma,,IMR,,RASshp53,p53,none,,RASshp53,RAS,12d,OIS,none,PRJNA299683,10.00%,PTGS2,BRD4,none,No,,-4.205623,-3.309385e+24,12.0,Lung,,,,No,3.021709e-25,,,3,R,RAS,OIS,No,Illumina_HiSeq_2500,Single,Human,100,tasdemir,HRASG12V,12d,shBRD4,none,RASshBRD4_RASshp53,,tasdemir_RASshBRD4_RASshp53,prostaglandin-endoperoxide synthase 2,Induces,Replicative,28803844,downregulated
4442478,GSE101766,Limma,,IMR,,RAS,none,none,14.0,RAS_shC,RAS,6d,OIS,none,PRJNA395386,,TYK2,PTBP1,none,No,,-1.319528,-204.3988,6.0,Lung,,,14.0,No,0.004892397,,,3,R,RAS,OIS,No,Illumina_HiSeq_2500,Single,Human,50,georgilis_1,ER_RAS,6d,PTBP1,none,PTBP1_RASc,,georgilis_1_PTBP1_RASc,tyrosine kinase 2,Induces,Unclear,26583757,downregulated
10411381,GSE133292,Limma,,BJ,,Bleomycin,none,none,,Bleomycin28d,Bleomycin,28d,DDIS,none,PRJNA551006,10.00%,CASP2,p53,none,No,,1.133001,23847.46,28.0,Skin,,,,No,4.193318e-05,,40ugml_2hr,2,R,Bleomycin,DDIS,No,Illumina_HiSeq_2500,Paired,Human,250,wang_2,Bleomycin,28d,sgp53,none,Bshp53_B28d,,wang_2_Bshp53_B28d,caspase 2,Induces,Oncogene-induced,25114039,upregulated
4469277,GSE101766,Limma,,IMR,,RAS,none,none,14.0,RAS_shC,RAS,6d,OIS,none,PRJNA395386,,ATM,SHFM3,none,No,,-1.144366,-56.98501,6.0,Lung,,,14.0,No,0.01754848,,,3,R,RAS,OIS,No,Illumina_HiSeq_2500,Single,Human,50,georgilis_1,ER_RAS,6d,SHFM3,none,SHFM3_RASc,,georgilis_1_SHFM3_RASc,ATM serine/threonine kinase,Inhibits,Replicative,9312059,downregulated
5855851,GSE122079,Limma,,IMR,,RAS_digoxin,IONpump,none,14.0,RAS16h_dig,RAS,7d,OIS,none,PRJNA503415,10.00%,BIN1,IONpump,none,No,,-1.186392,-98023546.0,7.0,Lung,,,14.0,No,1.020163e-08,,,3,R,RAS,OIS,No,Illumina_HiSeq_2500,Single,Human,50,herranz_2,ER_RAS,7d,digoxin,none,RASdig36_RASdig16,,herranz_2_RASdig36_RASdig16,bridging integrator 1,Induces,Oncogene-induced,18267069,downregulated
533875,GSE40349,Limma,Affymetrix_U133A,IMR,,RAS,pRb,none,,RASshRB,RAS,7d,OIS,none,PRJNA173792,10%,CCND1,E2F7,none,No,,1.253965,6426.372,7.0,Lung,,,,No,0.0001556088,,,2,M,RAS,OIS,No,,,Human,,aksoy_1,ER:RasV12,7d,ShE2F7,none,SshE2F7_SshRB,1,aksoy_1_SshE2F7_SshRB,cyclin D1,Induces,Unclear,7698220,upregulated
9815314,GSE74324,Limma,,IMR,,RASshBRD4,BRD4,none,,RASshBRD4,RAS,12d,OIS,none,PRJNA299683,10.00%,ZNF217,RELA,none,No,,1.228193,249348700029.0,12.0,Lung,,,,No,4.010448e-12,,,3,R,RAS,OIS,No,Illumina_HiSeq_2500,Single,Human,100,tasdemir,HRASG12V,12d,shRELA,none,RASshRELA_RASshBRD4,,tasdemir_RASshRELA_RASshBRD4,zinc finger protein 217,Inhibits,Replicative,11245413,upregulated
5825460,GSE122079,Limma,,IMR,,RAS_ouabain,IONpump,none,14.0,RAS36h_ouab,RAS,7d,OIS,none,PRJNA503415,10.00%,PPM1D,IONpump,none,No,,-0.009824719,-1.058544,7.0,Lung,,,14.0,No,0.9446937,,,3,R,RAS,OIS,No,Illumina_HiSeq_2500,Single,Human,50,herranz_2,ER_RAS,7d,digoxin,none,RASdig36_RASouab36,,herranz_2_RASdig36_RASouab36,"protein phosphatase, Mg2+/Mn2+ dependent 1D",Inhibits,Unclear,19544416,no_change
17240651,GSE224070,Limma,,IMR,5%,DDIS,COPB2,none,,50ugmL_Bleomycin_24hr,Bleomycin,10d,DDIS,none,PRJNA929513,10%,HMGA1,COPB2,none,No,,1.0956503167192,23648.0622403881,10.0,Lung,,Yes,,No,4.22867628575554e-05,,100nM_4OHT,3,R,RAS,OIS,No,NextSeq_2000,Single,Human,71,McHugh_1,ER:RAS,10d,shCOPB2,1ugml_Doxycycline,Osh_Dsh,,McHugh_1_Osh_Dsh,high mobility group AT-hook 1,Induces,Oncogene-induced,16901784,upregulated
4238234,GSE101766,Limma,,IMR,,RAS,none,none,14.0,RAS_shC,RAS,6d,OIS,none,PRJNA395386,,ITPR3,HSPC182,none,No,,0.0,0.0,6.0,Lung,,,14.0,No,1.0,,,3,R,RAS,OIS,No,Illumina_HiSeq_2500,Single,Human,50,georgilis_1,ER_RAS,6d,HSPC182,none,HSPC182_RASc,,georgilis_1_HSPC182_RASc,"inositol 1,4,5-trisphosphate receptor type 3",Induces,Oncogene-induced,24797322,no_change
603442,GSE56293,Limma,,BJ,,REP,none,none,97.0,REP,REP,,REP,none,PRJNA243087,,SIK1,p38,none,No,,0.0,0.0,,Skin,,,97.0,No,1.0,,,2,R,REP,REP,No,Illumina_HiSeq_2000,Single,Human,50,alspach,REP,,SB203580,10uM_48h,REPSB_REP,,alspach_REPSB_REP,salt inducible kinase 1,Induces,Unclear,26583757,no_change
5866131,GSE122079,Limma,,IMR,,RAS_digoxin,IONpump,none,14.0,RAS16h_dig,RAS,7d,OIS,none,PRJNA503415,10.00%,USP1,IONpump,none,No,,2.494814,56035676047.0,7.0,Lung,,,14.0,No,1.784577e-11,,,3,R,RAS,OIS,No,Illumina_HiSeq_2500,Single,Human,50,herranz_2,ER_RAS,7d,digoxin,none,RASdig36_RASdig16,,herranz_2_RASdig36_RASdig16,ubiquitin specific peptidase 1,Inhibits,Oncogene-induced,27160904,upregulated
1608195,GSE122918,Limma,Affymetrix_HTA2_0,WI38,,RAS,ETS1,none,,R144_siETS1,RAS,6d,OIS,none,PRJNA506911,,VEGFA,JUN,none,No,,-1.3,-1.256001e+16,6.0,Lung,,,,No,7.961776000000001e-17,,,4,M,RAS,OIS,No,,,human,,bischof_2,ER:RASv12,6d,siJUN1,20uM,R144jun1_R144ets11,1,bischof_2_R144jun1_R144ets11,vascular endothelial growth factor A,Inhibits,Replicative,9160882,downregulated
8111967,GSE24810,Limma,Affymetrix_U133A,HMF3A,5%,OIS,none,none,,Inactive_SV40LT_EV,SV40,7d,OIS,none,PRJNA132307,0.25%,HELLS,p53,none,Yes,hTERT_SV40_LT,0.6920452,307518.4,7.0,Skin,20%,Yes,,No,3.251838e-06,,,3,M,SV40,OIS,No,,,Human,,parmjit_1,SV40_LT,7d,shp53,none,SSVp53sh_SSVev,1,parmjit_1_SSVp53sh_SSVev,"helicase, lymphoid specific",Inhibits,Replicative,19561196,no_change
8103505,GSE24810,Limma,Affymetrix_U133A,HMF3A,5%,OIS,none,none,,Inactive_SV40LT_EV,SV40,7d,OIS,none,PRJNA132307,0.25%,RAD21,E2F,none,Yes,hTERT_SV40_LT,1.103092,2752744000000000.0,7.0,Skin,20%,Yes,,No,3.632738e-16,,,3,M,SV40,OIS,No,,,Human,,parmjit_1,SV40_LT,7d,DB_DomNeg_E2F,none,SSVe2f_SSVev,1,parmjit_1_SSVe2f_SSVev,RAD21 cohesin complex component,Inhibits,Unclear,26529363,upregulated
522524,GSE40349,Limma,Affymetrix_U133A,IMR,,RAS,none,none,,RASshLuc,RAS,7d,OIS,none,PRJNA173792,10%,DHCR24,pRb_E2F7,none,No,,-0.8135665,-37.99143,7.0,Lung,,,,No,0.02632173,,,2,M,RAS,OIS,No,,,Human,,aksoy_1,ER:RasV12,7d,shpRb_shE2F7,none,SshRBE2F7_R,1,aksoy_1_SshRBE2F7_R,24-dehydrocholesterol reductase,Induces,Oncogene-induced,15577914,no_change
9804195,GSE74324,Limma,,IMR,,RASshBRD4,BRD4,none,,RASshBRD4,RAS,12d,OIS,none,PRJNA299683,10.00%,ATM,RELA,none,No,,1.181546,2701.051,12.0,Lung,,,,No,0.0003702262,,,3,R,RAS,OIS,No,Illumina_HiSeq_2500,Single,Human,100,tasdemir,HRASG12V,12d,shRELA,none,RASshRELA_RASshBRD4,,tasdemir_RASshRELA_RASshBRD4,ATM serine/threonine kinase,Inhibits,Replicative,9312059,upregulated
6886953,GSE108278,Limma,,IMR,,RAS,none,none,,RAS_shC,RAS,4d,OIS,none,PRJNA423028,,IL1A,IL1R,none,Yes,hTERT,-1.297265,-23.66036,4.0,Lung,,,,No,0.04226479,,,2,R,RAS,OIS,No,Illumina_HiSeq_2500,Paired,Human,51,lau,ERT2_RASG12V,4d,shIL1R,none,R4IL_R4,,lau_R4IL_R4,interleukin 1 alpha,Induces,Unclear,2218499,downregulated
24345731,GSE224071,Limma,,IMR,5%,OIS,none,none,,RAS_100nM4OHT,RAS,10d,OIS,none,PRJNA929514,10%,ARG2,none,none,No,,1.2067005040712,313.197947954343,10.0,Lung,,Yes,,No,0.0031928689396961,,100nM_4OHT_7days,3,R,RAS,OIS,No,NextSeq_2000,Single,Human,71,McHugh_2,RAS,10d,IMP1088,300nM,OIMP_O,,McHugh_2_OIMP_O,arginase 2,Induces,Unclear,23832324,upregulated
2607675,GSE134747,Limma,Illumina_HT12V4,BJ,,OIS,none,GR,,BRAF_48h_Clob_2h,RAF,2d,OIS,none,PRJNA556258,,RAD23B,none,GR,Yes,hTERT,-17.61595,-78.60345,3.0,Skin,,,,Yes,0.01272209,,1000ng_ml,4,M,RAF,OIS,No,,,human,,carvalho_1,BRAF_doxycycline,3d,clobetasol,2nM_2h,O72Clob2_O48Clob2,1,carvalho_1_O72Clob2_O48Clob2,"RAD23 homolog B, nucleotide excision repair protein",Inhibits,Unclear,24823364,downregulated
5785164,GSE122079,Limma,,IMR,,RAS,none,none,14.0,RAS_EV36h,RAS,7d,OIS,none,PRJNA503415,10.00%,HSPB1,IONpump,none,No,,-1.376187,-14078155613.0,7.0,Lung,,,14.0,No,7.103203e-11,,,3,R,RAS,OIS,No,Illumina_HiSeq_2500,Single,Human,50,herranz_2,ER_RAS,7d,ouabain,none,RASouab36_RAS36,,herranz_2_RASouab36_RAS36,heat shock protein family B (small) member 1,Inhibits,Stress-induced,18089808,downregulated
5780638,GSE122079,Limma,,IMR,,RAS,none,none,14.0,RAS_EV36h,RAS,7d,OIS,none,PRJNA503415,10.00%,ACLY,IONpump,none,No,,-1.68101,-3031499000000.0,7.0,Lung,,,14.0,No,3.298698e-13,,,3,R,RAS,OIS,No,Illumina_HiSeq_2500,Single,Human,50,herranz_2,ER_RAS,7d,ouabain,none,RASouab36_RAS36,,herranz_2_RASouab36_RAS36,ATP citrate lyase,Inhibits,Unclear,25367309,downregulated
531024,GSE40349,Limma,Affymetrix_U133A,IMR,,RAS,none,none,,RASshLuc,RAS,7d,OIS,none,PRJNA173792,10%,TXNIP,pRb_E2F7,none,No,,1.076388,1426.56,7.0,Lung,,,,No,0.0007009871,,,2,M,RAS,OIS,No,,,Human,,aksoy_1,ER:RasV12,7d,shpRb_shE2F7,none,SshRBE2F7_R,1,aksoy_1_SshRBE2F7_R,thioredoxin interacting protein,Induces,Replicative,20656682,upregulated
5890689,GSE122079,Limma,,IMR,,RAS_ouabain,IONpump,none,14.0,RAS16h_ouab,RAS,7d,OIS,none,PRJNA503415,10.00%,TXN,IONpump,none,No,,1.504331,133249746.0,7.0,Lung,,,14.0,No,7.504705e-09,,,3,R,RAS,OIS,No,Illumina_HiSeq_2500,Single,Human,50,herranz_2,ER_RAS,7d,ouabain,none,RASouab36_RASouab16,,herranz_2_RASouab36_RASouab16,thioredoxin,Inhibits,Unclear,20074557,upregulated
5731826,GSE122079,Limma,,IMR,,RAS,none,none,14.0,RAS_EV16h,RAS,6d,OIS,none,PRJNA503415,10.00%,ATG5,IONpump,none,No,,-1.140299,-24149085.0,6.0,Lung,,,14.0,No,4.140944e-08,,,3,R,RAS,OIS,No,Illumina_HiSeq_2500,Single,Human,50,herranz_2,ER_RAS,6d,digoxin,none,RASdig16_RAS16,,herranz_2_RASdig16_RAS16,autophagy related 5,Inhibits,Oncogene-induced,19279323,downregulated
5884235,GSE122079,Limma,,IMR,,RAS_ouabain,IONpump,none,14.0,RAS16h_ouab,RAS,7d,OIS,none,PRJNA503415,10.00%,ID1,IONpump,none,No,,-1.960277,-46995.51,7.0,Lung,,,14.0,No,2.127863e-05,,,3,R,RAS,OIS,No,Illumina_HiSeq_2500,Single,Human,50,herranz_2,ER_RAS,7d,ouabain,none,RASouab36_RASouab16,,herranz_2_RASouab36_RASouab16,"inhibitor of DNA binding 1, HLH protein",Inhibits,Replicative,12177246,downregulated
28422012,GSE196610,Limma,,MRC5,5%,DDIS,none,none,,IR_LentiCRISPR,IR,10d,DDIS,none,PRJNA806156,10.00%,ATG4D,BAK_BAX,none,No,,-0.013344073531032,-1.09833832118043,10.0,Lung,3%,,,No,0.910466275022854,,20Gy,3,R,IR,DDIS,No,Illumina_NovaSeq6000,Paired,Human,202,Victorelli,IR,10d,BAK_BAX_CRISPR,,DB_DE,,Victorelli_DB_DE,autophagy related 4D cysteine peptidase,Inhibits,Unclear,30352807,no_change
4361560,GSE101766,Limma,,IMR,,RAS,none,none,14.0,RAS_shC,RAS,6d,OIS,none,PRJNA395386,,HMGA1,MCFP,none,No,,0.3763061,56.18736,6.0,Lung,,,14.0,No,0.0177976,,,3,R,RAS,OIS,No,Illumina_HiSeq_2500,Single,Human,50,georgilis_1,ER_RAS,6d,MCFP,none,MCFP_RASc,,georgilis_1_MCFP_RASc,high mobility group AT-hook 1,Induces,Oncogene-induced,16901784,no_change
5863209,GSE122079,Limma,,IMR,,RAS_digoxin,IONpump,none,14.0,RAS16h_dig,RAS,7d,OIS,none,PRJNA503415,10.00%,RBM39,IONpump,none,No,,0.4710847,611338.4,7.0,Lung,,,14.0,No,1.635755e-06,,,3,R,RAS,OIS,No,Illumina_HiSeq_2500,Single,Human,50,herranz_2,ER_RAS,7d,digoxin,none,RASdig36_RASdig16,,herranz_2_RASdig36_RASdig16,RNA binding motif protein 39,Inhibits,Oncogene-induced,24876127,no_change
11382240,GSE200479,Limma,,BJ,5%,OIS,none,none,,AKT1,AKT1,14d,OIS,none,PRJNA824798,15%,KDM1A,NF1,none,Yes,hTERT,0.1913193,11.05464,14.0,Skin,,,,No,0.09045974,,,3,R,AKT,OIS,No,Illumina_NextSeq_500,Single,Human,75,Zhu,myristoylated_AKT1,14d,shNF1,none,OshNF1_O,,Zhu_OshNF1_O,lysine demethylase 1A,Inhibits,Oncogene-induced,29438700,no_change
3714897,GSE2487,Limma,Affymetrix_U133A,IMR,,OIS,none,SmallT,,MEK_ER_SmallT,MEK,3d,OIS,none,PRJNA91885,,CAVIN1,none,SmallT_E6_E7,Yes,hTERT,0.0,0.0,,Lung,,,,No,1.0,,,2,M,,,No,,,Human,,collado_1,,,SmallT_E6_E7,none,RstE67_Rst,1,collado_1_RstE67_Rst,caveolae associated protein 1,Induces,Unclear,21445100,no_change
16761381,GSE222676,Limma,,IMR,,DDIS,none,none,,Bleomycin_10ugml_24hr,Bleomycin,7d,DDIS,none,PRJNA923006,15%,DEK,ABCA1,none,Yes,hTERT,-1.18774566177996,-39.0874153859903,7.0,Lung,3%,,,No,0.0255836818608994,,10ugml_24hr,2,R,Bleomycin,DDIS,No,NovaSeq_6000,Paired,Human,202,Roh,Bleomycin_ABCA1KO,7d,ABCA1_CRISPR,none,DKO_D,Na,Roh_DKO_D,DEK proto-oncogene,Inhibits,Replicative,16254365,downregulated
4349754,GSE101766,Limma,,IMR,,RAS,none,none,14.0,RAS_shC,RAS,6d,OIS,none,PRJNA395386,,KDM1A,MAP3K6,none,No,,-0.8456931,-792.3875,6.0,Lung,,,14.0,No,0.001262009,,,3,R,RAS,OIS,No,Illumina_HiSeq_2500,Single,Human,50,georgilis_1,ER_RAS,6d,MAP3K6,none,MAP3K6_RASc,,georgilis_1_MAP3K6_RASc,lysine demethylase 1A,Inhibits,Oncogene-induced,29438700,no_change
9874428,GSE74324,Limma,,IMR,,RASshRELA,RELA,none,,RASshRELA,RAS,12d,OIS,none,PRJNA299683,10.00%,SERPINE1,p53,none,No,,-0.6428914,-5709989000000.0,12.0,Lung,,,,No,1.751317e-13,,,3,R,RAS,OIS,No,Illumina_HiSeq_2500,Single,Human,100,tasdemir,HRASG12V,12d,shp53,none,RASshp53_RASshRELA,,tasdemir_RASshp53_RASshRELA,serpin family E member 1,Induces,Replicative,16862142,no_change
9859775,GSE74324,Limma,,IMR,,RASshRELA,RELA,none,,RASshRELA,RAS,12d,OIS,none,PRJNA299683,10.00%,NUAK1,p53_pRb,none,No,,-0.2320889,-43.58114,12.0,Lung,,,,No,0.02294571,,,3,R,RAS,OIS,No,Illumina_HiSeq_2500,Single,Human,100,tasdemir,HRASG12V,12d,shp53pRb,none,RASshp53pRb_RASshRELA,,tasdemir_RASshp53pRb_RASshRELA,NUAK family kinase 1,Induces,Unclear,19927127,no_change
2748812,GSE134747,Limma,Illumina_HT12V4,BJ,,OIS,none,GR,,BRAF_24h_Clob_2h,RAF,1d,OIS,none,PRJNA556258,,ATXN10,none,GR,Yes,hTERT,33.92789,156475.2,3.0,Skin,,,,Yes,6.390789e-06,,1000ng_ml,4,M,RAF,OIS,No,,,human,,carvalho_1,BRAF_doxycycline,3d,clobetasol,2nM_2h,O72Clob2_O24Clob2,1,carvalho_1_O72Clob2_O24Clob2,ataxin 10,Induces,Unclear,21740549,upregulated
7583136,GSE64553,Limma,,HFF,,REP,none,none,74.0,REP,REP,,REP,none,PRJNA271291,,PPM1D,ComplexI,none,No,,0.09089219,1.193602,,Skin,,,74.0,No,0.8377999,,,3,R,,,No,Illumina_HiSeq_2000,Single,Human,50,marthadan_2,,,rotenone,0.1uM,H74R,,marthadan_2_H74R,"protein phosphatase, Mg2+/Mn2+ dependent 1D",Inhibits,Unclear,19544416,no_change
3982988,GSE151745,Limma,,WI38,,DDIS,none,none,,IR_10Gy,IR,8d,DDIS,none,PRJNA637079,,SMURF2,G3BP1,none,No,,-1.948501,-132.6523,8.0,Lung,,,,No,0.007538506,,10Gy,2,R,IR,DDIS,No,NextSeq_500,Single,Human,85,gallouzi,IR,8d,siG3BP1,none,IsiG3BP1_I,,gallouzi_IsiG3BP1_I,SMAD specific E3 ubiquitin protein ligase 2,Induces,Replicative,15574587,downregulated
10257285,GSE132369,Limma,,IMR,5.00%,IR_Parkin,none,Parkin,,IR_Parkin,IR,10d,DDIS,Parkin,PRJNA547764,10.00%,RAD51C,mitochondrial,Parkin,No,,1.226714,345077371.0,10.0,Lung,3.00%,Yes,,No,2.897901e-09,,20Gy,3,R,IR,DDIS,No,NextSeq_500,Paired,Human,71,vizioli,Xrays,10d,CCCP,48h12.5uMCCCP2daIR,ICP_IP,,vizioli_ICP_IP,RAD51 paralog C,Inhibits,Stress-induced,26820992,upregulated
93144410,GSE214409,Limma,,IMR,,OIS,none,none,,OIS_ctrlVector,RAS,7d,OIS,,PRJNA885153,10%,IL6,none,WSTF,No,,-2.88426577627745,-25043001.3753086,7.0,Lung,3%,,,No,3.99313159398681e-08,,,3,R,RAS,OIS,No,Illumina_HiSeq_2500,Single,Human,51,Dou,RAS_WSTFOE,7d,WSTF,none,OW_O,,Dou_OW_O,interleukin 6,Induces,Oncogene-induced,18555778,downregulated
207370,GSE103938,Limma,,IMR,,RAS,none,none,12.0,RAS10d,RAS,10d,OIS,none,PRJNA407729,,SIX1,mTOR,none,No,,2.35081668413562,284238.225469891,10.0,Lung,,,12.0,No,3.51817563716788e-06,,,3,R,OSKM,OSKM,No,Illumina_HiSeq_2500,Single,Human,50,aarts_1,OSKM,10d,rapamycin,10nM,OSKM10nMRap_R,,aarts_1_OSKM10nMRap_R,SIX homeobox 1,Inhibits,Oncogene-induced,26500063,upregulated
5830949,GSE122079,Limma,,IMR,,RAS_ouabain_caspase_inhibitor,iONpump_caspase,none,14.0,RAS36h_ouabCI,RAS,7d,OIS,none,PRJNA503415,10.00%,AURKB,IONpump,none,No,,0.005795086,1.01066,7.0,Lung,,,14.0,No,0.9894522,,,3,R,RAS,OIS,No,Illumina_HiSeq_2500,Single,Human,50,herranz_2,ER_RAS,7d,digoxin_caspase_inhibitor,none,RASdig36CI_RASouab36CI,,herranz_2_RASdig36CI_RASouab36CI,aurora kinase B,Inhibits,Unclear,22024481,no_change
9829652,GSE74324,Limma,,IMR,,RASshBRD4,BRD4,none,,RASshBRD4,RAS,12d,OIS,none,PRJNA299683,10.00%,CBX5,p53_pRb,none,No,,0.7919923,409637115186.0,12.0,Lung,,,,No,2.441185e-12,,,3,R,RAS,OIS,No,Illumina_HiSeq_2500,Single,Human,100,tasdemir,HRASG12V,12d,shp53pRb,none,RASshp53pRb_RASshBRD4,,tasdemir_RASshp53pRb_RASshBRD4,chromobox 5,Inhibits,Unclear,26160351,no_change
9842286,GSE74324,Limma,,IMR,,RASshRELA,RELA,none,,RASshRELA,RAS,12d,OIS,none,PRJNA299683,10.00%,CDKN2A,p16_p21,none,No,,-1.584206,-1.407881e+20,12.0,Lung,,,,No,7.102872e-21,,,3,R,RAS,OIS,No,Illumina_HiSeq_2500,Single,Human,100,tasdemir,HRASG12V,12d,shp16p21,none,RASshp16p21_RASshRELA,,tasdemir_RASshp16p21_RASshRELA,cyclin dependent kinase inhibitor 2A,Induces,Replicative,9607312,downregulated
3695287,GSE2487,Limma,Affymetrix_U133A,IMR,,OIS,none,none,,MEK_ER,MEK,3d,OIS,none,PRJNA91885,,NFE2L2,none,SmallT_E6_E7,Yes,hTERT,-1003.95,-5620.646,,Lung,,,,No,0.0001779155,,,2,M,,,No,,,Human,,collado_1,,,SmallT_E6_E7,none,RstE67_R,1,collado_1_RstE67_R,"nuclear factor, erythroid 2 like 2",Inhibits,Unclear,20068043,downregulated
4483879,GSE101766,Limma,,IMR,,RAS,none,none,14.0,RAS_shC,RAS,6d,OIS,none,PRJNA395386,,EIF2AK2,SKP1A,none,No,,1.159628,652038.2,6.0,Lung,,,14.0,No,1.533652e-06,,,3,R,RAS,OIS,No,Illumina_HiSeq_2500,Single,Human,50,georgilis_1,ER_RAS,6d,SKP1A,none,SKP1A_RASc,,georgilis_1_SKP1A_RASc,eukaryotic translation initiation factor 2 alpha kinase 2,Induces,Stress-induced,29906232,upregulated
17859012,GSE196610,Limma,,IMR,5%,DDIS,none,Parkin,,IR_ParkinYFP,IR,10d,DDIS,none,PRJNA806156,10.00%,MCAM,none,Parkin_mtDNA,No,,-1.0074136150933,-212397.042783793,10.0,Lung,3%,,,No,4.70816347955436e-06,,20Gy,3,R,IR,DDIS,No,Illumina_NovaSeq6000,Paired,Human,202,Victorelli,IR,10d,CCCP_mtDNA,12uM_15ug,DPCM_DP,,Victorelli_DPCM_DP,melanoma cell adhesion molecule,Inhibits,Replicative,26941359,downregulated
29010431,GSE224071,Limma,,IMR,5%,OIS,none,none,,RAS_100nM4OHT_3daysDDD86481,RAS,10d,OIS,none,PRJNA929514,10%,EP300,none,none,No,,-1.24944454565272,-208.947609187703,10.0,Lung,,Yes,,No,0.0047858886918475,,100nM_4OHT_7days,3,R,RAS,OIS,No,NextSeq_2000,Single,Human,71,McHugh_2,RAS,10d,IMP1088,300nM,OIMP_ODDD,,McHugh_2_OIMP_ODDD,E1A binding protein p300,Induces,Replicative,30773298,downregulated
11675678,GSE178115,Limma,Agilent,HDF,,REP,ROCK_ATM,none,,REP_8d,REP,8d,REP,none,PRJNA737497,10%,PIK3R5,none,none,No,,-7.833333,-207.318,8.0,Skin,,,,No,0.004823508,,,3,M,REP,REP,No,,,Human,,Yang,REP,8d,Y27632_KU60019,2.5uM_0.5uM,R8dCOMBOi_R8d,1,Yang_R8dCOMBOi_R8d,phosphoinositide-3-kinase regulatory subunit 5,Induces,Unclear,26583757,downregulated
5537920,GSE61130,Limma,,IMR,,RAS_Zwt,none,ZFP36L1,15.0,RAS_Zwt,RAS,7d,OIS,none,PRJNA260300,,ITPKB,none,ZFP36L1,No,,1.210307,3557449.0,7.0,Lung,,,15.0,No,2.811003e-07,,,3,R,RAS,OIS,No,Illumina_HiSeq_2500,Paired,Human,200,herranz_1,ER_RAS,7d,ZFP36L1mut,none,RASZmut_RASZwt,,herranz_1_RASZmut_RASZwt,inositol-trisphosphate 3-kinase B,Induces,Unclear,26583757,upregulated
4341891,GSE101766,Limma,,IMR,,RAS,none,none,14.0,RAS_shC,RAS,6d,OIS,none,PRJNA395386,,SMARCA4,LOC51136,none,No,,-1.14057,-482.8649,6.0,Lung,,,14.0,No,0.002070973,,,3,R,RAS,OIS,No,Illumina_HiSeq_2500,Single,Human,50,georgilis_1,ER_RAS,6d,LOC51136,none,LOC51136_RASc,,georgilis_1_LOC51136_RASc,"SWI/SNF related, matrix associated, actin dependent regulator of chromatin, subfamily a, member 4",Inhibits,Replicative,20697355,downregulated
4492707,GSE101766,Limma,,IMR,,RAS,none,none,14.0,RAS_shC,RAS,6d,OIS,none,PRJNA395386,,ZMPSTE24,SKP1A,none,No,,0.4612278,107.4232,6.0,Lung,,,14.0,No,0.009308973,,,3,R,RAS,OIS,No,Illumina_HiSeq_2500,Single,Human,50,georgilis_1,ER_RAS,6d,SKP1A,none,SKP1A_RASc,,georgilis_1_SKP1A_RASc,zinc metallopeptidase STE24,Inhibits,Replicative,24101728,no_change
10956508,GSE156648,Limma,,IMR,,OIS,none,none,,RAS,RAS,4d,OIS,none,PRJNA658579,10.00%,NOLC1,DOT1L,none,No,,-1.143889,-667888.2,4.0,Lung,2.00%,,,No,1.497257e-06,,,3,R,RAS,OIS,No,Illumina_NovaSeq6000,Paired,Human,150,leon,pBABEHRASG12V,4d,pLKO.1_shDOT1L,none,OKD_O,,leon_OKD_O,nucleolar and coiled-body phosphoprotein 1,Induces,Unclear,28493459,downregulated
11678863,GSE178115,Limma,Agilent,HDF,,REP,ROCK_ATM,none,,REP_8d,REP,8d,REP,none,PRJNA737497,10%,SMC1A,none,none,No,,-26.0,-72.48171,8.0,Skin,,,,No,0.01379658,,,3,M,REP,REP,No,,,Human,,Yang,REP,8d,Y27632_KU60019,2.5uM_0.5uM,R8dCOMBOi_R8d,1,Yang_R8dCOMBOi_R8d,structural maintenance of chromosomes 1A,Inhibits,Unclear,27731420,downregulated
8373166,GSE24810,Limma,Affymetrix_U133A,HMF3A,5%,OISshp53,p53,none,,Active_SV40LT_shp53,SV40,7d,OIS,none,PRJNA132307,0.25%,MAD2L1,laminA,none,Yes,hTERT_SV40_LT,-1.802653,-6515270000000000.0,7.0,Skin,20%,Yes,,No,1.534856e-16,,,3,M,SV40,OIS,No,,,Human,,parmjit_1,SV40_LT,7d,shLaminA,none,SSVLA_SSVp53sh,1,parmjit_1_SSVLA_SSVp53sh,mitotic arrest deficient 2 like 1,Inhibits,Unclear,22170163,downregulated
10275250,GSE140961,Limma,,Tig3,,Dox,none,none,,Dox10d,Dox,,DDIS,none,PRJNA591563,,CBS,BRD4,none,No,,-2.174055,-146.9363,12.0,Lung,,Yes,,No,0.006805671,,250ng/ml10d,3,R,Doxorubicin,DDIS,No,Illumina_HiSeq_2500,Single,Human,75,wakita,Dox,12d,ARV825,10nM_2d,DA_D,,wakita_DA_D,cystathionine beta-synthase,Inhibits,Replicative,23117410,downregulated
3683339,GSE2487,Limma,Affymetrix_U133A,IMR,,OIS,none,none,,MEK_ER,MEK,3d,OIS,none,PRJNA91885,,P3H1,none,E6_E7,Yes,hTERT,-389.3,-35.3164,,Lung,,,,No,0.02831546,,,2,M,,,No,,,Human,,collado_1,,,E6_E7,none,RE67_R,1,collado_1_RE67_R,prolyl 3-hydroxylase 1,Inhibits,Replicative,26206181,downregulated
10870972,GSE189789,Limma,,WI38,5%,DDIS,none,none,,Doxorubicin_1uM_12hrs,Dox,2.5d,DDIS,none,PRJNA784535,10%,TP53BP1,none,none,No,,0.1994615,9.585393,2.5,Lung,,,,Yes,0.1043254,,1uM_12hrs,3,R,Doxorubicin,DDIS,No,Illumina_HiSeq_2000,Paired,Human,150,An,Doxorubicin,2.5d,Oridonin,2uM_48hr,Doridonin_D,,An_Doridonin_D,tumor protein p53 binding protein 1,Induces,Unclear,27371829,no_change
5365334,GSE127116,Limma,,IMR,,RAS_siLTR10,LTR10,none,,RASd8_siLTR10,RAS,8d,OIS,none,PRJNA524181,10.00%,MAGOHB,LTR10,none,No,,-1.080275,-128057.9,8.0,Lung,,,,No,7.808965e-06,,,3,R,RAS,OIS,No,IonXpress,Single,Human,110,hari,ER:RAS,8d,siLTR10,none,R8siLTR10_R5siLTR10,,hari_R8siLTR10_R5siLTR10,"mago homolog B, exon junction complex subunit",Inhibits,Replicative,26206181,downregulated
8078757,GSE24810,Limma,Affymetrix_U133A,HMF3A,5%,OIS,none,none,,Inactive_SV40LT_EV,SV40,7d,OIS,none,PRJNA132307,0.25%,RAD51C,none,E1A,Yes,hTERT_SV40_LT,1.830282,3.564511e+25,7.0,Skin,20%,Yes,,No,2.8054339999999997e-26,,,3,M,,,No,,,Human,,parmjit_1,,7d,Ad5_E1A_12S,none,ISVe1a_SSVev,1,parmjit_1_ISVe1a_SSVev,RAD51 paralog C,Inhibits,Stress-induced,26820992,upregulated
5208362,GSE98216,Limma,Affymetrix_HuGene2,IMR,,E7,none,none,,E7STAT5A,E7_STAT5A,8d,OIS,none,PRJNA384317,10.00%,SMC1A,none,none,No,,0.06143,1.671641,8.0,Lung,,1.00%,,No,0.5982146,,,3,M,E7_STAT5A,OIS,No,,,Human,,germain_1,E7_STAT5A,8d,shSOCS1,none,EshSOCS1_E,1,germain_1_EshSOCS1_E,structural maintenance of chromosomes 1A,Inhibits,Unclear,27731420,no_change
3791861,GSE76125,Limma,,MRC,5.00%,IR,none,none,,I10,IR,10d,DDIS,Parkin,PRJNA306369,10.00%,GRK6,mitochondrial,Parkin,No,,-1.041358,-1095040.0,10.0,Lung,,Yes,,No,9.132088e-07,,20Gy,3,R,IR,DDIS,No,NextSeq_500,Paired,Human,70,correia_melo,X_rays,10d,CCCP,12.5uM_4d,I10CCCP_I10,,correia_melo_I10CCCP_I10,G protein-coupled receptor kinase 6,Induces,Unclear,26583757,downregulated
24671531,GSE224071,Limma,,IMR,5%,OIS,none,none,,RAS_100nM4OHT,RAS,10d,OIS,none,PRJNA929514,10%,CKB,none,none,No,,1.03829577006481,233422.329115018,10.0,Lung,,Yes,,No,4.28408029253813e-06,,100nM_4OHT_7days,3,R,RAS,OIS,No,NextSeq_2000,Single,Human,71,McHugh_2,RAS,10d,IMP1088,300nM,OIMP_O,,McHugh_2_OIMP_O,creatine kinase B,Induces,Unclear,26583757,upregulated
95344,GSE103938,Limma,,IMR,,RAS,none,none,12.0,RAS10d,RAS,10d,OIS,none,PRJNA407729,,ROMO1,mTOR,none,No,,1.51455500620307,24.2319536360639,10.0,Lung,,,12.0,No,0.0412678240895823,,,3,R,RAS,OIS,No,Illumina_HiSeq_2500,Single,Human,50,aarts_1,RAS,10d,rapamycin,10nM,R10nMRap_R,,aarts_1_R10nMRap_R,reactive oxygen species modulator 1,Induces,Replicative,18836179,upregulated
209643,GSE103938,Limma,,IMR,,RAS,none,none,12.0,RAS10d,RAS,10d,OIS,none,PRJNA407729,,WIPI1,mTOR,none,No,,-1.33713245490387,-1604.10308230132,10.0,Lung,,,12.0,No,0.0006234013331396,,,3,R,OSKM,OSKM,No,Illumina_HiSeq_2500,Single,Human,50,aarts_1,OSKM,10d,rapamycin,10nM,OSKM10nMRap_R,,aarts_1_OSKM10nMRap_R,"WD repeat domain, phosphoinositide interacting 1",Inhibits,Unclear,30352807,downregulated
3540972,GSE19864,Limma,Affymetrix_U133A,IMR,,RAS,none,none,,RAS,RAS,7d,OIS,none,PRJNA124029,10.0%,ATP6V0C,pRb,none,No,,-0.7708771,-201.0177,7.0,Lung,,,,No,0.004974686,,,2,M,RAS,OIS,No,,,Human,,chicas_1,H-rasV12,7d,shpRb,none,RshRB_R,1,chicas_1_RshRB_R,ATPase H+ transporting V0 subunit c,Inhibits,Unclear,30352807,no_change
5769010,GSE122079,Limma,,IMR,,RAS,none,none,14.0,RAS_EV16h,RAS,6d,OIS,none,PRJNA503415,10.00%,ATP6V0A2,IONpump,none,No,,-1.155743,-4073.322,6.0,Lung,,,14.0,No,0.0002454999,,,3,R,RAS,OIS,No,Illumina_HiSeq_2500,Single,Human,50,herranz_2,ER_RAS,6d,ouabain,none,RASouab16_RAS16,,herranz_2_RASouab16_RAS16,ATPase H+ transporting V0 subunit a2,Inhibits,Unclear,26611489,downregulated
11649040,GSE178115,Limma,Agilent,HDF,,REP,ATM,none,,REP_8d,REP,8d,REP,none,PRJNA737497,10%,ING2,none,none,No,,-209.3333,-348.1833,8.0,Skin,,,,No,0.002872051,,,3,M,REP,REP,No,,,Human,,Yang,REP,8d,KU60019,0.5uM,R8dATMi_R8d,1,Yang_R8dATMi_R8d,inhibitor of growth family member 2,Induces,Replicative,16024799,downregulated
2743973,GSE134747,Limma,Illumina_HT12V4,BJ,,OIS,none,GR,,BRAF_24h_Clob_2h,RAF,1d,OIS,none,PRJNA556258,,RBPJ,none,GR,Yes,hTERT,158.3435,32249538536.0,2.0,Skin,,,,Yes,3.10082e-11,,1000ng_ml,4,M,RAF,OIS,No,,,human,,carvalho_1,BRAF_doxycycline,2d,clobetasol,2nM_2h,O48Clob2_O24Clob2,1,carvalho_1_O48Clob2_O24Clob2,recombination signal binding protein for immunoglobulin kappa J region,Induces,Oncogene-induced,24931169,upregulated
